-- --------------------------------------------------------
-- Host:                         127.0.0.1
-- Server version:               8.0.30 - MySQL Community Server - GPL
-- Server OS:                    Win64
-- HeidiSQL Version:             12.1.0.6537
-- --------------------------------------------------------

/*!40101 SET @OLD_CHARACTER_SET_CLIENT=@@CHARACTER_SET_CLIENT */;
/*!40101 SET NAMES utf8 */;
/*!50503 SET NAMES utf8mb4 */;
/*!40103 SET @OLD_TIME_ZONE=@@TIME_ZONE */;
/*!40103 SET TIME_ZONE='+00:00' */;
/*!40014 SET @OLD_FOREIGN_KEY_CHECKS=@@FOREIGN_KEY_CHECKS, FOREIGN_KEY_CHECKS=0 */;
/*!40101 SET @OLD_SQL_MODE=@@SQL_MODE, SQL_MODE='NO_AUTO_VALUE_ON_ZERO' */;
/*!40111 SET @OLD_SQL_NOTES=@@SQL_NOTES, SQL_NOTES=0 */;


-- Dumping database structure for e-connect_db
CREATE DATABASE IF NOT EXISTS `e-connect_db` /*!40100 DEFAULT CHARACTER SET utf8mb4 COLLATE utf8mb4_unicode_ci */ /*!80016 DEFAULT ENCRYPTION='N' */;
USE `e-connect_db`;

-- Dumping structure for view e-connect_db.active_trucks
-- Creating temporary table to overcome VIEW dependency errors
CREATE TABLE `active_trucks` (
	`id` INT(10) NOT NULL,
	`license_plate` VARCHAR(50) NULL COLLATE 'utf8mb4_unicode_ci',
	`driver_name` VARCHAR(100) NULL COLLATE 'utf8mb4_unicode_ci',
	`destination` VARCHAR(255) NOT NULL COLLATE 'utf8mb4_unicode_ci',
	`status` ENUM('scheduled','checked_in','loading','loaded','checked_out','cancelled') NOT NULL COLLATE 'utf8mb4_unicode_ci',
	`priority` ENUM('low','normal','high','urgent') NOT NULL COLLATE 'utf8mb4_unicode_ci',
	`scheduled_time` DATETIME NOT NULL,
	`check_in_time` DATETIME NULL,
	`dock_number` VARCHAR(20) NULL COLLATE 'utf8mb4_unicode_ci',
	`cargo_type` VARCHAR(100) NULL COLLATE 'utf8mb4_unicode_ci',
	`cargo_weight` DECIMAL(10,2) NULL,
	`current_duration` BIGINT(19) NULL,
	`notes` TEXT NULL COLLATE 'utf8mb4_unicode_ci',
	`special_instructions` TEXT NULL COLLATE 'utf8mb4_unicode_ci',
	`created_by_name` VARCHAR(100) NULL COLLATE 'utf8mb4_unicode_ci'
) ENGINE=MyISAM;

-- Dumping structure for table e-connect_db.activity_logs
CREATE TABLE IF NOT EXISTS `activity_logs` (
  `id` int NOT NULL AUTO_INCREMENT,
  `user_id` int DEFAULT NULL,
  `action` varchar(50) CHARACTER SET utf8mb4 COLLATE utf8mb4_unicode_ci NOT NULL,
  `table_name` varchar(50) CHARACTER SET utf8mb4 COLLATE utf8mb4_unicode_ci NOT NULL,
  `record_id` int DEFAULT NULL,
  `old_values` text CHARACTER SET utf8mb4 COLLATE utf8mb4_unicode_ci COMMENT 'JSON format old values',
  `new_values` text CHARACTER SET utf8mb4 COLLATE utf8mb4_unicode_ci COMMENT 'JSON format new values',
  `ip_address` varchar(45) CHARACTER SET utf8mb4 COLLATE utf8mb4_unicode_ci DEFAULT NULL,
  `user_agent` text CHARACTER SET utf8mb4 COLLATE utf8mb4_unicode_ci,
  `description` text CHARACTER SET utf8mb4 COLLATE utf8mb4_unicode_ci,
  `created_at` timestamp NULL DEFAULT CURRENT_TIMESTAMP,
  PRIMARY KEY (`id`),
  KEY `idx_user_id` (`user_id`),
  KEY `idx_action` (`action`),
  KEY `idx_table_name` (`table_name`),
  KEY `idx_record_id` (`record_id`),
  KEY `idx_created_at` (`created_at`),
  CONSTRAINT `activity_logs_ibfk_1` FOREIGN KEY (`user_id`) REFERENCES `users` (`id`) ON DELETE SET NULL
) ENGINE=InnoDB DEFAULT CHARSET=utf8mb4 COLLATE=utf8mb4_unicode_ci;

-- Dumping data for table e-connect_db.activity_logs: ~4 rows (approximately)
DELETE FROM `activity_logs`;
INSERT INTO `activity_logs` (`id`, `user_id`, `action`, `table_name`, `record_id`, `old_values`, `new_values`, `ip_address`, `user_agent`, `description`, `created_at`) VALUES
	(1, 19, 'UPDATE', 'attendance_shifts', 24, '{"shift_id":24,"shift_code":"3SSN","shift_name":"Shift3","start_time":"17:50:00","end_time":"23:00:00","work_days":["Saturday"],"breaks":[],"break_start":"00:00:00","break_end":"00:00:00","created_at":"2026-02-18 12:56:42","updated_at":"2026-02-18 12:56:42","deleted_at":null,"is_deleted":null}', '{"shift_code":"3SSN","shift_name":"Shift3-Sabtu","start_time":"17:50:00","end_time":"23:00:00","break_start":"00:00:00","break_end":"00:00:00","work_days":["Saturday"],"breaks":[]}', '::1', 'Mozilla/5.0 (Windows NT 10.0; Win64; x64) AppleWebKit/537.36 (KHTML, like Gecko) Chrome/145.0.0.0 Safari/537.36 Edg/145.0.0.0', 'Updated shift: Shift3-Sabtu', '2026-02-18 06:05:35'),
	(2, 19, 'UPDATE', 'attendance_shifts', 23, '{"shift_id":23,"shift_code":"2SSN","shift_name":"Shift2","start_time":"12:40:00","end_time":"17:50:00","work_days":["Saturday"],"breaks":[],"break_start":"00:00:00","break_end":"00:00:00","created_at":"2026-02-18 12:56:18","updated_at":"2026-02-18 12:56:18","deleted_at":null,"is_deleted":null}', '{"shift_code":"2SSN","shift_name":"Shift2-Sabtu","start_time":"12:40:00","end_time":"17:50:00","break_start":"00:00:00","break_end":"00:00:00","work_days":["Saturday"],"breaks":[]}', '::1', 'Mozilla/5.0 (Windows NT 10.0; Win64; x64) AppleWebKit/537.36 (KHTML, like Gecko) Chrome/145.0.0.0 Safari/537.36 Edg/145.0.0.0', 'Updated shift: Shift2-Sabtu', '2026-02-18 06:05:44'),
	(3, 19, 'UPDATE', 'attendance_shifts', 22, '{"shift_id":22,"shift_code":"1SSN","shift_name":"Shift1","start_time":"07:30:00","end_time":"12:40:00","work_days":["Saturday"],"breaks":[],"break_start":"00:00:00","break_end":"00:00:00","created_at":"2026-02-18 12:55:41","updated_at":"2026-02-18 12:55:41","deleted_at":null,"is_deleted":null}', '{"shift_code":"1SSN","shift_name":"Shift1-Sabtu","start_time":"07:30:00","end_time":"12:40:00","break_start":"00:00:00","break_end":"00:00:00","work_days":["Saturday"],"breaks":[]}', '::1', 'Mozilla/5.0 (Windows NT 10.0; Win64; x64) AppleWebKit/537.36 (KHTML, like Gecko) Chrome/145.0.0.0 Safari/537.36 Edg/145.0.0.0', 'Updated shift: Shift1-Sabtu', '2026-02-18 06:05:48'),
	(4, 19, 'UPDATE', 'attendance_shifts', 21, '{"shift_id":21,"shift_code":"1PQBN","shift_name":"Shift1","start_time":"09:30:00","end_time":"15:00:00","work_days":["Saturday"],"breaks":[],"break_start":"00:00:00","break_end":"00:00:00","created_at":"2026-02-18 12:54:50","updated_at":"2026-02-18 12:54:50","deleted_at":null,"is_deleted":null}', '{"shift_code":"1PQBN","shift_name":"Shift1-Sabtu","start_time":"09:30:00","end_time":"15:00:00","break_start":"00:00:00","break_end":"00:00:00","work_days":["Saturday"],"breaks":[]}', '::1', 'Mozilla/5.0 (Windows NT 10.0; Win64; x64) AppleWebKit/537.36 (KHTML, like Gecko) Chrome/145.0.0.0 Safari/537.36 Edg/145.0.0.0', 'Updated shift: Shift1-Sabtu', '2026-02-18 06:05:52'),
	(5, 19, 'UPDATE', 'attendance_shifts', 20, '{"shift_id":20,"shift_code":"3ZC","shift_name":"Shift3","start_time":"23:30:00","end_time":"07:30:00","work_days":["Friday"],"breaks":[],"break_start":"00:00:00","break_end":"00:00:00","created_at":"2026-02-18 12:54:16","updated_at":"2026-02-18 12:54:16","deleted_at":null,"is_deleted":null}', '{"shift_code":"3ZC","shift_name":"Shift3-Jumat","start_time":"23:30:00","end_time":"07:30:00","break_start":"00:00:00","break_end":"00:00:00","work_days":["Friday"],"breaks":[]}', '::1', 'Mozilla/5.0 (Windows NT 10.0; Win64; x64) AppleWebKit/537.36 (KHTML, like Gecko) Chrome/145.0.0.0 Safari/537.36 Edg/145.0.0.0', 'Updated shift: Shift3-Jumat', '2026-02-18 06:06:00'),
	(6, 19, 'UPDATE', 'attendance_shifts', 19, '{"shift_id":19,"shift_code":"3ZZ","shift_name":"Shift3","start_time":"22:30:00","end_time":"06:30:00","work_days":["Friday"],"breaks":[],"break_start":"00:00:00","break_end":"00:00:00","created_at":"2026-02-18 12:53:44","updated_at":"2026-02-18 12:53:44","deleted_at":null,"is_deleted":null}', '{"shift_code":"3ZZ","shift_name":"Shift3-Jumat","start_time":"22:30:00","end_time":"06:30:00","break_start":"00:00:00","break_end":"00:00:00","work_days":["Friday"],"breaks":[]}', '::1', 'Mozilla/5.0 (Windows NT 10.0; Win64; x64) AppleWebKit/537.36 (KHTML, like Gecko) Chrome/145.0.0.0 Safari/537.36 Edg/145.0.0.0', 'Updated shift: Shift3-Jumat', '2026-02-18 06:06:04'),
	(7, 19, 'UPDATE', 'attendance_shifts', 18, '{"shift_id":18,"shift_code":"2ZB","shift_name":"Shift2","start_time":"15:30:00","end_time":"23:30:00","work_days":["Friday"],"breaks":[],"break_start":"00:00:00","break_end":"00:00:00","created_at":"2026-02-18 12:53:09","updated_at":"2026-02-18 12:53:09","deleted_at":null,"is_deleted":null}', '{"shift_code":"2ZB","shift_name":"Shift2-Jumat","start_time":"15:30:00","end_time":"23:30:00","break_start":"00:00:00","break_end":"00:00:00","work_days":["Friday"],"breaks":[]}', '::1', 'Mozilla/5.0 (Windows NT 10.0; Win64; x64) AppleWebKit/537.36 (KHTML, like Gecko) Chrome/145.0.0.0 Safari/537.36 Edg/145.0.0.0', 'Updated shift: Shift2-Jumat', '2026-02-18 06:06:08'),
	(8, 19, 'UPDATE', 'attendance_shifts', 14, '{"shift_id":14,"shift_code":"1ZAB","shift_name":"Shift1","start_time":"07:30:00","end_time":"16:00:00","work_days":["Friday"],"breaks":[],"break_start":"00:00:00","break_end":"00:00:00","created_at":"2026-02-18 12:33:30","updated_at":"2026-02-18 12:33:30","deleted_at":null,"is_deleted":null}', '{"shift_code":"1ZAB","shift_name":"Shift1-Jumat","start_time":"07:30:00","end_time":"16:00:00","break_start":"00:00:00","break_end":"00:00:00","work_days":["Friday"],"breaks":[]}', '::1', 'Mozilla/5.0 (Windows NT 10.0; Win64; x64) AppleWebKit/537.36 (KHTML, like Gecko) Chrome/145.0.0.0 Safari/537.36 Edg/145.0.0.0', 'Updated shift: Shift1-Jumat', '2026-02-18 06:06:11'),
	(9, 19, 'UPDATE', 'attendance_shifts', 13, '{"shift_id":13,"shift_code":"1PQB","shift_name":"Shift1","start_time":"09:30:00","end_time":"18:00:00","work_days":["Friday"],"breaks":[],"break_start":"00:00:00","break_end":"00:00:00","created_at":"2026-02-18 12:32:55","updated_at":"2026-02-18 12:32:55","deleted_at":null,"is_deleted":null}', '{"shift_code":"1PQB","shift_name":"Shift1-Jumat","start_time":"09:30:00","end_time":"18:00:00","break_start":"00:00:00","break_end":"00:00:00","work_days":["Friday"],"breaks":[]}', '::1', 'Mozilla/5.0 (Windows NT 10.0; Win64; x64) AppleWebKit/537.36 (KHTML, like Gecko) Chrome/145.0.0.0 Safari/537.36 Edg/145.0.0.0', 'Updated shift: Shift1-Jumat', '2026-02-18 06:06:15'),
	(10, 19, 'UPDATE', 'attendance_shifts', 12, '{"shift_id":12,"shift_code":"1PRB","shift_name":"Shift1","start_time":"09:30:00","end_time":"19:00:00","work_days":["Friday"],"breaks":[],"break_start":"00:00:00","break_end":"00:00:00","created_at":"2026-02-18 12:32:22","updated_at":"2026-02-18 12:32:22","deleted_at":null,"is_deleted":null}', '{"shift_code":"1PRB","shift_name":"Shift1-Jumat","start_time":"09:30:00","end_time":"19:00:00","break_start":"00:00:00","break_end":"00:00:00","work_days":["Friday"],"breaks":[]}', '::1', 'Mozilla/5.0 (Windows NT 10.0; Win64; x64) AppleWebKit/537.36 (KHTML, like Gecko) Chrome/145.0.0.0 Safari/537.36 Edg/145.0.0.0', 'Updated shift: Shift1-Jumat', '2026-02-18 06:06:18'),
	(11, 19, 'UPDATE', 'attendance_shifts', 11, '{"shift_id":11,"shift_code":"1AB","shift_name":"Shift1","start_time":"07:30:00","end_time":"17:00:00","work_days":["Friday"],"breaks":[],"break_start":"00:00:00","break_end":"00:00:00","created_at":"2026-02-18 12:31:44","updated_at":"2026-02-18 12:31:44","deleted_at":null,"is_deleted":null}', '{"shift_code":"1AB","shift_name":"Shift1-Jumat","start_time":"07:30:00","end_time":"17:00:00","break_start":"00:00:00","break_end":"00:00:00","work_days":["Friday"],"breaks":[]}', '::1', 'Mozilla/5.0 (Windows NT 10.0; Win64; x64) AppleWebKit/537.36 (KHTML, like Gecko) Chrome/145.0.0.0 Safari/537.36 Edg/145.0.0.0', 'Updated shift: Shift1-Jumat', '2026-02-18 06:06:24'),
	(12, 19, 'CREATE', 'attendance_employee_shift', 1, NULL, '{"target_type":"user","target_value":"19","rule_type":"shift","shift_ids":[4,11],"start_date":"2026-02-18","end_date":"","shift_id":"4,11"}', '::1', 'Mozilla/5.0 (Windows NT 10.0; Win64; x64) AppleWebKit/537.36 (KHTML, like Gecko) Chrome/145.0.0.0 Safari/537.36 Edg/145.0.0.0', 'Assigned shift shifts 4,11 to user: 19', '2026-02-18 06:12:58'),
	(13, 19, 'LOGOUT', 'users', 19, NULL, '{"username":"unknown","action":"LOGOUT","timestamp":"2026-02-18T06:44:37.940Z"}', '::1', 'Mozilla/5.0 (Windows NT 10.0; Win64; x64) AppleWebKit/537.36 (KHTML, like Gecko) Chrome/145.0.0.0 Safari/537.36 Edg/145.0.0.0', 'LOGOUT by unknown', '2026-02-18 06:44:37'),
	(14, 19, 'LOGIN', 'users', 19, NULL, '{"username":"2019149","action":"LOGIN","timestamp":"2026-02-18T07:33:06.579Z"}', '::1', 'Mozilla/5.0 (Windows NT 10.0; Win64; x64) AppleWebKit/537.36 (KHTML, like Gecko) Chrome/145.0.0.0 Safari/537.36 Edg/145.0.0.0', 'LOGIN by 2019149', '2026-02-18 07:33:06'),
	(15, 19, 'CREATE', 'attendance_employee_shift', 1, NULL, '{"target_type":"user","target_value":"287","rule_type":"shift","shift_ids":[4,11],"start_date":"2026-02-18","end_date":"","shift_id":"4,11"}', '::1', 'Mozilla/5.0 (Windows NT 10.0; Win64; x64) AppleWebKit/537.36 (KHTML, like Gecko) Chrome/145.0.0.0 Safari/537.36 Edg/145.0.0.0', 'Assigned shift shifts 4,11 to user: 287', '2026-02-18 07:54:27'),
	(16, 19, 'CREATE', 'attendance_employee_shift', 2, NULL, '{"target_type":"department","target_value":"17","rule_type":"shift","shift_ids":[4,11],"start_date":"2026-02-18","end_date":"","shift_id":"4,11"}', '::1', 'Mozilla/5.0 (Windows NT 10.0; Win64; x64) AppleWebKit/537.36 (KHTML, like Gecko) Chrome/145.0.0.0 Safari/537.36 Edg/145.0.0.0', 'Assigned shift shifts 4,11 to department: 17', '2026-02-18 07:55:57'),
	(17, 19, 'CREATE', 'attendance_employee_shift', 3, NULL, '{"target_type":"user","target_value":"76,91,63","rule_type":"shift","shift_ids":[4,12],"start_date":"2026-02-18","end_date":"","shift_id":"4,12"}', '::1', 'Mozilla/5.0 (Windows NT 10.0; Win64; x64) AppleWebKit/537.36 (KHTML, like Gecko) Chrome/145.0.0.0 Safari/537.36 Edg/145.0.0.0', 'Assigned shift shifts 4,12 to user: 76,91,63', '2026-02-18 07:57:53'),
	(18, 19, 'LOGOUT', 'users', 19, NULL, '{"username":"unknown","action":"LOGOUT","timestamp":"2026-02-18T08:08:29.095Z"}', '::1', 'Mozilla/5.0 (Windows NT 10.0; Win64; x64) AppleWebKit/537.36 (KHTML, like Gecko) Chrome/145.0.0.0 Safari/537.36 Edg/145.0.0.0', 'LOGOUT by unknown', '2026-02-18 08:08:29'),
	(19, 19, 'LOGIN', 'users', 19, NULL, '{"username":"2019149","action":"LOGIN","timestamp":"2026-02-18T08:20:36.628Z"}', '::1', 'Mozilla/5.0 (Windows NT 10.0; Win64; x64) AppleWebKit/537.36 (KHTML, like Gecko) Chrome/145.0.0.0 Safari/537.36 Edg/145.0.0.0', 'LOGIN by 2019149', '2026-02-18 08:20:36'),
	(20, 19, 'CREATE', 'attendance_employee_shift', 1, NULL, '{"target_type":"department","target_value":"17","rule_type":"shift","shift_ids":[4,11],"start_date":"2026-02-18","end_date":"","shift_id":"4,11"}', '::1', 'Mozilla/5.0 (Windows NT 10.0; Win64; x64) AppleWebKit/537.36 (KHTML, like Gecko) Chrome/145.0.0.0 Safari/537.36 Edg/145.0.0.0', 'Assigned shift shifts 4,11 to department: 17', '2026-02-18 08:38:51'),
	(21, 19, 'CREATE', 'attendance_employee_shift', 1, NULL, '{"target_type":"department","target_value":"17","rule_type":"shift","shift_ids":[4,11],"start_date":"2026-02-18","end_date":"","shift_id":"4,11"}', '::1', 'Mozilla/5.0 (Windows NT 10.0; Win64; x64) AppleWebKit/537.36 (KHTML, like Gecko) Chrome/145.0.0.0 Safari/537.36 Edg/145.0.0.0', 'Assigned shift shifts 4,11 to department: 17', '2026-02-18 08:41:13'),
	(22, 19, 'CREATE', 'attendance_employee_shift', 1, NULL, '{"target_type":"department","target_value":"17","rule_type":"shift","shift_ids":[5,11],"start_date":"2026-02-18","end_date":"","shift_id":"5,11"}', '::1', 'Mozilla/5.0 (Windows NT 10.0; Win64; x64) AppleWebKit/537.36 (KHTML, like Gecko) Chrome/145.0.0.0 Safari/537.36 Edg/145.0.0.0', 'Assigned shift shifts 5,11 to department: 17', '2026-02-18 08:50:42'),
	(23, 19, 'CREATE', 'attendance_employee_shift', 2, NULL, '{"target_type":"branch","target_value":"2","rule_type":"shift","shift_ids":[4,11],"start_date":"2026-02-18","end_date":"","shift_id":"4,11"}', '::1', 'Mozilla/5.0 (Windows NT 10.0; Win64; x64) AppleWebKit/537.36 (KHTML, like Gecko) Chrome/145.0.0.0 Safari/537.36 Edg/145.0.0.0', 'Assigned shift shifts 4,11 to branch: 2', '2026-02-18 08:51:15'),
	(24, 19, 'LOGOUT', 'users', 19, NULL, '{"username":"unknown","action":"LOGOUT","timestamp":"2026-02-18T09:02:42.917Z"}', '::1', 'Mozilla/5.0 (Windows NT 10.0; Win64; x64) AppleWebKit/537.36 (KHTML, like Gecko) Chrome/145.0.0.0 Safari/537.36 Edg/145.0.0.0', 'LOGOUT by unknown', '2026-02-18 09:02:42'),
	(25, 19, 'LOGIN', 'users', 19, NULL, '{"username":"2019149","action":"LOGIN","timestamp":"2026-02-18T09:10:57.153Z"}', '::1', 'Mozilla/5.0 (Windows NT 10.0; Win64; x64) AppleWebKit/537.36 (KHTML, like Gecko) Chrome/145.0.0.0 Safari/537.36 Edg/145.0.0.0', 'LOGIN by 2019149', '2026-02-18 09:10:57'),
	(26, 19, 'DELETE', 'attendance_employee_shift', 1, '{"id":1,"employee_id":null,"nik":null,"target_type":"department","target_value":"17","rule_type":"shift","shift_id":"5,11","start_date":"2026-02-18","end_date":null,"created_at":"2026-02-18 15:50:42","updated_at":"2026-02-18 15:50:42","deleted_at":null,"is_deleted":null}', NULL, '::1', 'Mozilla/5.0 (Windows NT 10.0; Win64; x64) AppleWebKit/537.36 (KHTML, like Gecko) Chrome/145.0.0.0 Safari/537.36 Edg/145.0.0.0', 'Deleted employee shift ID: 1', '2026-02-18 09:22:51'),
	(27, 19, 'UPDATE', 'attendance_employee_shift', 2, '{"id":2,"employee_id":null,"nik":null,"target_type":"branch","target_value":"2","rule_type":"shift","shift_id":"4,11","start_date":"2026-02-18","end_date":null,"created_at":"2026-02-18 15:51:14","updated_at":"2026-02-18 15:51:14","deleted_at":null,"is_deleted":null}', '{"target_type":"branch","target_value":"2","rule_type":"shift","shift_ids":[4,11,8,18],"start_date":"2026-02-18","end_date":"","shift_id":"4,11,8,18"}', '::1', 'Mozilla/5.0 (Windows NT 10.0; Win64; x64) AppleWebKit/537.36 (KHTML, like Gecko) Chrome/145.0.0.0 Safari/537.36 Edg/145.0.0.0', 'Updated shift assignment. Shifts: 4,11,8,18', '2026-02-18 09:23:51'),
	(28, 19, 'DELETE', 'attendance_employee_shift', 2, '{"id":2,"employee_id":null,"nik":null,"target_type":"branch","target_value":"2","rule_type":"shift","shift_id":"4,11,8,18","start_date":"2026-02-18","end_date":null,"created_at":"2026-02-18 15:51:14","updated_at":"2026-02-18 16:23:51","deleted_at":null,"is_deleted":null}', NULL, '::1', 'Mozilla/5.0 (Windows NT 10.0; Win64; x64) AppleWebKit/537.36 (KHTML, like Gecko) Chrome/145.0.0.0 Safari/537.36 Edg/145.0.0.0', 'Deleted employee shift ID: 2', '2026-02-18 09:24:14'),
	(29, 19, 'CREATE', 'attendance_employee_shift', 1, NULL, '{"target_type":"branch","target_value":"2","rule_type":"setting","shift_ids":["setting"],"start_date":"2026-02-18","end_date":"","shift_id":""}', '::1', 'Mozilla/5.0 (Windows NT 10.0; Win64; x64) AppleWebKit/537.36 (KHTML, like Gecko) Chrome/145.0.0.0 Safari/537.36 Edg/145.0.0.0', 'Assigned setting shifts  to branch: 2', '2026-02-18 09:24:51'),
	(30, 19, 'UPDATE', 'employees', 287, '{"id":287,"user_id":"2019149","full_name":"Surya Sunaryo","picture":null,"nik":"2019149","barcode":"2992","branch_id":2,"department_id":"17","position_id":"34","location_id":"2","employee_shift_id":null,"title_id":"8","employee_status":"Permanent","contract_count":3,"join_date":"2024-07-01","effective_date":"2024-12-31","end_effective_date":null,"resign_date_rehire":null,"religion":"Christian","gender":"Male","marital_status":"Married","place_of_birth":"Jakarta","date_of_birth":"1984-12-04","address":"JL. Telaga Murni E3 No.28 RT.18/01 Sunter Jaya Tanjung Priok Jakarta Utara","phone":"08561033256","office_email":"Surya@ciptasaksama.co.id","personal_email":"surya.sunaryo.work@gmail.com","npwp":"69.978.458.3-048.000","bpjs_tk":null,"bpjs_health":null,"ktp_number":"\'3172020412840010","rfid_number":null,"created_at":"2026-02-18 11:00:43","updated_at":"2026-02-18 16:24:14","deleted_at":null,"is_deleted":null}', '{"id":{"old":287,"new":"287"},"branch_id":{"old":2,"new":"2"},"contract_count":{"old":3,"new":"3"},"employee_shift_id":{"old":null,"new":"setting"}}', '::1', 'Mozilla/5.0 (Windows NT 10.0; Win64; x64) AppleWebKit/537.36 (KHTML, like Gecko) Chrome/145.0.0.0 Safari/537.36 Edg/145.0.0.0', 'Updated employee: Surya Sunaryo', '2026-02-18 09:37:20'),
	(31, 19, 'UPDATE', 'employees', 76, '{"id":76,"user_id":"0214062","full_name":"Damar Septian Purbowo","picture":null,"nik":"0214062","barcode":"927","branch_id":2,"department_id":"17","position_id":"35","location_id":"2","employee_shift_id":null,"title_id":"9","employee_status":"Permanent","contract_count":0,"join_date":"2014-07-07","effective_date":"2014-07-07","end_effective_date":null,"resign_date_rehire":null,"religion":"Moslem","gender":"Male","marital_status":"Married","place_of_birth":"Jakarta","date_of_birth":"1985-09-17","address":"THE PALM RESIDENCE BLOK C.8 N0.4-5 RT.01/12, Des./Kel. Sriamur, Kec. Tambun Utara, Bekasi","phone":"083890430664","office_email":"damar.septian@ciptasaksama.co.id","personal_email":null,"npwp":"58.401.716.4-048.000","bpjs_tk":"\'9029943454","bpjs_health":"\'1136249234","ktp_number":"\'3172021709850010","rfid_number":null,"created_at":"2026-02-18 11:00:43","updated_at":"2026-02-18 16:24:14","deleted_at":null,"is_deleted":null}', '{"id":{"old":76,"new":"76"},"branch_id":{"old":2,"new":"2"},"contract_count":{"old":0,"new":"0"},"employee_shift_id":{"old":null,"new":"4,11"}}', '::1', 'Mozilla/5.0 (Windows NT 10.0; Win64; x64) AppleWebKit/537.36 (KHTML, like Gecko) Chrome/145.0.0.0 Safari/537.36 Edg/145.0.0.0', 'Updated employee: Damar Septian Purbowo', '2026-02-18 09:41:12'),
	(32, 19, 'DELETE', 'attendance_employee_shift', 1, '{"id":1,"employee_id":null,"nik":null,"target_type":"branch","target_value":"2","rule_type":"setting","shift_id":null,"start_date":"2026-02-18","end_date":null,"created_at":"2026-02-18 16:24:51","updated_at":"2026-02-18 16:24:51","deleted_at":null,"is_deleted":null}', NULL, '::1', 'Mozilla/5.0 (Windows NT 10.0; Win64; x64) AppleWebKit/537.36 (KHTML, like Gecko) Chrome/145.0.0.0 Safari/537.36 Edg/145.0.0.0', 'Deleted employee shift ID: 1', '2026-02-18 09:41:52'),
	(33, 19, 'DELETE', 'attendance_employee_shift', 2, '{"id":2,"employee_id":null,"nik":null,"target_type":"user","target_value":"287","rule_type":"shift","shift_id":"setting","start_date":"2026-02-18","end_date":null,"created_at":"2026-02-18 16:37:20","updated_at":"2026-02-18 16:37:20","deleted_at":null,"is_deleted":null}', NULL, '::1', 'Mozilla/5.0 (Windows NT 10.0; Win64; x64) AppleWebKit/537.36 (KHTML, like Gecko) Chrome/145.0.0.0 Safari/537.36 Edg/145.0.0.0', 'Deleted employee shift ID: 2', '2026-02-18 09:42:05'),
	(34, 19, 'UPDATE', 'employees', 76, '{"id":76,"user_id":"0214062","full_name":"Damar Septian Purbowo","picture":null,"nik":"0214062","barcode":"927","branch_id":2,"department_id":"17","position_id":"35","location_id":"2","employee_shift_id":"","title_id":"9","employee_status":"Permanent","contract_count":0,"join_date":"2014-07-07","effective_date":"2014-07-07","end_effective_date":null,"resign_date_rehire":null,"religion":"Moslem","gender":"Male","marital_status":"Married","place_of_birth":"Jakarta","date_of_birth":"1985-09-17","address":"THE PALM RESIDENCE BLOK C.8 N0.4-5 RT.01/12, Des./Kel. Sriamur, Kec. Tambun Utara, Bekasi","phone":"083890430664","office_email":"damar.septian@ciptasaksama.co.id","personal_email":null,"npwp":"58.401.716.4-048.000","bpjs_tk":"\'9029943454","bpjs_health":"\'1136249234","ktp_number":"\'3172021709850010","rfid_number":null,"created_at":"2026-02-18 11:00:43","updated_at":"2026-02-18 16:47:43","deleted_at":null,"is_deleted":null}', '{"id":{"old":76,"new":"76"},"branch_id":{"old":2,"new":"2"},"contract_count":{"old":0,"new":"0"},"employee_shift_id":{"old":"","new":"5,4,6"}}', '::1', 'Mozilla/5.0 (Windows NT 10.0; Win64; x64) AppleWebKit/537.36 (KHTML, like Gecko) Chrome/145.0.0.0 Safari/537.36 Edg/145.0.0.0', 'Updated employee: Damar Septian Purbowo', '2026-02-18 09:52:27'),
	(35, 19, 'LOGOUT', 'users', 19, NULL, '{"username":"unknown","action":"LOGOUT","timestamp":"2026-02-18T09:52:33.947Z"}', '::1', 'Mozilla/5.0 (Windows NT 10.0; Win64; x64) AppleWebKit/537.36 (KHTML, like Gecko) Chrome/145.0.0.0 Safari/537.36 Edg/145.0.0.0', 'LOGOUT by unknown', '2026-02-18 09:52:33'),
	(36, 19, 'LOGIN', 'users', 19, NULL, '{"username":"2019149","action":"LOGIN","timestamp":"2026-02-18T09:52:49.277Z"}', '::1', 'Mozilla/5.0 (Windows NT 10.0; Win64; x64) AppleWebKit/537.36 (KHTML, like Gecko) Chrome/145.0.0.0 Safari/537.36 Edg/145.0.0.0', 'LOGIN by 2019149', '2026-02-18 09:52:49'),
	(37, 19, 'DELETE', 'attendance_employee_shift', 1, '{"id":1,"employee_id":76,"nik":"0214062","target_type":"user","target_value":"76","rule_type":"shift","shift_id":"5,4,6","start_date":"2026-02-18","end_date":null,"created_at":"2026-02-18 16:52:27","updated_at":"2026-02-18 16:52:27","deleted_at":null,"is_deleted":null}', NULL, '::1', 'Mozilla/5.0 (Windows NT 10.0; Win64; x64) AppleWebKit/537.36 (KHTML, like Gecko) Chrome/145.0.0.0 Safari/537.36 Edg/145.0.0.0', 'Deleted employee shift ID: 1', '2026-02-18 09:53:00');

-- Dumping structure for table e-connect_db.attendance_code
CREATE TABLE IF NOT EXISTS `attendance_code` (
  `id` int NOT NULL AUTO_INCREMENT,
  `code_id` varchar(10) CHARACTER SET utf8mb4 COLLATE utf8mb4_unicode_ci DEFAULT NULL,
  `code` varchar(50) CHARACTER SET utf8mb4 COLLATE utf8mb4_unicode_ci DEFAULT NULL,
  `detail` varchar(255) CHARACTER SET utf8mb4 COLLATE utf8mb4_unicode_ci DEFAULT NULL,
  `created_at` timestamp NULL DEFAULT CURRENT_TIMESTAMP,
  `updated_at` timestamp NULL DEFAULT CURRENT_TIMESTAMP ON UPDATE CURRENT_TIMESTAMP,
  `deleted_at` timestamp NULL DEFAULT NULL,
  `is_deleted` int DEFAULT NULL,
  PRIMARY KEY (`id`) USING BTREE,
  UNIQUE KEY `code` (`code_id`) USING BTREE
) ENGINE=InnoDB DEFAULT CHARSET=utf8mb4 COLLATE=utf8mb4_unicode_ci;

-- Dumping data for table e-connect_db.attendance_code: ~20 rows (approximately)
DELETE FROM `attendance_code`;
INSERT INTO `attendance_code` (`id`, `code_id`, `code`, `detail`, `created_at`, `updated_at`, `deleted_at`, `is_deleted`) VALUES
	(1, NULL, 'LT', 'Late / Datang Terlambat', '2025-11-29 01:47:23', '2025-11-29 01:47:23', NULL, NULL),
	(2, NULL, 'LE', 'Leave Early / Pulang Cepat', '2025-11-29 01:47:23', '2025-11-29 01:47:23', NULL, NULL),
	(3, NULL, 'HD', 'Half Day / Ijin keluar ditengah - tengah jam kerja', '2025-11-29 01:47:23', '2025-11-29 01:47:23', NULL, NULL),
	(4, NULL, 'ICC', 'Incomplete Check Clock / Data Check Clock tidak lengkap', '2025-11-29 01:47:23', '2025-11-29 01:47:23', NULL, NULL),
	(5, NULL, 'BT', 'Business Trip / Dinas Luar Kota', '2025-11-29 01:47:23', '2025-11-29 01:47:23', NULL, NULL),
	(6, NULL, 'WH', 'Work Holiday / Kerja di Hari Libur', '2025-11-29 01:47:23', '2025-11-29 01:47:23', NULL, NULL),
	(7, NULL, 'WS', 'Wrong Schedule / schedule tidak sesuai dengan check clock', '2025-11-29 01:47:23', '2025-11-29 01:47:23', NULL, NULL),
	(8, NULL, 'ABS', 'Absent / Tidak Hadir', '2025-11-29 01:47:23', '2025-11-29 01:47:23', NULL, NULL),
	(9, NULL, 'FD', 'Full Day / Ijin 1 hari tanpa cuti', '2025-11-29 01:47:23', '2025-11-29 01:47:23', NULL, NULL),
	(10, NULL, 'AL', 'Annual Leave / Cuti', '2025-11-29 01:47:23', '2025-11-29 01:47:23', NULL, NULL),
	(11, NULL, 'SL', 'Special Leave / Cuti Khusus (Cuti melahirkan, cuti menikah, dll)', '2025-11-29 01:47:23', '2025-11-29 01:47:23', NULL, NULL),
	(12, NULL, 'OP', 'Outpatient / Sakit rawat jalan', '2025-11-29 01:47:23', '2025-11-29 01:47:23', NULL, NULL),
	(13, NULL, 'HOS', 'Hospitalized / Sakit rawat inap', '2025-11-29 01:47:23', '2025-11-29 01:47:23', NULL, NULL),
	(14, NULL, 'OPWA', 'Outpatient due to work accidents / rawat jalan karena kecelakaan kerja', '2025-11-29 01:47:23', '2025-11-29 01:47:23', NULL, NULL),
	(15, NULL, 'HOSWA', 'Hospitalized due to work accident / rawat inap karena kecelakaan kerja', '2025-11-29 01:47:23', '2025-11-29 01:47:23', NULL, NULL),
	(16, NULL, 'DS', 'Dispensasi', '2025-11-29 01:47:23', '2025-11-29 01:47:23', NULL, NULL),
	(17, NULL, 'EC', 'Emergency Call / Panggilan mendadak', '2025-11-29 01:47:23', '2025-11-29 01:47:23', NULL, NULL),
	(18, NULL, 'MSL', 'Menstrual Leave / Cuti Menstruasi', '2025-11-29 01:47:23', '2025-11-29 01:47:23', NULL, NULL),
	(19, NULL, 'ICCBRK', 'Lupa absen saat istirahat (Hanya digunakan jika metode istirahat Advanced)', '2025-11-29 01:47:23', '2025-11-29 01:47:23', NULL, NULL);

-- Dumping structure for table e-connect_db.attendance_employee_shift
CREATE TABLE IF NOT EXISTS `attendance_employee_shift` (
  `id` int NOT NULL AUTO_INCREMENT,
  `employee_id` int DEFAULT NULL,
  `nik` varchar(50) COLLATE utf8mb4_unicode_ci DEFAULT NULL,
  `target_type` varchar(50) COLLATE utf8mb4_unicode_ci DEFAULT 'user',
  `target_value` text COLLATE utf8mb4_unicode_ci,
  `rule_type` varchar(20) COLLATE utf8mb4_unicode_ci DEFAULT 'shift',
  `shift_id` varchar(255) COLLATE utf8mb4_unicode_ci DEFAULT NULL,
  `start_date` date NOT NULL,
  `end_date` date DEFAULT NULL,
  `created_at` timestamp NULL DEFAULT CURRENT_TIMESTAMP,
  `updated_at` timestamp NULL DEFAULT CURRENT_TIMESTAMP ON UPDATE CURRENT_TIMESTAMP,
  `deleted_at` timestamp NULL DEFAULT NULL,
  `is_deleted` int DEFAULT NULL,
  PRIMARY KEY (`id`),
  KEY `shift_id` (`shift_id`)
) ENGINE=InnoDB DEFAULT CHARSET=utf8mb4 COLLATE=utf8mb4_unicode_ci;

-- Dumping data for table e-connect_db.attendance_employee_shift: ~0 rows (approximately)
DELETE FROM `attendance_employee_shift`;

-- Dumping structure for table e-connect_db.attendance_log
CREATE TABLE IF NOT EXISTS `attendance_log` (
  `id` int NOT NULL AUTO_INCREMENT,
  `nik` varchar(50) COLLATE utf8mb4_unicode_ci NOT NULL,
  `full_name` varchar(100) COLLATE utf8mb4_unicode_ci DEFAULT NULL,
  `rfid_number` varchar(50) COLLATE utf8mb4_unicode_ci DEFAULT NULL,
  `picture` varchar(255) COLLATE utf8mb4_unicode_ci DEFAULT NULL,
  `attendance_date` date DEFAULT NULL,
  `attendance_time` time DEFAULT NULL,
  `is_matched` varchar(50) COLLATE utf8mb4_unicode_ci DEFAULT NULL,
  `created_at` timestamp NULL DEFAULT CURRENT_TIMESTAMP,
  PRIMARY KEY (`id`),
  KEY `idx_nik` (`nik`),
  KEY `idx_date` (`attendance_date`)
) ENGINE=InnoDB DEFAULT CHARSET=utf8mb4 COLLATE=utf8mb4_unicode_ci;

-- Dumping data for table e-connect_db.attendance_log: ~2 rows (approximately)
DELETE FROM `attendance_log`;

-- Dumping structure for table e-connect_db.attendance_settings
CREATE TABLE IF NOT EXISTS `attendance_settings` (
  `id` int NOT NULL AUTO_INCREMENT,
  `setting_key` varchar(50) CHARACTER SET utf8mb4 COLLATE utf8mb4_unicode_ci NOT NULL,
  `setting_value` varchar(50) CHARACTER SET utf8mb4 COLLATE utf8mb4_unicode_ci NOT NULL,
  `description` varchar(255) CHARACTER SET utf8mb4 COLLATE utf8mb4_unicode_ci DEFAULT NULL,
  `created_at` timestamp NULL DEFAULT CURRENT_TIMESTAMP,
  `updated_at` timestamp NULL DEFAULT CURRENT_TIMESTAMP ON UPDATE CURRENT_TIMESTAMP,
  `deleted_at` timestamp NULL DEFAULT NULL,
  `is_deleted` int DEFAULT NULL,
  PRIMARY KEY (`id`),
  UNIQUE KEY `setting_key` (`setting_key`)
) ENGINE=InnoDB DEFAULT CHARSET=utf8mb4 COLLATE=utf8mb4_unicode_ci;

-- Dumping data for table e-connect_db.attendance_settings: ~15 rows (approximately)
DELETE FROM `attendance_settings`;
INSERT INTO `attendance_settings` (`id`, `setting_key`, `setting_value`, `description`, `created_at`, `updated_at`, `deleted_at`, `is_deleted`) VALUES
	(1, 'work_start_time', '08:00', 'Jam mulai kerja', '2025-11-29 19:52:19', '2025-11-29 19:52:19', NULL, NULL),
	(2, 'work_end_time', '17:00', 'Jam selesai kerja', '2025-11-29 19:52:19', '2025-11-29 19:52:19', NULL, NULL),
	(3, 'break_start_time', '12:00', 'Jam mulai istirahat', '2025-11-29 19:52:19', '2025-11-29 19:52:19', NULL, NULL),
	(4, 'break_end_time', '13:00', 'Jam selesai istirahat', '2025-11-29 19:52:19', '2025-11-29 19:52:19', NULL, NULL),
	(5, 'late_tolerance_minutes', '10', 'Toleransi terlambat dalam menit', '2025-11-29 19:52:19', '2025-11-29 19:52:19', NULL, NULL),
	(6, 'max_late_minutes', '120', 'Maksimal keterlambatan sebelum dianggap half day', '2025-11-29 19:52:19', '2025-11-29 19:52:19', NULL, NULL),
	(7, 'early_leave_tolerance_minutes', '5', 'Toleransi pulang lebih cepat', '2025-11-29 19:52:19', '2025-11-29 19:52:19', NULL, NULL),
	(8, 'halfday_min_work_minutes', '240', 'Minimal kerja (menit) untuk tidak dianggap half day', '2025-11-29 19:52:19', '2025-11-29 19:52:19', NULL, NULL),
	(9, 'ot_start_after_minutes', '30', 'Berapa menit setelah jam kerja masuk lembur', '2025-11-29 19:52:19', '2025-11-29 19:52:19', NULL, NULL),
	(10, 'max_ot_per_day', '240', 'Maksimal OT per hari (menit)', '2025-11-29 19:52:19', '2025-11-29 19:52:19', NULL, NULL),
	(11, 'required_check_in', '1', 'Jumlah minimal check-in', '2025-11-29 19:52:19', '2025-11-29 19:52:19', NULL, NULL),
	(12, 'required_check_out', '1', 'Jumlah minimal check-out', '2025-11-29 19:52:19', '2025-11-29 19:52:19', NULL, NULL),
	(13, 'incomplete_checkclock_rule', 'warning', 'Jika check clock tidak lengkap', '2025-11-29 19:52:19', '2025-11-29 19:52:19', NULL, NULL),
	(14, 'grace_period_start', '07:45', 'Batas mulai masih dianggap ontime', '2025-11-29 19:52:19', '2025-11-29 19:52:19', NULL, NULL),
	(15, 'grace_period_end', '17:05', 'Batas waktu keluar minimal', '2025-11-29 19:52:19', '2025-11-29 19:52:19', NULL, NULL);

-- Dumping structure for table e-connect_db.attendance_shifts
CREATE TABLE IF NOT EXISTS `attendance_shifts` (
  `shift_id` int NOT NULL AUTO_INCREMENT,
  `shift_code` varchar(20) CHARACTER SET utf8mb4 COLLATE utf8mb4_unicode_ci NOT NULL,
  `shift_name` varchar(50) CHARACTER SET utf8mb4 COLLATE utf8mb4_unicode_ci NOT NULL,
  `start_time` time NOT NULL,
  `end_time` time NOT NULL,
  `work_days` json DEFAULT NULL,
  `breaks` json DEFAULT NULL,
  `break_start` time DEFAULT NULL,
  `break_end` time DEFAULT NULL,
  `created_at` timestamp NULL DEFAULT CURRENT_TIMESTAMP,
  `updated_at` timestamp NULL DEFAULT CURRENT_TIMESTAMP ON UPDATE CURRENT_TIMESTAMP,
  `deleted_at` timestamp NULL DEFAULT NULL,
  `is_deleted` int DEFAULT NULL,
  PRIMARY KEY (`shift_id`)
) ENGINE=InnoDB DEFAULT CHARSET=utf8mb4 COLLATE=utf8mb4_unicode_ci;

-- Dumping data for table e-connect_db.attendance_shifts: ~18 rows (approximately)
DELETE FROM `attendance_shifts`;
INSERT INTO `attendance_shifts` (`shift_id`, `shift_code`, `shift_name`, `start_time`, `end_time`, `work_days`, `breaks`, `break_start`, `break_end`, `created_at`, `updated_at`, `deleted_at`, `is_deleted`) VALUES
	(4, '1AA', 'Shift1', '07:30:00', '16:30:00', '["Monday", "Tuesday", "Wednesday", "Thursday"]', '[{"end": "09:15:00", "start": "09:00:00"}, {"end": "12:30:00", "start": "12:00:00"}, {"end": "15:15:00", "start": "15:00:00"}]', '00:00:00', '00:00:00', '2026-02-10 07:06:56', '2026-02-10 07:30:17', NULL, NULL),
	(5, '1PR', 'Shift1', '09:30:00', '18:30:00', '["Monday", "Tuesday", "Wednesday", "Thursday"]', '[]', '00:00:00', '00:00:00', '2026-02-10 07:07:49', '2026-02-10 07:08:20', NULL, NULL),
	(6, '1PQ', 'Shift1', '09:30:00', '17:30:00', '["Monday", "Tuesday", "Wednesday", "Thursday"]', '[]', '00:00:00', '00:00:00', '2026-02-10 07:08:13', '2026-02-10 07:08:23', NULL, NULL),
	(7, '1ZA', 'Shift1', '07:30:00', '15:30:00', '["Monday", "Tuesday", "Wednesday", "Thursday"]', '[]', '00:00:00', '00:00:00', '2026-02-10 07:08:51', '2026-02-10 07:08:51', NULL, NULL),
	(8, '2ZB', 'Shift2', '15:30:00', '23:30:00', '["Monday", "Tuesday", "Wednesday", "Thursday"]', '[]', '00:00:00', '00:00:00', '2026-02-10 07:09:52', '2026-02-10 07:09:52', NULL, NULL),
	(9, '3ZZ', 'Shift3', '22:30:00', '06:30:00', '["Monday", "Tuesday", "Wednesday", "Thursday"]', '[]', '00:00:00', '00:00:00', '2026-02-10 07:10:27', '2026-02-10 07:10:27', NULL, NULL),
	(10, '3ZC', 'Shift3', '23:30:00', '07:30:00', '["Monday", "Tuesday", "Wednesday", "Thursday"]', '[]', '00:00:00', '00:00:00', '2026-02-10 07:10:51', '2026-02-10 07:10:51', NULL, NULL),
	(11, '1AB', 'Shift1-Jumat', '07:30:00', '17:00:00', '["Friday"]', '[]', '00:00:00', '00:00:00', '2026-02-18 05:31:44', '2026-02-18 06:06:24', NULL, NULL),
	(12, '1PRB', 'Shift1-Jumat', '09:30:00', '19:00:00', '["Friday"]', '[]', '00:00:00', '00:00:00', '2026-02-18 05:32:22', '2026-02-18 06:06:18', NULL, NULL),
	(13, '1PQB', 'Shift1-Jumat', '09:30:00', '18:00:00', '["Friday"]', '[]', '00:00:00', '00:00:00', '2026-02-18 05:32:55', '2026-02-18 06:06:14', NULL, NULL),
	(14, '1ZAB', 'Shift1-Jumat', '07:30:00', '16:00:00', '["Friday"]', '[]', '00:00:00', '00:00:00', '2026-02-18 05:33:30', '2026-02-18 06:06:11', NULL, NULL),
	(18, '2ZB', 'Shift2-Jumat', '15:30:00', '23:30:00', '["Friday"]', '[]', '00:00:00', '00:00:00', '2026-02-18 05:53:09', '2026-02-18 06:06:08', NULL, NULL),
	(19, '3ZZ', 'Shift3-Jumat', '22:30:00', '06:30:00', '["Friday"]', '[]', '00:00:00', '00:00:00', '2026-02-18 05:53:44', '2026-02-18 06:06:04', NULL, NULL),
	(20, '3ZC', 'Shift3-Jumat', '23:30:00', '07:30:00', '["Friday"]', '[]', '00:00:00', '00:00:00', '2026-02-18 05:54:16', '2026-02-18 06:06:00', NULL, NULL),
	(21, '1PQBN', 'Shift1-Sabtu', '09:30:00', '15:00:00', '["Saturday"]', '[]', '00:00:00', '00:00:00', '2026-02-18 05:54:50', '2026-02-18 06:05:52', NULL, NULL),
	(22, '1SSN', 'Shift1-Sabtu', '07:30:00', '12:40:00', '["Saturday"]', '[]', '00:00:00', '00:00:00', '2026-02-18 05:55:41', '2026-02-18 06:05:48', NULL, NULL),
	(23, '2SSN', 'Shift2-Sabtu', '12:40:00', '17:50:00', '["Saturday"]', '[]', '00:00:00', '00:00:00', '2026-02-18 05:56:18', '2026-02-18 06:05:44', NULL, NULL),
	(24, '3SSN', 'Shift3-Sabtu', '17:50:00', '23:00:00', '["Saturday"]', '[]', '00:00:00', '00:00:00', '2026-02-18 05:56:42', '2026-02-18 06:05:35', NULL, NULL);

-- Dumping structure for table e-connect_db.attendance_shift_rules
CREATE TABLE IF NOT EXISTS `attendance_shift_rules` (
  `rule_id` int NOT NULL AUTO_INCREMENT,
  `shift_id` int NOT NULL,
  `late_tolerance_minutes` int DEFAULT '0',
  `max_late_minutes` int DEFAULT '120',
  `early_leave_tolerance_minutes` int DEFAULT '0',
  `halfday_min_work_minutes` int DEFAULT '240',
  `ot_start_after_minutes` int DEFAULT '30',
  `max_ot_per_day` int DEFAULT '240',
  `required_check_in` int DEFAULT '1',
  `required_check_out` int DEFAULT '1',
  `incomplete_checkclock_rule` varchar(50) CHARACTER SET utf8mb4 COLLATE utf8mb4_unicode_ci DEFAULT 'warning',
  `grace_period_start` time DEFAULT NULL,
  `grace_period_end` time DEFAULT NULL,
  `created_at` timestamp NULL DEFAULT CURRENT_TIMESTAMP,
  `updated_at` timestamp NULL DEFAULT CURRENT_TIMESTAMP ON UPDATE CURRENT_TIMESTAMP,
  `deleted_at` timestamp NULL DEFAULT NULL,
  `is_deleted` int DEFAULT NULL,
  PRIMARY KEY (`rule_id`),
  KEY `shift_id` (`shift_id`),
  CONSTRAINT `attendance_shift_rules_ibfk_1` FOREIGN KEY (`shift_id`) REFERENCES `attendance_shifts` (`shift_id`) ON DELETE CASCADE
) ENGINE=InnoDB DEFAULT CHARSET=utf8mb4 COLLATE=utf8mb4_unicode_ci;

-- Dumping data for table e-connect_db.attendance_shift_rules: ~1 rows (approximately)
DELETE FROM `attendance_shift_rules`;
INSERT INTO `attendance_shift_rules` (`rule_id`, `shift_id`, `late_tolerance_minutes`, `max_late_minutes`, `early_leave_tolerance_minutes`, `halfday_min_work_minutes`, `ot_start_after_minutes`, `max_ot_per_day`, `required_check_in`, `required_check_out`, `incomplete_checkclock_rule`, `grace_period_start`, `grace_period_end`, `created_at`, `updated_at`, `deleted_at`, `is_deleted`) VALUES
	(4, 4, 10, 120, 10, 240, 30, 240, 1, 1, 'warning', NULL, NULL, '2026-02-10 07:39:07', '2026-02-10 07:47:22', NULL, NULL);

-- Dumping structure for table e-connect_db.banners
CREATE TABLE IF NOT EXISTS `banners` (
  `id` int NOT NULL AUTO_INCREMENT,
  `title` varchar(255) COLLATE utf8mb4_unicode_ci NOT NULL,
  `description` text COLLATE utf8mb4_unicode_ci,
  `show_text` tinyint(1) DEFAULT '1',
  `banner_image` varchar(255) COLLATE utf8mb4_unicode_ci DEFAULT NULL,
  `link_url` varchar(255) COLLATE utf8mb4_unicode_ci DEFAULT NULL,
  `is_active` tinyint(1) DEFAULT '1',
  `priority` int DEFAULT '0',
  `is_deleted` tinyint(1) DEFAULT '0',
  `deleted_at` timestamp NULL DEFAULT NULL,
  `created_at` timestamp NULL DEFAULT CURRENT_TIMESTAMP,
  `updated_at` timestamp NULL DEFAULT CURRENT_TIMESTAMP ON UPDATE CURRENT_TIMESTAMP,
  `created_by` int DEFAULT NULL,
  PRIMARY KEY (`id`),
  KEY `created_by` (`created_by`),
  CONSTRAINT `banners_ibfk_1` FOREIGN KEY (`created_by`) REFERENCES `users` (`id`) ON DELETE SET NULL
) ENGINE=InnoDB DEFAULT CHARSET=utf8mb4 COLLATE=utf8mb4_unicode_ci;

-- Dumping data for table e-connect_db.banners: ~1 rows (approximately)
DELETE FROM `banners`;
INSERT INTO `banners` (`id`, `title`, `description`, `show_text`, `banner_image`, `link_url`, `is_active`, `priority`, `is_deleted`, `deleted_at`, `created_at`, `updated_at`, `created_by`) VALUES
	(1, 'Banner1', 'Banner', 0, '/uploads/banners/1770962161924-584247183.png', '', 1, 1, 0, NULL, '2026-02-13 03:54:24', '2026-02-13 05:56:01', 19),
	(2, 'Banner2', '', 0, '/uploads/banners/1770957144800-364030019.png', '', 1, 0, 0, NULL, '2026-02-13 04:32:24', '2026-02-13 04:32:24', 19);

-- Dumping structure for table e-connect_db.branches
CREATE TABLE IF NOT EXISTS `branches` (
  `id` bigint unsigned NOT NULL AUTO_INCREMENT,
  `branch_name` varchar(255) CHARACTER SET utf8mb4 COLLATE utf8mb4_unicode_ci NOT NULL,
  `branch_desc` varchar(255) CHARACTER SET utf8mb4 COLLATE utf8mb4_unicode_ci NOT NULL,
  `created_at` timestamp NULL DEFAULT CURRENT_TIMESTAMP,
  `updated_at` timestamp NULL DEFAULT CURRENT_TIMESTAMP ON UPDATE CURRENT_TIMESTAMP,
  `deleted_at` timestamp NULL DEFAULT NULL,
  PRIMARY KEY (`id`),
  UNIQUE KEY `branches_branch_name_unique` (`branch_name`)
) ENGINE=InnoDB DEFAULT CHARSET=utf8mb4 COLLATE=utf8mb4_unicode_ci;

-- Dumping data for table e-connect_db.branches: ~2 rows (approximately)
DELETE FROM `branches`;
INSERT INTO `branches` (`id`, `branch_name`, `branch_desc`, `created_at`, `updated_at`, `deleted_at`) VALUES
	(1, 'CNI', 'PT Cipta Nissin Industries', '2024-12-19 12:56:44', '2024-12-19 12:56:44', NULL),
	(2, 'CSI', 'PT Cipta Saksama Indonesia', '2024-12-19 12:56:44', '2024-12-19 12:56:44', NULL);

-- Dumping structure for table e-connect_db.calendar_event_types
CREATE TABLE IF NOT EXISTS `calendar_event_types` (
  `id` int NOT NULL AUTO_INCREMENT,
  `code` varchar(50) NOT NULL,
  `name` varchar(100) NOT NULL,
  `category` varchar(50) DEFAULT 'General',
  `color` varchar(20) DEFAULT '#3B82F6',
  `description` text,
  `auto_target_type` varchar(50) DEFAULT NULL,
  `auto_target_value` text,
  `is_active` tinyint(1) DEFAULT '1',
  `is_deleted` tinyint(1) DEFAULT '0',
  `deleted_at` datetime DEFAULT NULL,
  `is_used` tinyint(1) DEFAULT '0',
  `created_at` timestamp NULL DEFAULT CURRENT_TIMESTAMP,
  `updated_at` timestamp NULL DEFAULT CURRENT_TIMESTAMP ON UPDATE CURRENT_TIMESTAMP,
  `used_by_type` varchar(50) DEFAULT NULL,
  `used_by_value` text,
  PRIMARY KEY (`id`),
  UNIQUE KEY `code` (`code`)
) ENGINE=InnoDB DEFAULT CHARSET=utf8mb4 COLLATE=utf8mb4_0900_ai_ci;

-- Dumping data for table e-connect_db.calendar_event_types: ~9 rows (approximately)
DELETE FROM `calendar_event_types`;
INSERT INTO `calendar_event_types` (`id`, `code`, `name`, `category`, `color`, `description`, `auto_target_type`, `auto_target_value`, `is_active`, `is_deleted`, `deleted_at`, `is_used`, `created_at`, `updated_at`, `used_by_type`, `used_by_value`) VALUES
	(1, 'company_anniversary', 'HUT Perusahaan', 'Perusahaan', '#10B981', 'Hari Ulang Tahun Perusahaan', 'all', NULL, 1, 0, NULL, 0, '2026-01-21 07:57:56', '2026-01-28 09:30:56', 'department', '15,17'),
	(2, 'replacement_workday', 'Hari Kerja Pengganti Hari Libur', 'Operasional', '#854D0E', '', 'all', NULL, 1, 0, NULL, 1, '2026-01-21 07:57:56', '2026-01-29 04:23:19', 'department', '15,17'),
	(4, 'sto_audit', 'Audit STO', 'Audit', '#EAB308', 'untuk keperluan audit', 'all', NULL, 1, 0, NULL, 1, '2026-01-21 07:57:56', '2026-01-29 02:52:01', 'department', '15'),
	(6, 'book_kendaraan_kantor', 'Booking Kendaraan Kantor', 'Umum', '#3B82F6', '', 'department', '29,15', 1, 0, NULL, 1, '2026-01-21 08:34:26', '2026-01-28 10:29:24', 'all', NULL),
	(7, 'meeting_internal', 'Meeting Internal', 'Umum', '#3B82F6', '', 'department', '15', 1, 0, '2026-01-28 11:51:08', 1, '2026-01-21 08:49:36', '2026-01-29 02:45:46', 'all', NULL),
	(8, 'meeting_external', 'Meeting External', 'Umum', '#2eed07', '', NULL, NULL, 1, 0, '2026-01-28 11:50:03', 1, '2026-01-28 04:20:18', '2026-01-29 01:25:14', 'all', NULL),
	(9, 'cuti_bersama', 'Cuti Bersama Pemerintah', 'Operasional', '#eb0000', '', 'all', NULL, 1, 0, NULL, 0, '2026-01-28 04:29:24', '2026-01-28 09:29:33', 'department', '15,17'),
	(10, 'weekly', 'Weekly Meeting - Leo Kosasih', 'BOD', '#00ff33', 'Weekly Meeting dengan pak Leo Kosasih', 'department', '15', 1, 0, NULL, 1, '2026-01-28 05:52:33', '2026-01-28 09:29:15', 'department', '15,17'),
	(13, 'weeklyHK', 'Weekly Meeting - Handy Kosasih', 'BOD', '#3B82F6', 'Weekly Meeting dengan pak Handy Kosasih', 'department', '15', 1, 0, NULL, 1, '2026-01-28 06:04:43', '2026-01-28 09:18:46', 'department', '15,17'),
	(14, 'sosialisasi', 'Sosialisasi Karyawan', 'General', '#02f2ca', 'Sosialisasi Karyawan', 'all', NULL, 1, 0, NULL, 1, '2026-01-30 09:49:25', '2026-01-30 09:53:53', 'department', '15');

-- Dumping structure for table e-connect_db.dashboard_cards
CREATE TABLE IF NOT EXISTS `dashboard_cards` (
  `id` int NOT NULL AUTO_INCREMENT,
  `card_key` varchar(50) COLLATE utf8mb4_unicode_ci NOT NULL COMMENT 'Unique identifier for the card (e.g., tracked_hours, upcoming_events)',
  `card_name` varchar(100) COLLATE utf8mb4_unicode_ci NOT NULL COMMENT 'Display name of the card',
  `card_description` text COLLATE utf8mb4_unicode_ci COMMENT 'Description of what the card shows',
  `card_category` enum('fixed','optional') COLLATE utf8mb4_unicode_ci NOT NULL DEFAULT 'optional' COMMENT 'Whether card is always shown or optional',
  `default_visible` tinyint(1) NOT NULL DEFAULT '1' COMMENT 'Default visibility for new users',
  `display_order` int NOT NULL DEFAULT '0' COMMENT 'Default display order',
  `created_at` timestamp NULL DEFAULT CURRENT_TIMESTAMP,
  `updated_at` timestamp NULL DEFAULT CURRENT_TIMESTAMP ON UPDATE CURRENT_TIMESTAMP,
  `default_x` int DEFAULT '0',
  `default_y` int DEFAULT '0',
  `default_w` int DEFAULT '12',
  `default_h` int DEFAULT '4',
  PRIMARY KEY (`id`),
  UNIQUE KEY `card_key` (`card_key`)
) ENGINE=InnoDB DEFAULT CHARSET=utf8mb4 COLLATE=utf8mb4_unicode_ci;

-- Dumping data for table e-connect_db.dashboard_cards: ~9 rows (approximately)
DELETE FROM `dashboard_cards`;
INSERT INTO `dashboard_cards` (`id`, `card_key`, `card_name`, `card_description`, `card_category`, `default_visible`, `display_order`, `created_at`, `updated_at`, `default_x`, `default_y`, `default_w`, `default_h`) VALUES
	(1, 'latest_news', 'Latest News', 'Shows latest company news and announcements', 'fixed', 1, 1, '2025-12-03 02:40:55', '2026-02-11 06:51:24', 9, 19, 3, 9),
	(2, 'upcoming_schedule_events', 'Upcoming Schedule Events', 'Shows upcoming scheduled events and holidays', 'fixed', 1, 2, '2025-12-03 02:40:55', '2026-02-11 06:51:24', 9, 10, 3, 9),
	(3, 'tracked_hours', 'Tracked Hours', 'Shows worked hours and breaks for the day', 'optional', 1, 3, '2025-12-03 02:40:55', '2026-02-13 08:36:30', 0, 9, 9, 5),
	(10, 'welcome_banner', 'Welcome Banner', 'Personalized greeting banner with user info and pending tasks', 'fixed', 1, 1, '2026-02-11 02:43:42', '2026-02-11 05:50:30', 0, 0, 9, 6),
	(11, 'calendar_widget', 'Calendar', 'Monthly calendar view with event indicators', 'fixed', 1, 4, '2026-02-11 02:43:42', '2026-02-11 06:15:57', 9, 0, 3, 10),
	(12, 'whos_online', 'Who\'s Online', 'Real-time list of currently logged-in users', 'optional', 1, 5, '2026-02-11 02:43:42', '2026-02-13 08:37:07', 0, 20, 9, 8),
	(16, 'stats_row', 'Quick Stats', 'Display key metrics like Total Employee, Present, Late', 'fixed', 1, 1, '2026-02-11 03:08:53', '2026-02-13 08:33:18', 0, 6, 9, 3),
	(17, 'task_statistics', 'Task Statistics', 'Donut chart of task statuses', 'fixed', 1, 2, '2026-02-11 03:08:53', '2026-02-13 08:35:06', 0, 14, 4, 6),
	(18, 'star_employee', 'Star Employee', 'List of top performing employees', 'fixed', 1, 3, '2026-02-11 03:08:53', '2026-02-13 08:35:06', 4, 14, 5, 6);

-- Dumping structure for view e-connect_db.dashboard_summary
-- Creating temporary table to overcome VIEW dependency errors
CREATE TABLE `dashboard_summary` (
	`total_trucks` BIGINT(19) NOT NULL,
	`scheduled_count` DECIMAL(23,0) NULL,
	`checked_in_count` DECIMAL(23,0) NULL,
	`loading_count` DECIMAL(23,0) NULL,
	`loaded_count` DECIMAL(23,0) NULL,
	`checked_out_count` DECIMAL(23,0) NULL,
	`cancelled_count` DECIMAL(23,0) NULL,
	`avg_duration_minutes` DECIMAL(13,2) NULL,
	`today_trucks` DECIMAL(23,0) NULL
) ENGINE=MyISAM;

-- Dumping structure for table e-connect_db.departments
CREATE TABLE IF NOT EXISTS `departments` (
  `id` bigint unsigned NOT NULL AUTO_INCREMENT,
  `branch_id` bigint unsigned NOT NULL,
  `dept_name` varchar(255) CHARACTER SET utf8mb4 COLLATE utf8mb4_unicode_ci NOT NULL,
  `dept_code` varchar(255) CHARACTER SET utf8mb4 COLLATE utf8mb4_unicode_ci NOT NULL,
  `parent_id` bigint unsigned DEFAULT NULL,
  `location` int DEFAULT NULL,
  `created_at` timestamp NULL DEFAULT CURRENT_TIMESTAMP,
  `updated_at` timestamp NULL DEFAULT CURRENT_TIMESTAMP ON UPDATE CURRENT_TIMESTAMP,
  `deleted_at` timestamp NULL DEFAULT NULL,
  `is_deleted` int DEFAULT NULL,
  PRIMARY KEY (`id`),
  KEY `departments_branch_id_foreign` (`branch_id`),
  KEY `departments_parent_id_foreign` (`parent_id`),
  CONSTRAINT `departments_branch_id_foreign` FOREIGN KEY (`branch_id`) REFERENCES `branches` (`id`) ON DELETE CASCADE,
  CONSTRAINT `departments_parent_id_foreign` FOREIGN KEY (`parent_id`) REFERENCES `departments` (`id`) ON DELETE CASCADE
) ENGINE=InnoDB DEFAULT CHARSET=utf8mb4 COLLATE=utf8mb4_unicode_ci;

-- Dumping data for table e-connect_db.departments: ~25 rows (approximately)
DELETE FROM `departments`;
INSERT INTO `departments` (`id`, `branch_id`, `dept_name`, `dept_code`, `parent_id`, `location`, `created_at`, `updated_at`, `deleted_at`, `is_deleted`) VALUES
	(1, 1, 'President Director', 'PD', NULL, 1, '2024-12-19 05:56:44', '2024-12-19 05:56:44', NULL, NULL),
	(2, 1, 'Director', 'DIR', 1, 1, '2024-12-19 05:56:44', '2024-12-19 05:56:44', NULL, NULL),
	(3, 1, 'Engineering', 'EG', 2, 1, '2024-12-19 05:56:44', '2024-12-19 05:56:44', NULL, NULL),
	(4, 1, 'Maintenance', 'MT', 2, 3, '2024-12-19 05:56:44', '2024-12-19 05:56:44', NULL, NULL),
	(5, 1, 'Management Representative', 'MR', 2, 4, '2024-12-19 05:56:44', '2024-12-19 05:56:44', NULL, NULL),
	(6, 1, 'PPIC', 'PC', 2, 5, '2024-12-19 05:56:44', '2024-12-19 05:56:44', NULL, NULL),
	(7, 1, 'Production', 'PR', 2, 6, '2024-12-19 05:56:44', '2024-12-19 05:56:44', NULL, NULL),
	(8, 1, 'Purchasing', 'PU', 2, 7, '2024-12-19 05:56:44', '2024-12-19 05:56:44', NULL, NULL),
	(9, 1, 'Quality Control', 'QC', 2, 8, '2024-12-19 05:56:44', '2024-12-19 05:56:44', NULL, NULL),
	(10, 1, 'Sales', 'SL', 2, 9, '2024-12-19 05:56:44', '2024-12-19 05:56:44', NULL, NULL),
	(11, 1, 'Warehouse and Delivery', 'WHD', 2, 10, '2024-12-19 05:56:44', '2024-12-19 05:56:44', NULL, NULL),
	(12, 1, 'Workshop', 'WS', 2, 11, '2024-12-19 05:56:44', '2024-12-19 05:56:44', NULL, NULL),
	(13, 2, 'President Director', 'PD', NULL, 1, '2024-12-19 05:56:44', '2024-12-19 05:56:44', NULL, NULL),
	(14, 2, 'Finance & Accounting', 'TA', 13, 1, '2024-12-19 05:56:44', '2024-12-19 05:56:44', NULL, NULL),
	(15, 2, 'HRGA', 'HR', 13, 2, '2024-12-19 05:56:44', '2024-12-19 05:56:44', NULL, NULL),
	(16, 2, 'Internal Audit', 'IA', 13, 3, '2024-12-19 05:56:44', '2024-12-19 05:56:44', NULL, NULL),
	(17, 2, 'MIS', 'IT', 13, 4, '2024-12-19 05:56:44', '2024-12-19 05:56:44', NULL, NULL),
	(18, 2, 'Secretary', 'SC', 13, 5, '2024-12-19 05:56:44', '2024-12-19 05:56:44', NULL, NULL),
	(19, 1, 'Quality Assurance', 'QA', 2, 9, '2024-12-19 05:56:44', '2024-12-19 05:56:44', NULL, NULL),
	(20, 1, 'Health Safety & Environment', 'HSE', 2, 2, '2024-12-19 05:56:44', '2024-12-19 05:56:44', NULL, NULL),
	(21, 2, 'Driver', 'SC', 13, 6, '2024-12-19 05:56:44', '2024-12-19 05:56:44', NULL, NULL),
	(29, 1, 'Security Secom', 'secom', 31, 1, '2026-02-10 19:05:23', '2026-02-12 09:56:29', NULL, NULL),
	(30, 1, 'Security Mardizu', 'mardizu', 31, 2, '2026-02-10 19:06:02', '2026-02-12 09:56:34', NULL, NULL),
	(31, 1, 'HRGA', 'HR CNI', 2, 1, '2026-02-12 09:51:55', '2026-02-12 09:52:24', NULL, NULL),
	(32, 2, 'Driver', 'DR', 13, 1, '2026-02-18 03:48:36', '2026-02-18 03:48:36', NULL, NULL);

-- Dumping structure for view e-connect_db.departments_view
-- Creating temporary table to overcome VIEW dependency errors
CREATE TABLE `departments_view` (
	`department_id` BIGINT(20) UNSIGNED NOT NULL,
	`branch_id` BIGINT(20) UNSIGNED NOT NULL,
	`dept_name` VARCHAR(255) NOT NULL COLLATE 'utf8mb4_unicode_ci',
	`dept_code` VARCHAR(255) NOT NULL COLLATE 'utf8mb4_unicode_ci',
	`parent_id` BIGINT(20) UNSIGNED NULL,
	`location` INT(10) NULL,
	`branch_name` VARCHAR(255) NULL COLLATE 'utf8mb4_unicode_ci',
	`branch_desc` VARCHAR(255) NULL COLLATE 'utf8mb4_unicode_ci',
	`parent_name` VARCHAR(255) NULL COLLATE 'utf8mb4_unicode_ci',
	`office_name` VARCHAR(255) NULL COLLATE 'utf8mb4_unicode_ci',
	`office_address` VARCHAR(255) NULL COLLATE 'utf8mb4_unicode_ci'
) ENGINE=MyISAM;

-- Dumping structure for table e-connect_db.employees
CREATE TABLE IF NOT EXISTS `employees` (
  `id` int NOT NULL AUTO_INCREMENT,
  `user_id` char(36) CHARACTER SET utf8mb4 COLLATE utf8mb4_unicode_ci DEFAULT NULL,
  `full_name` varchar(255) CHARACTER SET utf8mb4 COLLATE utf8mb4_unicode_ci NOT NULL,
  `picture` varchar(255) CHARACTER SET utf8mb4 COLLATE utf8mb4_unicode_ci DEFAULT NULL,
  `nik` varchar(255) CHARACTER SET utf8mb4 COLLATE utf8mb4_unicode_ci NOT NULL,
  `barcode` varchar(255) CHARACTER SET utf8mb4 COLLATE utf8mb4_unicode_ci NOT NULL,
  `branch_id` bigint unsigned NOT NULL,
  `department_id` varchar(255) COLLATE utf8mb4_unicode_ci DEFAULT NULL,
  `position_id` varchar(255) COLLATE utf8mb4_unicode_ci DEFAULT NULL,
  `location_id` varchar(255) COLLATE utf8mb4_unicode_ci DEFAULT NULL,
  `employee_shift_id` varchar(255) COLLATE utf8mb4_unicode_ci DEFAULT NULL,
  `title_id` varchar(255) COLLATE utf8mb4_unicode_ci DEFAULT NULL,
  `employee_status` enum('Contract','Intern','Permanent','Probationary','Resign','Terminated','Temporary') CHARACTER SET utf8mb4 COLLATE utf8mb4_unicode_ci DEFAULT NULL,
  `contract_count` int NOT NULL DEFAULT '0',
  `join_date` date DEFAULT NULL,
  `effective_date` date DEFAULT NULL,
  `end_effective_date` date DEFAULT NULL,
  `resign_date_rehire` date DEFAULT NULL,
  `religion` enum('Buddhist','Catholic','Christian','Hindu','Moslem') CHARACTER SET utf8mb4 COLLATE utf8mb4_unicode_ci DEFAULT NULL,
  `gender` enum('Female','Male') CHARACTER SET utf8mb4 COLLATE utf8mb4_unicode_ci NOT NULL,
  `marital_status` enum('Divorced','Married','Single','Widow','Widower') CHARACTER SET utf8mb4 COLLATE utf8mb4_unicode_ci NOT NULL,
  `place_of_birth` varchar(255) CHARACTER SET utf8mb4 COLLATE utf8mb4_unicode_ci DEFAULT NULL,
  `date_of_birth` date DEFAULT NULL,
  `address` text CHARACTER SET utf8mb4 COLLATE utf8mb4_unicode_ci,
  `phone` varchar(255) CHARACTER SET utf8mb4 COLLATE utf8mb4_unicode_ci DEFAULT NULL,
  `office_email` varchar(255) CHARACTER SET utf8mb4 COLLATE utf8mb4_unicode_ci DEFAULT NULL,
  `personal_email` varchar(255) CHARACTER SET utf8mb4 COLLATE utf8mb4_unicode_ci DEFAULT NULL,
  `npwp` varchar(255) CHARACTER SET utf8mb4 COLLATE utf8mb4_unicode_ci DEFAULT NULL,
  `bpjs_tk` varchar(255) CHARACTER SET utf8mb4 COLLATE utf8mb4_unicode_ci DEFAULT NULL,
  `bpjs_health` varchar(255) CHARACTER SET utf8mb4 COLLATE utf8mb4_unicode_ci DEFAULT NULL,
  `ktp_number` varchar(255) CHARACTER SET utf8mb4 COLLATE utf8mb4_unicode_ci DEFAULT NULL,
  `rfid_number` varchar(255) CHARACTER SET utf8mb4 COLLATE utf8mb4_unicode_ci DEFAULT NULL,
  `created_at` timestamp NULL DEFAULT CURRENT_TIMESTAMP,
  `updated_at` timestamp NULL DEFAULT CURRENT_TIMESTAMP ON UPDATE CURRENT_TIMESTAMP,
  `deleted_at` timestamp NULL DEFAULT NULL,
  `is_deleted` int DEFAULT NULL,
  PRIMARY KEY (`id`),
  UNIQUE KEY `employees_nik_unique` (`nik`),
  UNIQUE KEY `employees_barcode_unique` (`barcode`),
  UNIQUE KEY `employees_office_email_unique` (`office_email`),
  UNIQUE KEY `employees_personal_email_unique` (`personal_email`),
  UNIQUE KEY `employees_npwp_unique` (`npwp`),
  UNIQUE KEY `employees_bpjs_tk_unique` (`bpjs_tk`),
  UNIQUE KEY `employees_bpjs_health_unique` (`bpjs_health`),
  UNIQUE KEY `employees_ktp_number_unique` (`ktp_number`),
  UNIQUE KEY `employees_rfid_number_unique` (`rfid_number`),
  KEY `employees_user_id_foreign` (`user_id`),
  KEY `employees_branch_id_foreign` (`branch_id`),
  KEY `employees_department_id_foreign` (`department_id`),
  KEY `employees_position_id_foreign` (`position_id`),
  KEY `employees_title_id_foreign` (`title_id`)
) ENGINE=InnoDB DEFAULT CHARSET=utf8mb4 COLLATE=utf8mb4_unicode_ci;

-- Dumping data for table e-connect_db.employees: ~323 rows (approximately)
DELETE FROM `employees`;
INSERT INTO `employees` (`id`, `user_id`, `full_name`, `picture`, `nik`, `barcode`, `branch_id`, `department_id`, `position_id`, `location_id`, `employee_shift_id`, `title_id`, `employee_status`, `contract_count`, `join_date`, `effective_date`, `end_effective_date`, `resign_date_rehire`, `religion`, `gender`, `marital_status`, `place_of_birth`, `date_of_birth`, `address`, `phone`, `office_email`, `personal_email`, `npwp`, `bpjs_tk`, `bpjs_health`, `ktp_number`, `rfid_number`, `created_at`, `updated_at`, `deleted_at`, `is_deleted`) VALUES
	(1, 'CNI0717765', 'Abdul Amjad Jaelani', NULL, 'CNI0717765', '3059', 1, '7', '119', '2', NULL, '24', 'Contract', 3, '2024-10-14', '2025-02-17', '2025-04-11', NULL, 'Moslem', 'Male', 'Single', 'Karawang', '1997-05-04', 'Dusun Baktijaya RT 011/ 005 Batujaya, Batujaya, Kab. Karawang', '085710430285', NULL, 'penyasjaelani@gmail.com', '72.907.876.6-408.000', '\'24126424498', NULL, '\'3215080405970000', NULL, '2026-02-18 04:00:42', '2026-02-18 04:56:43', NULL, NULL),
	(2, 'CNI0717800', 'Abdul Rosid', NULL, 'CNI0717800', '3096', 1, '7', '116', '1', NULL, '24', 'Contract', 3, '2024-11-25', '2025-03-24', '2025-05-23', NULL, 'Moslem', 'Male', 'Single', 'Bekasi', '1996-08-15', 'Kp. Pisang Batu RT.003/001 Pahlawan Setia, Tarumajaya, Kab. Bekasi.', '085890279811', NULL, 'arosid418@gmail.com', '76.774.006.1-435.000', '\'24126423631', NULL, '\'3216011508960000', NULL, '2026-02-18 04:00:42', '2026-02-18 04:56:28', NULL, NULL),
	(3, 'CNI0717745', 'Abdul Sholeh', NULL, 'CNI0717745', '3039', 1, '7', '118', '2', NULL, '23', 'Contract', 3, '2024-09-17', '2025-03-17', '2025-06-16', NULL, 'Moslem', 'Male', 'Married', 'Brebes', '1996-05-17', 'Kp. Buaran RT 03/ 01 Lambangsari, Tambun Selatan,Kab. Bekasi', '083805551038', NULL, 'abdulsholeh596@gmail.com', '73.762.712.5-435.000', NULL, NULL, '\'3216061705960010', NULL, '2026-02-18 04:00:42', '2026-02-18 04:56:43', NULL, NULL),
	(4, 'CNI0716250', 'Abel Sutrisno', NULL, 'CNI0716250', '1376', 1, '3,10', '63', '2', NULL, '11', 'Permanent', 0, '2018-05-23', '2018-05-23', NULL, NULL, 'Christian', 'Male', 'Single', 'Jakarta', '1996-05-18', 'Jl. Buni No 21, Jakarta Barat', '081905622234', 'abel.sutrisno@ciptanissin.co.id', 'abel.sutrisno@gmail.com', '58.045.699.7-032.000', '\'18053102473', '\'1732122617', '\'3173031805960000', NULL, '2026-02-18 04:00:42', '2026-02-18 04:56:43', NULL, NULL),
	(5, 'CNI0716149', 'Achmad Rifian', NULL, 'CNI0716149', '1223', 1, '4', '82', '1', NULL, '23', 'Permanent', 2, '2017-02-13', '2018-02-27', NULL, NULL, 'Moslem', 'Male', 'Married', 'Jakarta', '1976-07-29', 'Mustika Karang Satria Blok EA 6 No.11 Karangsatria Tambun Utara ', '081310093084', NULL, 'achmad.rivian.76@gmail.com', '57.721.371.3-435.000', '\'17010918757', '\'1640963193', '\'3216052907760010', NULL, '2026-02-18 04:00:42', '2026-02-18 04:56:28', NULL, NULL),
	(6, 'CNI0717452', 'Achmad Syaifulloh', NULL, 'CNI0717452', '2726', 1, '9', '86', '1', NULL, '23', 'Contract', 7, '2023-08-28', '2025-02-28', '2025-05-27', NULL, 'Moslem', 'Male', 'Married', 'Bekasi', '1993-02-20', 'Jl. Kandang Sapi RT.04/06 Cakung Timur, Cakung,Jakarta Timur', '087718070772', NULL, 'achmadsyaifulloh29@gmail.com', '72.011.219.2-407.000', '\'23146311529', '\'1146464572', '\'3275032002930000', NULL, '2026-02-18 04:00:42', '2026-02-18 04:56:28', NULL, NULL),
	(7, 'CNI0717815', 'Ade Abdul Azis', NULL, 'CNI0717815', '3112', 1, '7', '119', '2', NULL, '24', 'Contract', 7, '2024-12-16', '2025-02-17', '2025-04-18', NULL, 'Moslem', 'Male', 'Single', 'Garut', '1998-02-14', 'Kp. Nagot RT 002/ 001 Mekarluyu, Sukawening, Garut', '088223707606', NULL, 'adeabdulazis878@gmail.com', '76.582.667.2-443.000', '\'24126423656', NULL, '\'3205151402980000', NULL, '2026-02-18 04:00:42', '2026-02-18 04:56:43', NULL, NULL),
	(8, 'CNI0715077', 'Ade Indra Hendrawan', NULL, 'CNI0715077', '1018', 1, '7', '57', '1', NULL, '11', 'Permanent', 2, '2015-12-18', '2016-06-20', NULL, NULL, 'Moslem', 'Male', 'Married', 'Jakarta', '1973-02-22', 'Puri Cendana F7 No 11 RT 01/48 Kel.Sumber Jaya Kec.Tambun Selatan', '085714343665', 'ade.indra@ciptanissin.co.id', 'adeindra.h22@gmail.com', '67.566.250.6-435.000', '\'16012373359', '\'1766832783', '\'3216062202730010', NULL, '2026-02-18 04:00:42', '2026-02-18 04:56:28', NULL, NULL),
	(9, 'CNI0717761', 'Ade Kurnia Wijaya', NULL, 'CNI0717761', '3055', 1, '12', '101', '2', NULL, '24', 'Resign', 1, '2024-10-14', '2024-10-14', '2024-12-13', NULL, 'Moslem', 'Male', 'Single', 'Jakarta', '1992-06-09', 'Kp. Penggilingan, RT 006/007, Penggilingan, Cakung, Jakarta Timur', '087755560611', NULL, 'adekurnia78@gmail.com', '88.118.234.9-004.000', NULL, NULL, '\'3175060906920010', NULL, '2026-02-18 04:00:42', '2026-02-18 04:56:43', NULL, NULL),
	(10, 'CNI0717248', 'Adi Priyanto', NULL, 'CNI0717248', '2514', 1, '3', '65', '2', NULL, '13', 'Contract', 4, '2023-05-17', '2024-11-15', '2025-05-16', NULL, 'Moslem', 'Male', 'Widower', 'Solo', '1969-04-13', 'Jl Anyelir Raya Blok C VI No 3 RT 04/09 Sukatani Tapos Depok', '085286438235', 'adi.priyanto@ciptanissin.co.id', NULL, '67.657.159.9-412.000', '\'17022307320', '\'1319726182', '\'3276101304690000', NULL, '2026-02-18 04:00:42', '2026-02-18 04:56:43', NULL, NULL),
	(11, 'CNI0717294', 'Aditya Bayu Pratama', NULL, 'CNI0717294', '2560', 1, '4', '80', '2', NULL, '22', 'Contract', 8, '2023-05-26', '2025-02-28', '2025-05-27', NULL, 'Moslem', 'Male', 'Single', 'Bekasi', '1999-11-18', 'Jl. Pahlawan III E Blok G.49 No.20 PPM Rt.005/015, Mangunjaya, Bekasi.', '081779570838', 'aditya.bayu@ciptanissin.co.id', 'adityabayupratama1811@gmail.com', '96.933.694.0-435.000', '\'23014927174', '\'1175793491', '\'3216061811990020', NULL, '2026-02-18 04:00:42', '2026-02-18 04:56:43', NULL, NULL),
	(12, 'CNI0717601', 'Aditya Chandra Setiawan', NULL, 'CNI0717601', '2883', 1, '9', '86', '1', NULL, '23', 'Contract', 5, '2024-01-15', '2025-01-15', '2025-04-14', NULL, 'Moslem', 'Male', 'Single', 'Bogor', '2002-06-18', 'Pedurenan RT 006/012 Pebuaran, Cibinong, Bogor.', '088291918424', NULL, 'aditya.cs9999@gmail.com', '41.199.470.0-403.000', '\'24024243628', '\'3072988394', '\'3201011806020010', NULL, '2026-02-18 04:00:42', '2026-02-18 04:56:28', NULL, NULL),
	(13, 'CNI0716773', 'Afif Fazri', NULL, 'CNI0716773', '1989', 1, '10', '51', '2', NULL, '21', 'Permanent', 6, '2021-12-17', '2023-09-20', NULL, NULL, 'Moslem', 'Male', 'Single', 'Bandung', '1995-04-06', 'Bihbul Raya No. 53 RT 011/002 Sayati, Margahayu, Bandung.     ', '08119157853', 'afif.fazri@ciptanissin.co.id', 'afifazri95@gmail.com', '91.411.374.1-445.000', '\'19041474644', '\'2764544635', '\'3204090604950010', NULL, '2026-02-18 04:00:42', '2026-02-18 04:56:43', NULL, NULL),
	(14, 'CNI0717600', 'Afrizal Aprilianto', NULL, 'CNI0717600', '2882', 1, '9', '86', '1', NULL, '23', 'Contract', 5, '2024-01-15', '2025-01-14', '2025-04-12', NULL, 'Moslem', 'Male', 'Single', 'Brebes', '2001-04-08', 'Bangsri RT 002/005 Bangsri, Bulakamba, Brebes', '0895360936442', NULL, 'valdoerdi@gmail.com', '92.419.354.3-501.000', '\'24024243594', '\'2917891653', '\'3329140804010000', NULL, '2026-02-18 04:00:42', '2026-02-18 04:56:28', NULL, NULL),
	(15, 'CNI0716941', 'Agil Gustianto', NULL, 'CNI0716941', '2180', 1, '9', '85', '1', NULL, '19', 'Contract', 6, '2022-07-04', '2025-01-04', '2025-07-03', NULL, 'Moslem', 'Male', 'Single', 'Jakarta', '1996-03-31', 'Jl. Marunda Baru RT 002/ 003  Marunda, Cilincing, Jakarta Utara.', '089666679466', NULL, 'Agilgustianto31@gmail.com', '75.257.782.5-045.000', '\'22099141115', '\'1637915771', '\'3172043103960000', NULL, '2026-02-18 04:00:42', '2026-02-18 04:56:28', NULL, NULL),
	(16, 'CNI0715048', 'Agung Guntur', NULL, 'CNI0715048', '988', 1, '3', '88', '2', NULL, '21', 'Permanent', 2, '2015-12-14', '2016-05-21', NULL, NULL, 'Moslem', 'Male', 'Married', 'Bekasi', '1986-06-30', 'Jl. Margi Utami RT03/07 No.65 Kel Bantar Gebang Kec Bantar Gebang Bekasi\n\n', '082211433342', NULL, 'agungguntur1213@gmail.com', '81.623.800.0-432.000', '\'16012373649', '\'1148900084', '\'3275073006860000', NULL, '2026-02-18 04:00:42', '2026-02-18 04:56:43', NULL, NULL),
	(17, 'CNI0717839', 'Agung Hartanto', NULL, 'CNI0717839', '3146', 1, '7', '116', '1', NULL, '24', 'Contract', 2, '2025-01-13', '2025-03-17', '2025-05-16', NULL, 'Moslem', 'Male', 'Single', 'Jakarta', '1997-01-26', 'Kp. Penggilingan RT 002/007 Penggilingan, Cakung, Jakarta Timur', '083145993961', NULL, 'agunghartanto547@gmail.com', '82.658.950.9-004.000', '\'24126423664', NULL, '\'3175062601970020', NULL, '2026-02-18 04:00:42', '2026-02-18 04:56:28', NULL, NULL),
	(18, 'CNI0717883', 'Agung Wijaya', NULL, 'CNI0717883', '3207', 1, '7', '119', '2', NULL, '24', 'Contract', 1, '2025-04-16', '2025-04-16', '2025-06-13', NULL, 'Moslem', 'Male', 'Married', 'Indramayu', '1995-07-06', 'Perum Setu Asri BlokD7/9. RT004/007, Cibening, Setu, Kab. Bekasi', '085715676124', NULL, 'agungwijaya@gmail.com', '3172040607950010', NULL, NULL, '\'3172040607950012', NULL, '2026-02-18 04:00:42', '2026-02-18 04:56:43', NULL, NULL),
	(19, 'CNI0717198', 'Agus Andi Antoro', NULL, 'CNI0717198', '2461', 1, '7', '115', '1', '', '23', 'Contract', 9, '2023-02-20', '2025-02-22', '2025-05-21', NULL, 'Moslem', 'Male', 'Single', 'Jakarta', '1989-11-04', 'Jl. Jati IV No.20 C RT.006/005 Sungai Bambu, Tanjung Priok, Jakarta Utara.', '087777943062', NULL, 'agus_andiantoro@yahoo.com', '41.713.989.6-048.000', '\'23029543545', '\'1225232908', '\'3172020411890010', NULL, '2026-02-18 04:00:42', '2026-02-18 06:27:59', NULL, NULL),
	(20, 'CNI0716471', 'Agus Budiyanto', NULL, 'CNI0716471', '1637', 1, '12', '100', '2', NULL, '23', 'Contract', 6, '2020-01-22', '2025-01-24', '2026-01-23', NULL, 'Moslem', 'Male', 'Married', 'Jakarta', '1976-08-29', 'Bali Matraman RT 011/ 009 Tebet, Manggarai, Jakarta Selatan.', '081387630666', NULL, 'agusbudhyyanto@gmail.com', '68.881.841.8-015.000', '\'17065082475', '\'1295605978', '\'3174012908760000', NULL, '2026-02-18 04:00:42', '2026-02-18 04:56:43', NULL, NULL),
	(21, 'CNI0717199', 'Agus Saputra Sutomo', NULL, 'CNI0717199', '2462', 1, '7', '115', '1', NULL, '23', 'Contract', 9, '2023-02-13', '2025-02-15', '2025-05-14', NULL, 'Moslem', 'Male', 'Married', 'Purworejo', '1996-11-28', 'Kedung Kembang RT 003/ 001 Kaligintung,  Pituruh, Purworejo.', '082242250638', NULL, 'saputraagus1128@gmail.com', '74.380.479.1-531.000', '\'23029543552', '\'1019228062', '\'3306112811960000', NULL, '2026-02-18 04:00:42', '2026-02-18 04:56:28', NULL, NULL),
	(22, 'CNI0716880', 'Ahmad Andi Wijaya', NULL, 'CNI0716880', '2112', 1, '7', '113', '1', NULL, '19', 'Contract', 12, '2022-06-02', '2025-03-04', '2025-06-03', NULL, 'Moslem', 'Male', 'Married', 'Blitar', '1992-08-24', 'Kp. Sawah Bogo RT 003/003 Setiadarma, Tambun Selatan,Kab.  Bekasi.', '085213857079', NULL, 'andiwijayaahmad@gmail.com', '55.990.013.9-435.000', '\'22079431304', '\'2098926505', '\'3216062408920010', NULL, '2026-02-18 04:00:42', '2026-02-18 04:56:28', NULL, NULL),
	(23, 'CNI0717775', 'Ahmad Anggi Sitorus', NULL, 'CNI0717775', '3070', 1, '7', '115', '1', NULL, '23', 'Contract', 2, '2024-10-21', '2025-01-21', '2025-04-19', NULL, 'Moslem', 'Male', 'Single', 'Bekasi', '2000-05-17', 'Jl. Taman Apel Hijau II RT 010/019 Pedurenan, Mustika Jaya, Bekasi', '085782559806', NULL, 'anggisitorus17@gmail.com', '92.509.349.4-303.000', NULL, NULL, '\'3275071705000010', NULL, '2026-02-18 04:00:42', '2026-02-18 04:56:28', NULL, NULL),
	(24, 'CNI0716764', 'Ahmad Badri', NULL, 'CNI0716764', '1980', 1, '6', '53', '2', NULL, '11', 'Permanent', 4, '2021-12-02', '2023-02-21', NULL, NULL, 'Moslem', 'Male', 'Married', 'Bekasi', '1995-11-19', 'Kp. Cabang Lio RT 004/004 Karangasih, Cikarang Utara, Bekasi.     ', '081289693929', 'ahmad.badri@ciptanissin.co.id', 'ahmadbadri.n19@gmail.com', '70.992.824.6-414.000', '\'22005463025', '\'1324822241', '\'3216091911950010', NULL, '2026-02-18 04:00:42', '2026-02-18 04:56:43', NULL, NULL),
	(25, 'CNI0717858', 'Ahmad Buchori', NULL, 'CNI0717858', '3169', 1, '7', '119', '2', NULL, '24', 'Contract', 1, '2025-02-10', '2025-02-10', '2025-04-11', NULL, 'Moslem', 'Male', 'Married', 'Bekasi', '1986-06-10', 'Kaliabang Dukuh RT 004/ 010 Pejuang,  Medan Satria, Bekasi', '087886589775', NULL, 'buchoriizoel80@gmail.com', '41.822.248.5-427.000', '\'24126423995', NULL, '\'3275061006860010', NULL, '2026-02-18 04:00:42', '2026-02-18 04:56:43', NULL, NULL),
	(26, 'CNI0717484', 'Ahmad Farid Wardiansyah', NULL, 'CNI0717484', '2761', 1, '11', '102', '2', NULL, '23', 'Contract', 6, '2023-10-09', '2025-01-09', '2025-04-08', NULL, 'Moslem', 'Male', 'Single', 'Jakarta', '2002-04-09', 'Jl. Utan Panjang III RT.012/06 Harapan Mulia, Kemayoran, Jakarta Pusat.', '082313130299', NULL, 'ahmadfarid3328@gmail.com', '53.092.088.3-027.000', '\'23168052480', '\'1205949723', '\'3171032904020000', NULL, '2026-02-18 04:00:42', '2026-02-18 04:56:43', NULL, NULL),
	(27, 'CNI0717686', 'Ahmad Fauzan Fahmi', NULL, 'CNI0717686', '2974', 1, '7', '115', '1', NULL, '23', 'Contract', 2, '2024-06-18', '2024-09-17', '2024-12-17', NULL, 'Moslem', 'Male', 'Married', 'Bekasi', '1993-12-08', 'Kp Pamahan RT001/005 Setia Mulya, Tarumajaya, Kab. Bekasi', '083815772919', NULL, 'ahmadfauzanfahmi93@gmail.com', '73.666.971.4-435.000', '\'24098059504', '\'1770969971', '\'3216010812930000', NULL, '2026-02-18 04:00:42', '2026-02-18 04:56:28', NULL, NULL),
	(28, 'CNI0717234', 'Ahmad Fudoli', NULL, 'CNI0717234', '2498', 1, '7', '115', '1', NULL, '23', 'Contract', 8, '2023-04-10', '2025-01-10', '2025-04-09', NULL, 'Moslem', 'Male', 'Married', 'Jakarta', '1976-12-07', 'Pulo Gebang RT 005/004 Pulo Gebang, Cakung, Jakarta Timur.', '08569908950', NULL, 'ahmadfudoli119@gmail.com', '89.979.318.6-006.000', '\'23056038872', '\'1295536364', '\'3175060712760010', NULL, '2026-02-18 04:00:42', '2026-02-18 04:56:28', NULL, NULL),
	(29, 'CNI0717629', 'Ahmad Hidayat Rangkuti', NULL, 'CNI0717629', '2914', 1, '3', '103', '2', NULL, '17', 'Contract', 5, '2024-03-05', '2025-03-05', '2025-06-04', NULL, 'Moslem', 'Male', 'Married', 'Bogor', '1990-08-08', 'Kp. Panggulaan RT 002/001 Sukaraja, Sukaraja,Bogor', '081289444343', 'ahmad.hidayat@ciptanissin.co.id', 'hidayatahmat73@gmail.com', '57.263.999.5-403.000', '\'24056752082', '\'1297785993', '\'3201040808900000', NULL, '2026-02-18 04:00:42', '2026-02-18 04:56:43', NULL, NULL),
	(30, 'CNI0717878', 'Ahmad Insyal', NULL, 'CNI0717878', '3194', 1, '12', '101', '2', NULL, '24', 'Contract', 1, '2025-03-18', '2025-03-18', '2025-05-16', NULL, 'Moslem', 'Male', 'Married', 'Semarang', '1995-02-12', 'Perum Graha Asri Residence 2 Blok GA 35/11 RT010/004, Bengle,Majalaya, Kab. Kawarang\n', '89668862169', NULL, 'ahmadinsyal@gmail.com', '3374101202950000', NULL, NULL, '\'3374101202950002', NULL, '2026-02-18 04:00:42', '2026-02-18 04:56:43', NULL, NULL),
	(31, 'CNI0717778', 'Ahmad Rifai', NULL, 'CNI0717778', '3073', 1, '7', '116', '1', NULL, '24', 'Resign', 2, '2024-11-04', '2025-03-03', '2025-05-02', NULL, 'Moslem', 'Male', 'Single', 'Kebumen', '2001-05-16', 'Wedi Desa, RT002/003, Prasutan, Ambal, Kab. Kebumen', '083119221255', NULL, 'faibae751@gmail.com', '91.654.112.1-523.000', NULL, NULL, NULL, NULL, '2026-02-18 04:00:42', '2026-02-18 04:56:28', NULL, NULL),
	(32, 'CNI0717825', 'Ajat Setiawan', NULL, 'CNI0717825', '3122', 1, '11', '50', '2', NULL, '24', 'Contract', 2, '2024-12-30', '2025-03-03', '2025-05-02', NULL, 'Moslem', 'Male', 'Married', 'Bekasi', '1990-10-15', 'Kp Tanah Tinggi RT 001/024 Setia Asih, Tarumajaya, Kab. Bekasi', '081212275515', NULL, 'setiawanazat@gmail.com', '70.795.946.6-435.000', '\'24126423698', NULL, NULL, NULL, '2026-02-18 04:00:42', '2026-02-18 04:56:43', NULL, NULL),
	(33, 'CNI0717832', 'Akhmad Zaeni', NULL, 'CNI0717832', '3138', 1, '7', '119', '2', NULL, '24', 'Contract', 2, '2025-01-06', '2025-03-10', '2025-05-09', NULL, 'Moslem', 'Male', 'Married', 'Pemalang', '1996-11-10', 'Kedungyom RT 014/ 003 Tegalsari Timur, Ampel Gading, Pemalang', '085715676124', NULL, 'akhmadzaelani27@gmail.com', '80.996.594.0-502.000', '\'24126423706', NULL, NULL, NULL, '2026-02-18 04:00:42', '2026-02-18 04:56:43', NULL, NULL),
	(34, 'CNI0717779', 'Alamsyah Putra', NULL, 'CNI0717779', '3074', 1, '7', '116', '1', NULL, '24', 'Contract', 3, '2024-11-04', '2025-03-03', '2025-05-02', NULL, 'Moslem', 'Male', 'Single', 'Jakarta', '1992-05-28', 'Jl. H Montong GG Gamai II, RT006/002, Ciganjur, Jagakarsa, Jakarta Selatan', '089660695776', NULL, 'alamsyah.putra23@gmail.com', '96.875.005.9-068.000', NULL, NULL, NULL, NULL, '2026-02-18 04:00:42', '2026-02-18 04:56:28', NULL, NULL),
	(35, 'CNI0717790', 'Aldi Rahman Sach', NULL, 'CNI0717790', '3085', 1, '7', '116', '1', NULL, '24', 'Resign', 1, '2024-11-10', '2024-11-11', '2025-01-03', NULL, 'Moslem', 'Male', 'Single', 'Kuningan', '1998-01-16', 'Dusun 2 Lurah, RT 009/RW 002, Linggajati, Cilimus, Kuningan', '0895374594831', NULL, 'amriaizar007@gmail.com', '81.785.986.1-438.000', '\'24126423714', NULL, NULL, NULL, '2026-02-18 04:00:43', '2026-02-18 04:56:28', NULL, NULL),
	(36, 'CNI0717787', 'Aldi Resta Suryandri', NULL, 'CNI0717787', '3082', 1, '9', '86', '1', NULL, '23', 'Contract', 2, '2024-11-04', '2025-02-04', '2025-05-03', NULL, 'Moslem', 'Male', 'Married', 'Bekasi', '1998-05-04', 'KP. Pulo Kecil No. 4, RT 001/ 023,Kayuringin Jaya, Bekasi Selatan, Kota Bekasi', '085886651689', NULL, 'aldiansyahaldy56@gmail.com', '80.649.414.2-432.000', '\'24126423722', NULL, NULL, NULL, '2026-02-18 04:00:43', '2026-02-18 04:56:28', NULL, NULL),
	(37, 'CNI0717877', 'Alfan Zaky Muntaha', NULL, 'CNI0717877', '3193', 1, '11', '122', '1', NULL, '24', 'Contract', 1, '2025-03-18', '2025-03-18', '2025-05-16', NULL, 'Moslem', 'Male', 'Married', 'Pemalang', '1998-04-07', 'Jl. Raya Bekasi km23, RT012/004, Cakung Barat, Cakung, Jakarta Timur', '85888219077', NULL, 'alfanmuntaha4@gmail.com', '3327090704980010', NULL, NULL, '\'3327090704980012', NULL, '2026-02-18 04:00:43', '2026-02-18 04:56:28', NULL, NULL),
	(38, 'CNI0717726', 'Alpian Muharom', NULL, 'CNI0717726', '3017', 1, '11', '71', '1', NULL, '24', 'Resign', 2, '2024-07-22', '2024-09-20', '2024-11-22', NULL, 'Moslem', 'Male', 'Married', 'Jakarta', '1991-07-20', 'Cakung Barat RT 003/005 Cakung Barat, Cakung, Jakarta Timur', '087894086991', NULL, 'alpianmuharrom@gmail.com', '79.623.571.1-006.000', '\'24126423730', NULL, '\'3175062007910000', NULL, '2026-02-18 04:00:43', '2026-02-18 04:56:28', NULL, NULL),
	(39, 'CNI0717865', 'Alpin Rizaldi', NULL, 'CNI0717865', '3178', 1, '7', '119', '2', NULL, '24', 'Contract', 1, '2025-02-26', '2025-02-26', '2025-04-25', NULL, 'Moslem', 'Male', 'Single', 'Duri', '2002-03-27', 'Jl. Tegal Sari KM.4, RT001/005, Pematang Obo, Bathin Solapan, Kab. Bengakalis.', '0812 6693 6536', 'alpin270302@gmail.com', NULL, '14.030.927.0-302.001', NULL, NULL, '\'1403092703020010', NULL, '2026-02-18 04:00:43', '2026-02-18 04:56:43', NULL, NULL),
	(40, 'CNI0717801', 'Alvian Fathoni Ramaditya', NULL, 'CNI0717801', '3097', 1, '7', '116', '1', NULL, '24', 'Contract', 2, '2024-11-25', '2025-02-25', '2025-05-24', NULL, 'Moslem', 'Male', 'Single', 'Jakarta', '1994-09-24', 'Kp. Cakung RT 005/006 Cakung Barat, Cakung, Jakarta Timur', '085893101015', NULL, 'alvianfathoniramaditya@gmail.com', '45.863.077.9-006.000', '\'24126423748', NULL, '\'3175062409940010', NULL, '2026-02-18 04:00:43', '2026-02-18 04:56:28', NULL, NULL),
	(41, NULL, 'Alvin Willyantara', NULL, 'CNI0717989', '3327', 1, '4', '132', '1', NULL, '18', 'Contract', 1, '2025-09-26', '2025-09-26', '2025-12-25', NULL, 'Moslem', 'Male', 'Single', 'Kab. Bekasi', '1998-05-18', 'Perumahan Arafah Residence Blok 17, RT009/009, Srimahi, Tambun Utara, Kab. Bekasi', '0877 8552 1897', NULL, NULL, NULL, NULL, NULL, '\'3275061805980020', NULL, '2026-02-18 04:00:43', '2026-02-18 04:56:28', NULL, NULL),
	(42, 'CNI0715089', 'Aminudin', NULL, 'CNI0715089', '1036', 1, '11', '46', '2', NULL, '20', 'Permanent', 2, '2015-12-21', '2016-12-19', NULL, NULL, 'Moslem', 'Male', 'Married', 'Bogor', '1988-05-27', 'Jl Swadaya VI RT 015/004 Kel Cempaka Baru Kec Kemayoran Jakarta Pusat', '02190273055', 'aminudin@ciptanissin.co.id', 'mayaami20@gmail.com', '67.657.192.0-006.000', '\'16012373409', '\'1142200113', '\'3275032705880010', NULL, '2026-02-18 04:00:43', '2026-02-18 04:56:43', NULL, NULL),
	(43, 'CNI0717746', 'Andi Febrian Maulana', NULL, 'CNI0717746', '3040', 1, '7', '119', '2', NULL, '24', 'Contract', 3, '2024-09-23', '2025-01-27', '2025-03-28', NULL, 'Moslem', 'Male', 'Single', 'Bekasi', '2002-02-03', 'Kp Pekopen Timur RT 001/001 Lambang Jaya, Tambun Selatan, Kab.Bekasi.', '089502301977', NULL, 'maulanaandifebrian@gmail.com', '42.620.775.9-435.000', '\'24126423755', NULL, '\'3216060302020010', NULL, '2026-02-18 04:00:43', '2026-02-18 04:56:43', NULL, NULL),
	(44, 'CNI0717848', 'Andika Dwi Riyanto', NULL, 'CNI0717848', '3157', 1, '7', '119', '2', NULL, '24', 'Contract', 2, '2025-01-20', '2025-03-24', '2025-05-23', NULL, 'Moslem', 'Male', 'Single', 'Jakarta', '1997-03-14', 'Jl. Cipayung Setu RT 01/04 Cilangkap, Cipayung, Jakarta Timur', '0895348019602', NULL, 'andhikadwi060@gmail.com', '83.323.538.5-009.000', '\'24126423771', NULL, '\'3175101403970000', NULL, '2026-02-18 04:00:43', '2026-02-18 04:56:43', NULL, NULL),
	(45, 'CNI0717791', 'Andre Darmawan', NULL, 'CNI0717791', '3086', 1, '11', '50', '2', NULL, '24', 'Contract', 3, '2024-11-11', '2025-03-17', '2025-05-16', NULL, 'Moslem', 'Male', 'Single', 'Subang', '1998-07-10', 'KP. Ciherang RT/RW 001?001, Leles, Sagalaherang, Kab. Subang', '083894490729', NULL, 'andredarmawan817@gmail.com', '93.773.865.6-439.000', '\'24126424027', NULL, '\'3213011007980000', NULL, '2026-02-18 04:00:43', '2026-02-18 04:56:43', NULL, NULL),
	(46, 'CNI0717520', 'Andri Widodo', NULL, 'CNI0717520', '2798', 1, '7', '118', '2', NULL, '23', 'Contract', 6, '2023-11-20', '2025-02-20', '2025-05-19', NULL, 'Moslem', 'Male', 'Married', 'Kebumen', '1993-05-31', 'Satria Jaya Permai Blok C2 No.9 RT.05/12, Kel. Satria Jaya, Kec. Tambun Utara, Bekasi.', '081388388783', NULL, 'andriwidodo739@gmail.com', '66.490.745.8-523.000', '\'23192792457', '\'542190025', '\'3305163105930000', NULL, '2026-02-18 04:00:43', '2026-02-18 04:56:43', NULL, NULL),
	(47, 'CNI0717828', 'Anggi Dwi Andhika Putra', NULL, 'CNI0717828', '3125', 1, '7', '116', '1', NULL, '24', 'Resign', 2, '2024-07-08', '2025-02-24', '2025-04-25', NULL, 'Moslem', 'Male', 'Single', 'Sukabumi', '2002-03-23', 'KP. Bojonggaling, RT 002/RW002, Sukatani, Parakan Salak, Sukabumi', '085693575761', NULL, 'anggidwiandhika03@gmail.com', '41.781.260.9-405.000', '\'24126423789', NULL, '\'3202152303020000', NULL, '2026-02-18 04:00:43', '2026-02-18 04:56:28', NULL, NULL),
	(48, 'CNI0717709', 'Anjar Priyatun', NULL, 'CNI0717709', '2999', 1, '7', '115', '1', NULL, '23', 'Contract', 3, '2024-07-08', '2025-01-08', '2025-04-07', NULL, 'Moslem', 'Male', 'Married', 'Banjarnegara', '1997-03-27', 'Grumbul Lampeng RT 001/003 Derik, Susukan, Banjarnegara', '081317070684', NULL, 'anjarpriya27@gmail.com', '73.556.368.6-529.000', '\'24114340920', '\'534615772', '\'3304012703970000', NULL, '2026-02-18 04:00:43', '2026-02-18 04:56:28', NULL, NULL),
	(49, 'CNI0717236', 'Anjar Yunianto', NULL, 'CNI0717236', '2500', 1, '9', '86', '1', NULL, '23', 'Contract', 8, '2023-05-02', '2025-02-03', '2025-05-02', NULL, 'Moslem', 'Male', 'Single', 'Magelang', '1992-06-09', 'Bobosan RT 025/ 012 Tersangede, Salam, Magelang.', '082210101378', NULL, 'anjaryunianto92@gmail.com', '64.179.441.7-524.000', '\'23073188833', '\'1019834471', '\'3308040906920000', NULL, '2026-02-18 04:00:43', '2026-02-18 04:56:28', NULL, NULL),
	(50, 'CNI0717851', 'Anjay', NULL, 'CNI0717851', '3164', 1, '9', '91', '1', NULL, '24', 'Resign', 2, '2025-01-27', '2025-03-31', '2025-05-30', NULL, 'Moslem', 'Male', 'Married', 'Karawang', '2001-10-20', 'Dusun Krajan I, RT002/001, Kedawung, Lemahabang, Karawang', '085782896794', NULL, 'anjay7050@gmail.com', '95.031.344.5-433.000', '\'24126423797', NULL, '\'3215192010010010', NULL, '2026-02-18 04:00:43', '2026-02-18 04:56:28', NULL, NULL),
	(51, 'CNI0716122', 'Antonius Adrianto', NULL, 'CNI0716122', '1187', 1, '11', '4', '1', NULL, '7', 'Permanent', 1, '2016-10-06', '2019-04-21', NULL, NULL, 'Catholic', 'Male', 'Married', 'Jakarta', '1974-06-06', 'Komp. Pertamina No.72 RT.002/03, Cimanggis, Depok', '081283923659', 'antonius.adrianto@ciptanissin.co.id', NULL, '67.752.227.8-412.000', '\'16048598730', '\'1463561223', '\'3276020606740020', NULL, '2026-02-18 04:00:43', '2026-02-18 04:56:28', NULL, NULL),
	(52, NULL, 'Antonius Tri Basuki', NULL, '2019162', '3408', 2, '15', '131', '2', NULL, '8', 'Permanent', 1, '2026-01-06', '2026-01-06', NULL, NULL, 'Catholic', 'Male', 'Married', 'Wonogiri', '1977-06-10', 'Nirwana Estate Blok R No.6 RT.02/13, Pakansari,Cibinong,Bogor,Jawa Barat', '0815 1081 8104', 'antonius.tri@ciptasaksama.co.id', NULL, NULL, NULL, NULL, '\'3173081006770004', NULL, '2026-02-18 04:00:43', '2026-02-18 09:24:14', NULL, NULL),
	(53, 'CNI0717005', 'Ardi Pribadi', NULL, 'CNI0717005', '2254', 1, '11', '47', '2', NULL, '19', 'Contract', 7, '2022-10-24', '2024-11-01', '2025-05-01', NULL, 'Moslem', 'Male', 'Married', 'Majalengka', '1994-11-25', 'Blok Neglasari RT 002/ 002 Lampuyang, Talaga, Majalengka .', '085289904445', 'ardi.pribadi@ciptanissin.co.id', 'ardipribadi949@gmail.com', '70.367.426.7-438.000', '\'22148319514', '\'1008001675', '\'3210042511940020', NULL, '2026-02-18 04:00:43', '2026-02-18 04:56:43', NULL, NULL),
	(54, 'CNI0717742', 'Ari Anggoro', NULL, 'CNI0717742', '3036', 1, '7', '115', '1', NULL, '23', 'Contract', 3, '2024-09-09', '2025-03-08', '2025-06-07', NULL, 'Moslem', 'Male', 'Single', 'Ngawi', '1996-02-20', 'Ngadirejo RT 001/ 002 Cepoko, Ngrambe, Ngawi', '083805551038', NULL, 'arieanggara602@gmail.com', '75.462.734.7-418.000', NULL, NULL, '\'3521022002960000', NULL, '2026-02-18 04:00:43', '2026-02-18 04:56:28', NULL, NULL),
	(55, 'CNI0717692', 'Ari Riyandi', NULL, 'CNI0717692', '2981', 1, '7', '115', '1', NULL, '23', 'Contract', 4, '2024-06-24', '2025-03-24', '2025-06-23', NULL, 'Moslem', 'Male', 'Single', 'Sumedang', '2000-06-05', 'Dusun Gorowong RT.01/03, Cisitu, Cisitu, Kab. Sumedang', '0895344506039', NULL, 'aririyandi29526@gmail.com', '41.006.456.2-446.000', '\'24114340904', '\'2932207582', '\'3211050506000000', NULL, '2026-02-18 04:00:43', '2026-02-18 04:56:28', NULL, NULL),
	(56, 'CNI0717431', 'Arief Wahyu Prayoga', NULL, 'CNI0717431', '2705', 1, '9', '86', '1', NULL, '23', 'Contract', 7, '2023-07-31', '2025-01-31', '2025-04-30', NULL, 'Moslem', 'Male', 'Married', 'Banyumas', '1996-04-08', 'Banjarparakan RT.01/04 Kel. Banjarparakan Kec. Rawalo Banyumas', '081282323367', NULL, 'ariefwahyuprayoga123@gmail.com', '71.823.845.4-521.000', '\'23129243939', '\'1516622387', '\'3302040804960000', NULL, '2026-02-18 04:00:43', '2026-02-18 04:56:28', NULL, NULL),
	(57, 'CNI0716583', 'Arif Hidayatuloh', NULL, 'CNI0716583', '1776', 1, '7', '108', '2', NULL, '21', 'Permanent', 3, '2020-11-30', '2022-02-25', NULL, NULL, 'Moslem', 'Male', 'Married', 'Kebumen', '1989-12-15', 'Kp Pulojahe RT 01/ 014 Jatinegara, Cakung, Jakarta Timur', '081806640434', NULL, 'arif.boement01@gmail.com', '57.741.084.8-523.000', '\'16012387573', '\'1745517554', '\'3175061512890010', NULL, '2026-02-18 04:00:43', '2026-02-18 04:56:43', NULL, NULL),
	(58, 'CNI0717541', 'Arif Rudianto', NULL, 'CNI0717541', '2820', 1, '7', '12', '2', NULL, '6', 'Contract', 6, '2023-12-04', '2025-03-04', '2025-06-03', NULL, 'Moslem', 'Male', 'Married', 'Jakarta', '1975-12-17', 'Ujung Menteng No.77B RT.07/02, Kel. Ujung Menteng, Kec. Cakung,Jakarta Timur', '0895803063400', 'arif.rudianto@ciptanissin.co.id', 'rudiantoarif75@gmail.com', '68.668.905.0-006.000', '\'24004357703', '\'1298127598', '\'3175061712750000', NULL, '2026-02-18 04:00:43', '2026-02-18 04:56:43', NULL, NULL),
	(59, NULL, 'Arlan Wijaya', NULL, 'CNI0718027', '3367', 1, '4', '133', '2', NULL, '18', 'Contract', 1, '2025-11-21', '2025-11-21', '2026-02-20', NULL, 'Moslem', 'Male', 'Married', 'Bekasi', '1994-08-21', 'KP. Sasak bakar, RT001/001, Kertamukti, Cibitung, Kab. Bekasi', '0813 8839 5051', NULL, 'arlanwijaya12@gmail.com', '32.160.721.0-894.000', NULL, NULL, '\'3216072108940005', NULL, '2026-02-18 04:00:43', '2026-02-18 04:56:43', NULL, NULL),
	(60, 'CNI0717748', 'Asep Komarudin', NULL, 'CNI0717748', '3042', 1, '7', '115', '1', NULL, '23', 'Contract', 3, '2024-09-23', '2025-03-21', '2025-06-20', NULL, 'Moslem', 'Male', 'Single', 'Jakarta', '1996-01-26', 'Kp. Penggilingan RT 15/07 Penggilingan, Cakung, Jakarta Timur', '081210287782', NULL, 'cepotkomarudin86@gmail.com', '82.210.071.5-004.000', NULL, NULL, '\'3175062601960010', NULL, '2026-02-18 04:00:43', '2026-02-18 04:56:28', NULL, NULL),
	(61, 'CNI0716267', 'Asep Suryana', NULL, 'CNI0716267', '1395', 1, '11', '6', '1', NULL, '21', 'Permanent', 0, '2018-07-13', '2020-08-24', NULL, NULL, 'Moslem', 'Male', 'Married', 'Bekasi', '1987-09-11', 'Jl. Yayasan Nurul Huda RT.006/002 Bantargebang, Bekasi', '085320775865', 'asep.suryana@ciptanissin.co.id', 'assyifakanzanurhalifah@gmail.com', '16.927.217.6-432.000', '\'13035481632', '\'1155362117', '\'3275071111870010', NULL, '2026-02-18 04:00:43', '2026-02-18 04:56:28', NULL, NULL),
	(62, '2019154', 'Asep Sutrisna', NULL, '2019154', '3069', 2, '16', '33', '2', NULL, '18', 'Contract', 2, '2024-10-21', '2025-01-21', '2025-04-18', NULL, 'Moslem', 'Male', 'Single', 'Jakarta', '1994-02-05', 'Jl. Pancoran Barat III, RT005/006, Pancoran, Jakarta Selatan', '087787638673', 'asep.sutrisna@ciptasaksama.co.id', 'asepsutrisna1494@gmail.com', '66.483.878.6-061.000', NULL, NULL, '\'3174080502941000', NULL, '2026-02-18 04:00:43', '2026-02-18 09:24:14', NULL, NULL),
	(63, '2019115', 'Bachtiar Pratama', NULL, '2019115', '2242', 2, '17', '37', '2', NULL, '16', 'Resign', 4, '2022-09-30', '2023-10-02', NULL, NULL, 'Moslem', 'Male', 'Single', 'Blora', '1996-12-19', 'Kel. Kunduran RT 003/002 Kunduran, Kunduran, Blora.', '081228445773', 'bachtiar.pratama@ciptasaksama.co.id', 'bachtiar.tama@gmail.com', '61.221.688.7-514.000', NULL, NULL, '\'3316131912960000', NULL, '2026-02-18 04:00:43', '2026-02-18 09:24:14', NULL, NULL),
	(64, 'CNI0716255', 'Bambang Suryadi', NULL, 'CNI0716255', '1381', 1, '3', '64', '2', NULL, '7', 'Permanent', 1, '2018-06-25', '2018-06-25', NULL, NULL, 'Moslem', 'Male', 'Married', 'Bogor', '1981-02-03', 'KP. Pakuhaji RT 001 RW 006', '081389395539', 'bambang.suryadi@ciptanissin.co.id', 'bams_surya11@yahoo.com', '49.622.170.6-412.000', '\'12031455020', '\'1666688512', '\'360301030281000', NULL, '2026-02-18 04:00:43', '2026-02-18 04:56:43', NULL, NULL),
	(65, 'CNI0717888', 'Bayu Aji Santoso', NULL, 'CNI0717888', '3214', 1, '9', '68', '1', NULL, '13', 'Contract', 1, '2025-04-28', '2025-04-28', '2025-07-25', NULL, 'Moslem', 'Male', 'Married', 'Jakarta', '1999-10-29', 'KP. Baru, RT018/007, Cakung Barat, Cakung, Jakarta Timur.', '81284736870', NULL, 'bayuaji5122@gmail.com', '3175062910991000', NULL, NULL, '\'3175062910991002', NULL, '2026-02-18 04:00:43', '2026-02-18 04:56:28', NULL, NULL),
	(66, 'CNI0717461', 'Beni Herdiyanto', NULL, 'CNI0717461', '2735', 1, '7', '118', '2', NULL, '23', 'Contract', 7, '2023-09-04', '2025-03-03', '2025-06-02', NULL, 'Moslem', 'Male', 'Married', 'Brebes', '1993-08-25', 'Desa Klampok RT. 06/07 Klampok, Wanasari, Brebes\n\nJl. Sultan Agung, Medan Satria Bekasi', '08978842916', NULL, 'beniherdiyanto@gmail.com', '97.449.848.7-501.000', '\'23146311537', '\'637066844', '\'3329082508930010', NULL, '2026-02-18 04:00:43', '2026-02-18 04:56:43', NULL, NULL),
	(67, 'CNI0717433', 'Beni Setiyadi Saputro', NULL, 'CNI0717433', '2707', 1, '7', '117', '2', NULL, '19', 'Contract', 7, '2023-08-07', '2025-02-07', '2025-05-06', NULL, 'Moslem', 'Male', 'Single', 'Kebumen', '1993-05-31', 'DK Krajan RT.02/02 Ampih, Bulupesantren,kebumen', '089653231856', NULL, 'bensyd566@gmail.com', '88.122.409.1-523.000', '\'23129243905', '\'1339094259', '\'3305063105930000', NULL, '2026-02-18 04:00:43', '2026-02-18 04:56:43', NULL, NULL),
	(68, 'CNI0716601', 'Bima Tommy Septian Gultom', NULL, 'CNI0716601', '1799', 1, '11', '8', '1', NULL, '17', 'Resign', 3, '2021-01-04', '2022-07-01', '2025-03-27', NULL, 'Christian', 'Male', 'Single', 'Pematangsiantar', '1995-09-29', 'Jl Asahan Aspol Blok J No. 9 RT 021 RW 010 Kel Siopat Suhu Kec Siantar Timur, Pematangsiantar', '082110938013', 'bima.tommy@ciptanissin.co.id', 'bimatommy29@gmail.com', '86.864.736.3-117.000', '\'20002589479', '\'1314920889', '\'1272012909950000', NULL, '2026-02-18 04:00:43', '2026-02-18 04:56:28', NULL, NULL),
	(69, 'CNI0717444', 'Budi Santoso', NULL, 'CNI0717444', '2718', 1, '7', '118', '2', NULL, '23', 'Contract', 7, '2023-08-14', '2025-02-14', '2025-05-13', NULL, 'Moslem', 'Male', 'Married', 'Sumedang', '1989-11-26', 'Dusun Ganeas RT.04/02 Ganeas, Ganeas,Sumedang', '081314733213', NULL, 'minartimegga@gmail.com', '96.709.008.5-446.000', '\'23129243954', '\'2086296153', '\'3211192611890000', NULL, '2026-02-18 04:00:43', '2026-02-18 04:56:43', NULL, NULL),
	(70, 'CNI0716111', 'Budi Setiyawan', NULL, 'CNI0716111', '1169', 1, '7', '114', '1', NULL, '19', 'Permanent', 3, '2016-08-29', '2018-03-05', NULL, NULL, 'Moslem', 'Male', 'Married', 'Brebes', '1978-02-09', 'Jl Pedongkelan RT 03 / 09 Kel Cilincing Kec Cilincing Jakarta Utara', '08128080978', NULL, 'budisetiyawan902@gmail.com', '67.266.121.2-045.000', '\'16045268238', '\'1123275216', '\'3172040902780000', NULL, '2026-02-18 04:00:43', '2026-02-18 04:56:28', NULL, NULL),
	(71, 'CNI0717666', 'Candra Sirait', NULL, 'CNI0717666', '2953', 1, '7', '116', '1', NULL, '24', 'Resign', 3, '2024-05-27', '2024-08-30', '2024-10-25', NULL, 'Christian', 'Male', 'Married', 'Jakarta', '1989-05-30', 'KP.Pertanan Utara No 34. RT10/01, Klender, Duren Sawit, Jakarta Timur', '081299371618', NULL, 'candrasirait3005@gmail.com', '39.446.164.4-008.000', '\'24126423615', NULL, '\'3175073005890000', NULL, '2026-02-18 04:00:43', '2026-02-18 04:56:28', NULL, NULL),
	(72, 'CNI0717820', 'Carwanto', NULL, 'CNI0717820', '3117', 1, '7', '119', '2', NULL, '24', 'Contract', 2, '2024-12-23', '2025-02-24', '2025-04-25', NULL, 'Moslem', 'Male', 'Single', 'Cilacap', '1995-10-10', 'Dusun Cimanggeng II RT 04/ 03 Panulisan Barat, Dayeuhluhur, Cilacap', '085892129901', NULL, 'carwanto1995@gmail.com', '72.741.003.7-522.000', '\'24126423623', NULL, '\'3301161010950000', NULL, '2026-02-18 04:00:43', '2026-02-18 04:56:43', NULL, NULL),
	(73, 'CNI0716208', 'Cecep Rizki', NULL, 'CNI0716208', '1315', 1, '7', '117', '2', NULL, '19', 'Permanent', 2, '2017-12-11', '2019-08-11', NULL, NULL, 'Moslem', 'Male', 'Single', 'Sumedang', '1997-04-14', 'Dusun Ciboboko RT 005/ RW 003\nKecamatan : Jatigede\nKelurahan : Mekarasih\nSumedang\n\nHaji Konjen RT 009/ 005 Kel Jatinegara, Kec Cakung, Jakarta Timur', '087832694414', NULL, 'rizkychibox74@gmail.com', '90.381.053.9-446.000', '\'18001700782', '\'1666430392', '\'3211261404970000', NULL, '2026-02-18 04:00:43', '2026-02-18 04:56:43', NULL, NULL),
	(74, 'CNI0717374', 'Chandra Aulia Purdwiranto', NULL, 'CNI0717374', '2647', 1, '10', '16', '2', NULL, '13', 'Permanent', 0, '2023-07-03', '2023-07-03', NULL, NULL, 'Moslem', 'Male', 'Married', 'Jakarta', '1988-12-08', 'Sumur Batu Residence Blok C9 RT 003/002 Sumur Batu, Bantargebang, Bekasi.', '082114578404', 'chandra.aulia@ciptanissin.co.id', 'chandra.aulia@gmail.com', '35.315.498.2-407.000', '\'22012969238', '\'1847169415', '\'3275010812880010', NULL, '2026-02-18 04:00:43', '2026-02-18 04:56:43', NULL, NULL),
	(75, 'CNI0717667', 'Cliff Moranco De Fevrier', NULL, 'CNI0717667', '2954', 1, '7', '109', '2', NULL, '21', 'Resign', 2, '2024-05-27', '2024-08-26', '2024-11-26', NULL, 'Christian', 'Male', 'Single', 'Jakarta', '1999-02-25', 'Jl. Puspita XII/P/25 Ckr Baru, RT05/011, Mekarmukti, Cikarang Utara, Kab. Bekasi', '081410308623', 'Cliff@ciptanissin.co.id', 'cliffmoranco@gmail.com', '63.782.564.7-414.000', '\'24098059496', '\'378204524', '\'3216092502990000', NULL, '2026-02-18 04:00:43', '2026-02-18 04:56:43', NULL, NULL),
	(76, '0214062', 'Damar Septian Purbowo', NULL, '0214062', '927', 2, '17', '35', '2', NULL, '9', 'Permanent', 0, '2014-07-07', '2014-07-07', NULL, NULL, 'Moslem', 'Male', 'Married', 'Jakarta', '1985-09-17', 'THE PALM RESIDENCE BLOK C.8 N0.4-5 RT.01/12, Des./Kel. Sriamur, Kec. Tambun Utara, Bekasi', '083890430664', 'damar.septian@ciptasaksama.co.id', NULL, '58.401.716.4-048.000', '\'9029943454', '\'1136249234', '\'3172021709850010', NULL, '2026-02-18 04:00:43', '2026-02-18 09:53:00', NULL, NULL),
	(77, 'CNI0717491', 'Daniel Fernando Purba', NULL, 'CNI0717491', '2768', 1, '4', '10', '1', NULL, '13', 'Resign', 6, '2023-10-30', '2025-01-31', '2025-04-30', NULL, 'Christian', 'Male', 'Single', 'Medan', '1996-07-27', 'JL Merica Raya No. 43 RT.00/00, Perumnas Simalingkar, Kec. Pancur Batu, Deli Serdang.', '081274947573', 'Daniel.fernando@ciptanissin.co.id', 'dpurba261@gmail.com', '63.585.028.2-125.000', '\'23192794115', '\'1806634539', '\'1207052707960010', NULL, '2026-02-18 04:00:43', '2026-02-18 04:56:28', NULL, NULL),
	(78, 'CNI0716339', 'Daniel Marojahan Hutauruk', NULL, 'CNI0716339', '1477', 1, '9', '67', '2', NULL, '17', 'Permanent', 2, '2019-02-04', '2019-08-03', NULL, NULL, 'Catholic', 'Male', 'Married', 'Sibolga', '1981-02-19', 'Jl Nusantara Selatan Raya No. 11 RT 008 RW 022 Kel Harapan jaya Kec Bekasi Utara ', '081282009810', 'daniel.marojahan@ciptanissin.co.id', 'danielmaroj@gmail.com', '57.130.807.1-432.000', '\'19017783465', '\'1399447912', '\'3275071902810007', NULL, '2026-02-18 04:00:43', '2026-02-18 04:56:43', NULL, NULL),
	(79, 'CNI0717866', 'Darul Holiq', NULL, 'CNI0717866', '3179', 1, '9', '93', '2', NULL, '24', 'Contract', 1, '2025-02-26', '2025-02-26', '2025-04-25', NULL, 'Moslem', 'Male', 'Married', 'Banyumas', '2003-05-02', 'Karang Kemiri, RT006/007, Panusupan, Cilongok, Kab. Banyumas.', '0882 1200 8588', NULL, 'darulholiq@gmail.com', '33.021.702.0-503.000', NULL, NULL, '\'3302170205030000', NULL, '2026-02-18 04:00:43', '2026-02-18 04:56:43', NULL, NULL),
	(80, 'CNI0716157', 'Dede Hardiatmoko', NULL, 'CNI0716157', '1233', 1, '7', '118', '2', NULL, '23', 'Permanent', 2, '2017-04-12', '2018-04-12', NULL, NULL, 'Moslem', 'Male', 'Single', 'Subang', '1991-11-21', 'Rawa Bugel No.22 002/003 Marga Mulya \nBekasi Utara\n\nJl Patriot dalam 1 No 45 RT 007/ 001 Kel Jaka Sempurna Kec Bekasi Barat', '089681629215', NULL, 'Dedehardi69@gmail.com', '76.629.166.0-407.000', '\'17022303584', '\'1638544577', '\'3275032111910020', NULL, '2026-02-18 04:00:43', '2026-02-18 04:56:43', NULL, NULL),
	(81, 'CNI0717757', 'Dede Ivan Arifin', NULL, 'CNI0717757', '3051', 1, '7', '116', '1', NULL, '24', 'Resign', 1, '2024-10-10', '2024-10-10', '2024-12-06', NULL, 'Moslem', 'Male', 'Married', 'Tasikmalaya', '1994-07-07', 'KP. Poncol No.58 RT/RW. 003/016 Kel. Kayuringin Jaya Kec. Bekasi Selatan.Kota.Bekasi', '085156300387', NULL, 'ivanarifin07@gmail.com', '66.115.447.6-425.000', NULL, NULL, '\'3206060707940000', NULL, '2026-02-18 04:00:43', '2026-02-18 04:56:28', NULL, NULL),
	(82, 'CNI0716194', 'Dede Kurniadi', NULL, 'CNI0716194', '1294', 1, '6', '52', '1', NULL, '13', 'Permanent', 2, '2017-10-19', '2018-10-19', NULL, NULL, 'Moslem', 'Male', 'Single', 'Jakarta', '1992-08-02', 'Permata Hijau Permai Blok G1 NO 27\nRT 003/ RW 020\nKelurahan : Kaliabang tengah\nKecamatan : Bekasi Utara\nBekasi', '0895331560493', 'dede.kurniadi@ciptanissin.co.id', 'Kurniadi.dede92@gmail.com', '93.557.024.2-407.000', '\'17056949906', '\'2050269175', '\'3275030208920010', NULL, '2026-02-18 04:00:43', '2026-02-18 04:56:28', NULL, NULL),
	(83, 'CNI0717837', 'Dede Maulana Mansur', NULL, 'CNI0717837', '3143', 1, '7', '119', '2', NULL, '24', 'Contract', 2, '2025-01-13', '2025-03-17', '2025-05-16', NULL, 'Moslem', 'Male', 'Married', 'Bekasi', '1994-08-22', 'Kp. Cinyosog RT 003/ 003 Burangkeng, Setu, Kab. Bekasi', '085891122335', NULL, 'dedemansur58@gmail.com', '66.597.801.1-413.000', '\'24126423847', NULL, '\'3216182208940000', NULL, '2026-02-18 04:00:43', '2026-02-18 04:56:43', NULL, NULL),
	(84, 'CNI0716542', 'Dede Ruspandi', NULL, 'CNI0716542', '1731', 1, '9', '84', '2', NULL, '19', 'Permanent', 6, '2020-09-30', '2023-03-21', NULL, NULL, 'Moslem', 'Male', 'Married', 'Jakarta', '1998-06-30', 'Perum Mangunjaya Lestari 2 KB.01 No.8 RT.001/026 Mangunjaya, Tambun Selatan, Kab. Bekasi', '081213852199', NULL, 'dendirpd@gmail.com', '96.157.314.4-435.000', '\'20082702364', '\'1157971814', '\'3216063006980020', NULL, '2026-02-18 04:00:43', '2026-02-18 04:56:43', NULL, NULL),
	(85, 'CNI0717764', 'Dendi Agus Winanto', NULL, 'CNI0717764', '3058', 1, '9', '92', '2', NULL, '24', 'Resign', 1, '2024-10-14', '2024-10-14', '2024-12-13', NULL, 'Moslem', 'Male', 'Married', 'Wonogiri', '1997-11-15', 'Dusun Pojok, RT 003/003, Gondang, Purwantoro, Kab. Wonogiri.', '081225987337', NULL, 'dendiagus5@gmail.com', '90.171.653.0-532.000', NULL, NULL, '\'3312171511970000', NULL, '2026-02-18 04:00:43', '2026-02-18 04:56:43', NULL, NULL),
	(86, 'CNI0716131', 'Dendi Aryandi', NULL, 'CNI0716131', '1197', 1, '9', '85', '1', NULL, '19', 'Permanent', 2, '2016-11-14', '2017-11-15', NULL, NULL, 'Moslem', 'Male', 'Single', 'Bekasi', '1994-03-16', 'Kp. Pulo kecil NO 4 RT 01/ RW 023\nDesa kayuringin jaya\nKecamatan bekasi selatan\n', '08993999968', NULL, 'dendiaryandi1694@gmail.com', '45.702.437.0-432.000', '\'17008043626', '\'1631213357', '\'3275041603940020', NULL, '2026-02-18 04:00:43', '2026-02-18 04:56:28', NULL, NULL),
	(87, 'CNI0717849', 'Dendy Setiawan', NULL, 'CNI0717849', '3158', 1, '9', '92', '2', NULL, '24', 'Contract', 2, '2025-01-17', '2025-03-17', '2025-05-16', NULL, 'Moslem', 'Male', 'Single', 'Jakarta', '1998-11-30', 'KP. Pengarengan RT003/012, Jatinegara, Cakung, Jakarta Timur', '0812 1147 8854', NULL, 'dendysetiawan789@gmail.com', '84.255.752.2-004.000', NULL, NULL, '\'3175063011980010', NULL, '2026-02-18 04:00:43', '2026-02-18 04:56:43', NULL, NULL),
	(88, 'CNI0716726', 'Deni', NULL, 'CNI0716726', '1941', 1, '19', '95', '1', NULL, '21', 'Permanent', 6, '2021-09-29', '2023-10-02', NULL, NULL, 'Moslem', 'Male', 'Single', 'Bekasi', '1996-05-08', 'Jl. Sersan Hamzah RT 001/ 009 Margahayu, Bekasi Timur, Bekasi.', '085711463574', 'deni@ciptanissin.co.id', 'denihr96@gmail.com', '90.966.993.9-407.000', '\'20067097517', '\'508160035', '\'3275010805960010', NULL, '2026-02-18 04:00:43', '2026-02-18 04:56:28', NULL, NULL),
	(89, 'CNI0715081', 'Deni Hardiansyah', NULL, 'CNI0715081', '1032', 1, '11', '43', '2', NULL, '21', 'Permanent', 2, '2015-12-21', '2016-12-20', NULL, NULL, 'Moslem', 'Male', 'Single', 'Bekasi', '1993-07-16', 'KP Selang Nangka RT 002/030 Kel Wanasari Kec Cibitung Bekasi\n\nPerum Kirana Cibitung Blok P6 No.5 Rt10/023 Ds.Wanajaya Kab.Bekasi', '082258947873', 'deni.hardiansyah@ciptanissin.co.id', 'DeniH31@gmail.com', '36.977.940.0-435.000', '\'11024097856', '\'1766833086', '\'321071607930002', NULL, '2026-02-18 04:00:43', '2026-02-18 04:56:43', NULL, NULL),
	(90, 'CNI0717833', 'Deni Priyatna', NULL, 'CNI0717833', '3139', 1, '7', '119', '2', NULL, '24', 'Contract', 2, '2025-06-01', NULL, '2025-05-09', NULL, 'Moslem', 'Male', 'Married', 'Jakarta', '1993-11-15', 'Kp. Rawa Bebek RT 04/ 11 Kota Baru, Bekasi Barat, Bekasi', '0895415100172', NULL, 'denipriyatna93@gmail.com', '66.826.470.8-407.000', '\'24126423854', NULL, '\'3275021511930020', NULL, '2026-02-18 04:00:43', '2026-02-18 04:56:43', NULL, NULL),
	(91, '2019148', 'Denis Hanif Prasetya', NULL, '2019148', '2991', 2, '17', '36', '2', NULL, '18', 'Permanent', 3, '2024-07-04', '2025-01-06', NULL, NULL, 'Moslem', 'Male', 'Single', 'Tegal', '1996-10-04', 'Kampung Gebang, RT03/03, Desa Satria Jaya, Tambun Utara, Kab. Bekasi.', '0813 1922 9466', 'denis@ciptasaksama.co.id', 'dnshaniff@gmail.com', '83.034.173.1-043.000', '\'20017439702', '\'0000377901101', '\'3172060410961000', NULL, '2026-02-18 04:00:43', '2026-02-18 09:24:14', NULL, NULL),
	(92, '2019121', 'Dety Artianingtyas Cahyawati', NULL, '2019121', '2501', 2, '16', '32', '2', NULL, '6', 'Permanent', 2, '2023-05-02', '2023-11-02', NULL, NULL, 'Christian', 'Female', 'Married', 'Surakarta', '1982-03-05', 'Villa Pelangi Blok C 5, Rt.008/002, Pengasinan, Rawalumbu, Bekasi.', '08121820365', 'detyacahya@ciptasaksama.co.id', 'detyacahya@gmail.com', '47.499.336.7-432.000', '\'23073190334', '\'1645544428', '\'3275054503820040', NULL, '2026-02-18 04:00:43', '2026-02-18 09:24:14', NULL, NULL),
	(93, 'CNI0716038', 'Dhany Firdaus', NULL, 'CNI0716038', '1078', 1, '11', '5', '1', NULL, '21', 'Permanent', 3, '2016-03-10', '2016-08-21', NULL, NULL, 'Moslem', 'Male', 'Married', 'Jakarta', '1979-07-02', 'Jl Rembang no.70 005/05 \njatirasa-jatiasih 17424\nBekasi -Jawa Barat', '08158080644', 'dhani.firdaus@ciptanissin.co.id', 'dhanyfirdaus@gmail.com', '35.650.780.6-024.000', '\'16012373714', '\'1469940579', '\'3171050207790000', NULL, '2026-02-18 04:00:43', '2026-02-18 04:56:28', NULL, NULL),
	(94, 'CNI0717861', 'Dicky Suhendra', NULL, 'CNI0717861', '3173', 1, '7', '116', '1', NULL, '24', 'Contract', 1, '2025-02-17', '2025-02-17', '2025-04-18', NULL, 'Moslem', 'Male', 'Single', 'Jakarta', '1999-04-05', 'KP. Pedaengan RT.09/08 Kel. Penggilingan, Kec. Cakung Jakarta Timur', '08988940590', NULL, 'dickysuhendra144@gmail.com', '93.001.299.2-004.000', '\'24126423862', NULL, '\'3175060504991000', NULL, '2026-02-18 04:00:43', '2026-02-18 04:56:28', NULL, NULL),
	(95, 'CNI0717780', 'Dilan Abdila', NULL, 'CNI0717780', '3075', 1, '7', '116', '1', NULL, '24', 'Resign', 3, '2024-11-04', '2025-02-17', '2025-04-04', NULL, 'Moslem', 'Male', 'Single', 'Curup', '1999-08-07', 'Lubang Buaya, RT001/008, Lubang Buaya, Cipayung, Jakarta Timur', '082113734462', NULL, 'dilanabdila77@gmail.com', '83.762.123.4-009.000', NULL, NULL, '\'3175101708990000', NULL, '2026-02-18 04:00:43', '2026-02-18 04:56:28', NULL, NULL),
	(96, 'CNI0717868', 'Dimas Rizky Ramdhani', NULL, 'CNI0717868', '3184', 1, '9', '91', '1', NULL, '24', 'Contract', 1, '2025-03-03', '2025-03-03', '2025-05-02', NULL, 'Moslem', 'Male', 'Single', 'Jakarta', '2004-11-10', 'KP. Sungai Begog RT 006/RW003, Semper Timur, Cilincing, Jakarta Utara', '081574350130', NULL, 'dimasrizky1011@gmail.com', '39.062.346.0-045.000', '\'24126423870', NULL, '\'3172041011040010', NULL, '2026-02-18 04:00:43', '2026-02-18 04:56:28', NULL, NULL),
	(97, 'CNI0717482', 'Duwi Prasetiyo', NULL, 'CNI0717482', '2759', 1, '4', '81', '1', NULL, '21', 'Resign', 7, '2023-10-09', '2025-04-09', '2025-07-08', NULL, 'Moslem', 'Male', 'Single', 'Air Naningan', '1997-10-26', 'Simpang Proyek RT.00/00 Way Harong, Air Naningan, Kab. Tanggamus.', '085159188503', 'Duwi@ciptanissin.co.id', 'duwiprastiyo12@gmail.com', '43.615.643.4-325.000', '\'23168052449', '\'3307693746', '\'1806266610970000', NULL, '2026-02-18 04:00:43', '2026-02-18 04:56:28', NULL, NULL),
	(98, 'CNI0717720', 'Duwi Rudiyanto', NULL, 'CNI0717720', '3011', 1, '7', '58', '2', NULL, '17', 'Resign', 2, '2024-07-16', '2024-10-15', '2025-01-15', NULL, 'Moslem', 'Male', 'Married', 'Bandung', '1997-06-29', 'Jl. Ali No.26A, RT 008/001, Cipayung, Cipayung, Jakarta Timur', '081394052440', 'Duwi.rudianto@ciptanissin.co.id', 'rudiyantoduwi@gmail.com', '41.604.490.7-445.000', '\'24114340888', '\'2693220074', '\'3204092906970000', NULL, '2026-02-18 04:00:43', '2026-02-18 04:56:43', NULL, NULL),
	(99, 'CNI0717816', 'Dwi Agung Laksono', NULL, 'CNI0717816', '3113', 1, '7', '116', '1', NULL, '24', 'Contract', 2, '2024-12-16', '2025-02-17', '2025-04-18', NULL, 'Moslem', 'Male', 'Married', 'Bekasi', '1994-02-23', 'Jl. Lumbu Tengah VI-A Blok VIII No. 47 RT 02/28 Bojong Rawalumbu, Bekasi', '082111436119', NULL, 'laksonodwiagung07@gmail.com', '98.408.216.4-432.000', '\'24126424043', NULL, '\'3275052302940010', NULL, '2026-02-18 04:00:43', '2026-02-18 04:56:28', NULL, NULL),
	(100, 'CNI0716772', 'Dwi Kurniawan', NULL, 'CNI0716772', '1988', 1, '11', '8', '1', NULL, '17', 'Permanent', 4, '2021-12-16', '2023-02-21', NULL, NULL, 'Moslem', 'Male', 'Single', 'Bogor', '1997-05-10', 'Pondok Damai H.3/38 RT 007/013 Cileungsi Kidul, Cileungsi, Bogor.     ', '082297655417', 'dwi.kurniawan@ciptanissin.co.id', 'dwikurniawann10@gmail.com', '42.293.339.0-436.000', '\'22003402223', '\'1626710095', '\'3201071005970010', NULL, '2026-02-18 04:00:43', '2026-02-18 04:56:28', NULL, NULL),
	(101, 'CNI0717485', 'Dwi Verdiyanto', NULL, 'CNI0717485', '2762', 1, '11', '102', '2', NULL, '23', 'Contract', 6, '2023-10-16', '2025-01-16', '2025-04-15', NULL, 'Moslem', 'Male', 'Single', 'Bekasi', '1993-06-03', 'KP. Rawa Roko RT.05/05 Bojong Rawa Lumbu, Rawa Lumbu,Bekasi.', '081287457881', NULL, 'dwi.verdiyan@gmail.com', '36.485.327.5-432.000', '\'23168052472', '\'2139753644', '\'3275050306930010', NULL, '2026-02-18 04:00:43', '2026-02-18 04:56:43', NULL, NULL),
	(102, 'CNI0717200', 'Edi Suryadi', NULL, 'CNI0717200', '2463', 1, '7', '115', '1', NULL, '23', 'Contract', 9, '2023-02-13', '2025-02-15', '2025-05-14', NULL, 'Moslem', 'Male', 'Married', 'Bekasi', '1985-04-18', 'Jl. Jagung III A No. 136 RT 002/ 029 Kaliabang tengah, Bekasi Utara, Bekasi.', '08990042514', NULL, 'eedisuryadi46@gmail.com', '70.320.743.1-435.000', '\'23029543560', '\'1468441113', '\'3216011804850000', NULL, '2026-02-18 04:00:43', '2026-02-18 04:56:28', NULL, NULL),
	(103, 'CNI0717057', 'Edy Susanto', NULL, 'CNI0717057', '2311', 1, '10', '18', '2', NULL, '13', 'Permanent', 4, '2022-12-05', '2023-12-06', NULL, NULL, 'Moslem', 'Male', 'Married', 'Wonogiri', '1981-06-20', 'Jl. Arjuna Raya Blok. F-48 No.7 Bekasi Timur RT 011/013 Duren Jaya, Bekasi Timur, Kota Bekasi.', '081386351993', 'edy.susanto@ciptanissin.co.id', 'edy.6one9@gmail.com', '58.058.725.1-407.000', '\'06K10512403', '\'1336346019', '\'3275012006810040', NULL, '2026-02-18 04:00:43', '2026-02-18 04:56:43', NULL, NULL),
	(104, 'CNI0717856', 'Egi Saepul Rohmat', NULL, 'CNI0717856', '3166', 1, '7', '119', '2', NULL, '24', 'Contract', 1, '2025-02-03', '2025-02-03', '2025-04-04', NULL, 'Moslem', 'Male', 'Single', 'Subang', '2001-07-28', 'Kp Pangkalan RT 044/ 011 Cibuluh, Tanjungsiang, Kab.Subang', '083195888843', NULL, 'egisaepul135@gmail.com', '96.149.687.4-439.000', '\'24126423888', NULL, '\'3213262807010000', NULL, '2026-02-18 04:00:43', '2026-02-18 04:56:43', NULL, NULL),
	(105, 'CNI0717821', 'Eko Hadi Saputro', NULL, 'CNI0717821', '3118', 1, '7', '119', '2', NULL, '24', 'Contract', 3, '2024-12-23', '2025-04-28', '2025-06-27', NULL, 'Moslem', 'Male', 'Married', 'Sukabakti', '1995-10-29', 'Dusun Bakti Rejo RT 04/ 02 Sukabakti, Palas, Lampung Selatan', '081314883156', NULL, 'ekohadisaputro153@gmail.com', '72.121.001.1-325.000', '\'24126423896', NULL, '\'1801102910950000', NULL, '2026-02-18 04:00:43', '2026-02-18 04:56:43', NULL, NULL),
	(106, 'CNI0717838', 'Eko Pamuji', NULL, 'CNI0717838', '3144', 1, '7', '119', '2', NULL, '24', 'Contract', 2, '2025-01-13', '2025-03-17', '2025-05-16', NULL, 'Moslem', 'Male', 'Single', 'Cilacap', '1999-04-26', 'Jl. Kali Gandu 15 RT 03/01 Citembong, Bantarsari, Cilacap', '085814726325', NULL, 'ekofauzi2697@gmail.com', '63.561.488.6-427.000', '\'24126424076', NULL, '\'3301202604990010', NULL, '2026-02-18 04:00:43', '2026-02-18 04:56:43', NULL, NULL),
	(107, 'CNI0717450', 'Eko Sulistyo', NULL, 'CNI0717450', '2724', 1, '7', '118', '2', NULL, '23', 'Contract', 7, '2023-08-21', '2025-02-21', '2025-05-20', NULL, 'Moslem', 'Male', 'Single', 'Riau', '1996-09-28', 'Puring RT.02/05 Majir,Kutuarjo,Purworejo\n\nDomisili : Gg. Bambu RT.01/06 Cibuntu, Cibitung, Bekasi', '085811481610', NULL, 'ekosu033@gmail.com', '73.345.602.4-531.000', '\'23146311644', '\'1651384506', '\'3306092809960000', NULL, '2026-02-18 04:00:43', '2026-02-18 04:56:43', NULL, NULL),
	(108, 'CNI0716727', 'Endin Saepudin', NULL, 'CNI0716727', '1943', 1, '7', '113', '1', NULL, '19', 'Permanent', 4, '2021-09-21', '2023-09-02', NULL, NULL, 'Moslem', 'Male', 'Married', 'Bekasi ', '1984-04-03', 'Jl. Saen RT.03/01 No.106 Bantargebang, Bekasi', '0881024268573', NULL, 'fahriibnu2019@gmail.com', '41.803.857.6-432.000', '\'18089038246', '\'1133976284', '\'3275070304840010', NULL, '2026-02-18 04:00:43', '2026-02-18 04:56:28', NULL, NULL),
	(109, 'CNI0717869', 'Enjang Sayuti', NULL, 'CNI0717869', '3185', 1, '7', '119', '2', NULL, '24', 'Contract', 1, '2025-03-03', '2025-03-03', '2025-05-02', NULL, 'Moslem', 'Male', 'Married', 'Bekasi', '1988-12-10', 'Bantargebang Utara RT 003/003 Bantergebang, Bantergebang, Bekasi', '083874265021', NULL, 'esayoeti@gmail.com', '81.470.132.2-432.000', '\'24126424084', NULL, '\'3275071012880010', NULL, '2026-02-18 04:00:43', '2026-02-18 04:56:43', NULL, NULL),
	(110, 'CNI0717178', 'Fachrul Rozi', NULL, 'CNI0717178', '2440', 1, '7', '115', '1', NULL, '23', 'Contract', 9, '2023-01-09', '2025-01-10', '2025-04-09', NULL, 'Moslem', 'Male', 'Single', 'JAKARTA', '1998-06-20', 'Cakung Barat RT 005/005 Cakung Barat, Cakung, Jakarta Timur.', '089665730785', NULL, 'paulbolong80@gmail.com', '76.851.029.9-006.000', '\'23016576359', '\'1404401861', '\'3175062006980020', NULL, '2026-02-18 04:00:43', '2026-02-18 04:56:28', NULL, NULL),
	(111, 'CNI0717834', 'Fadlih Saputra', NULL, 'CNI0717834', '3140', 1, '11', '122', '1', NULL, '24', 'Contract', 2, '2025-01-06', '2025-03-10', '2025-05-09', NULL, 'Moslem', 'Male', 'Single', 'Bekasi', '1999-06-09', 'KP. Baru RT015/RW005, Kedung Pengawas, Babelan, Kabupaten Bekasi', '089613489134', NULL, 'fadlihsaputra99@gmail.com', '91.125.418.3-435.000', '\'24126424092', NULL, '\'3216021406990010', NULL, '2026-02-18 04:00:43', '2026-02-18 04:56:28', NULL, NULL),
	(112, 'CNI0716089', 'Fajar Saputra', NULL, 'CNI0716089', '1142', 1, '3', '104', '2', NULL, '21', 'Permanent', 2, '2016-07-11', '2017-07-09', NULL, NULL, 'Moslem', 'Male', 'Married', 'Bekasi', '1995-07-23', 'Kp Baru RT 015/005 Kedungpengawas, Babelan, Kab Bekasi\n\nPerum Alam Fortuna Indah 2 Blok Gg15 No. 05 RT 041/011', '089610019595', NULL, 'faajarsaputra@gmail.com', '64.352.318.6-435.000', '\'1649810193', '\'1378908235', '\'3216022107950010', NULL, '2026-02-18 04:00:43', '2026-02-18 04:56:43', NULL, NULL),
	(113, 'CNI0717786', 'Fajar Septiawan', NULL, 'CNI0717786', '3081', 1, '7', '119', '2', NULL, '24', 'Contract', 3, '2024-11-04', '2025-03-10', '2025-05-09', NULL, 'Moslem', 'Male', 'Single', 'Bekasi', '1995-09-30', 'Kp Rawa Bugel RT 002/010 Harapan Jaya, Medan Satria, Bekasi', '081549636281', NULL, 'fajar.septiawan042@gmail.com', '90.216.549.7-427.000', '\'24126424100', NULL, '\'3275063009950010', NULL, '2026-02-18 04:00:43', '2026-02-18 04:56:43', NULL, NULL),
	(114, 'CNI0717817', 'Fajar Solahudin', NULL, 'CNI0717817', '3114', 1, '9', '93', '2', NULL, '24', 'Contract', 2, '2024-12-23', '2025-02-24', '2025-04-25', NULL, 'Moslem', 'Male', 'Single', 'Kebumen', '2001-12-25', 'Rujak Beling, RT03/05, Kel.Tanah Sari, Kec.Kebumen, Kebumen', '088232253202', NULL, 'fajarsolahudin001@gmail.com', '94.894.229.7-523.000', '\'24126424118', NULL, '\'3305122512010000', NULL, '2026-02-18 04:00:43', '2026-02-18 04:56:43', NULL, NULL),
	(115, 'CNI0717892', 'Febriyanto', NULL, 'CNI0717892', '3218', 1, '7', '116', '1', NULL, '24', 'Contract', 1, '2025-04-28', '2025-04-28', '2025-06-27', NULL, 'Moslem', 'Male', 'Married', 'Cirebon', '1998-02-03', 'Blok Ngebei, RT003/001, Kertasari, Weru, Kab. Cirebon', '895618080607', NULL, 'febriyantooo363@gmail.com', '3209180302980010', NULL, NULL, '\'3209180302980010', NULL, '2026-02-18 04:00:43', '2026-02-18 04:56:28', NULL, NULL),
	(116, 'CNI0716871', 'Ferohati Zebua', NULL, 'CNI0716871', '2102', 1, '11', '5', '1', NULL, '21', 'Permanent', 4, '2022-05-13', '2023-05-11', NULL, NULL, 'Christian', 'Male', 'Single', 'Balodano', '1994-05-04', 'Jl. Dewa Ujung No. 31 RT 014/007 Ciracas. CIracas, Jakarta Timur.', '081286591570', 'ferohati.zebua@ciptanissin.co.id', 'feromarteenzebua@gmail.com', '85.933.187.8-009.000', '\'22068882764', '\'262173576', '\'1204270405940000', NULL, '2026-02-18 04:00:43', '2026-02-18 04:56:28', NULL, NULL),
	(117, 'CNI0717006', 'Firman Arisando Marpaung', NULL, 'CNI0717006', '2255', 1, '5', '20', '2', NULL, '13', 'Permanent', 4, '2022-10-17', '2023-10-18', NULL, NULL, 'Christian', 'Male', 'Single', 'Pondok Bulu', '1994-01-25', 'Jl. Bina Karya No.48 RT 004/007 Gandaria Utara, Kebayoran Baru, Jakarata Selatan.', '081219791835', 'firman.arisando@ciptanissin.co.id', 'konsulfirman0194@gmail.com', '91.671.959.4-019.000', '\'22134148273', '\'3213933489', '\'1272052501940000', NULL, '2026-02-18 04:00:43', '2026-02-18 04:56:43', NULL, NULL),
	(118, 'CNI0717530', 'Fitra Ramdhani', NULL, 'CNI0717530', '2809', 1, '9', '68', '1', NULL, '13', 'Contract', 6, '2023-12-11', '2025-03-11', '2025-06-10', NULL, 'Moslem', 'Male', 'Married', 'Sukabumi', '1992-04-04', 'Komp. Kedung Badak Baru Jl. Mandiri No.4 RT.011/006, Kel. Kedung Badak, Kec. Tanah Sareal, Kota Bogor,', '082297405230', 'fitra.ramdhani@ciptanissin.co.id', 'fitraramdhani44@gmail.com', '98.520.114.4-405.000', '\'24004357695', '\'1765951244', '\'3202290404920010', NULL, '2026-02-18 04:00:43', '2026-02-18 04:56:28', NULL, NULL),
	(119, 'CNI0717230', 'Franky Pantouw', NULL, 'CNI0717230', '2494', 1, '7', '113', '1', NULL, '19', 'Resign', 8, '2023-03-27', '2024-12-27', '2025-03-26', NULL, 'Christian', 'Male', 'Single', 'Bekasi', '2000-11-12', 'Jl. Segarwana No. 40 RT.008/025 Harapan Jaya, Bekasi Utara, Bekasi.', '083874408669', NULL, 'frankyhutajulu8@gmail.com', '43.846.297.0-451.000', '\'23056038930', '\'1652695773', '\'3275031211000020', NULL, '2026-02-18 04:00:43', '2026-02-18 04:56:28', NULL, NULL),
	(120, 'CNI0717789', 'Franssetio Riyadi', NULL, 'CNI0717789', 'CNI0717789', 1, '8', '134', '2', NULL, '21', 'Contract', 2, '2024-11-04', '2025-02-04', '2025-05-02', NULL, 'Moslem', 'Male', 'Single', 'Bekasi', '1999-01-16', 'KP. Karang Jaya, RT002/026, Karang Satria, Tambun Utara, Kab. Bekasi', '089654117276', NULL, 'fransriyadi8@gmail.com', '83.776.449.7-435.000', NULL, NULL, '\'3216051601990000', NULL, '2026-02-18 04:00:43', '2026-02-18 04:56:43', NULL, NULL),
	(121, 'CNI0717223', 'Fuguh Suprianto', NULL, 'CNI0717223', '2486', 1, '11', '102', '2', NULL, '23', 'Contract', 8, '2023-03-13', '2025-03-13', '2025-06-12', NULL, 'Moslem', 'Male', 'Married', 'Bogor', '1990-06-21', 'Bedahan RT 004/010 Pabuaran Mekar, Cibinong, Bogor.', '08977452566', NULL, 'fuguhsuprianto2106@gmail.com', '57.991.057.1-403.000', '\'23043523812', '\'1658068931', '\'3201012106900000', NULL, '2026-02-18 04:00:43', '2026-02-18 04:56:43', NULL, NULL),
	(122, 'CNI0717631', 'Galuh Sukma', NULL, 'CNI0717631', '2916', 1, '9', '86', '1', NULL, '23', 'Contract', 5, '2024-03-18', '2025-03-18', '2025-06-17', NULL, 'Moslem', 'Male', 'Single', 'Purworejo', '1999-05-19', 'Jl. Untung Suropati RT 003/007 Cimone Jaya, Karawaci, Tangerang', '081387628118', NULL, 'galuh.sukma18@gmail.com', '85.383.018.0-402.000', '\'24056751928', '\'1635392608', '\'3671081905990000', NULL, '2026-02-18 04:00:43', '2026-02-18 04:56:28', NULL, NULL),
	(123, 'CNI0717859', 'Gandi Wibowo', NULL, 'CNI0717859', '3170', 1, '7', '116', '1', NULL, '24', 'Contract', 1, '2025-02-07', '2025-02-07', '2025-04-04', NULL, 'Moslem', 'Male', 'Single', 'Jakarta', '2001-06-01', 'Dusun Kedungbakung, RT003/003, Kedungreja, Kab. Cilacap', '0882 3220 5025', NULL, 'GANDIWIBOWO766@gmail.com', '33.010.101.0-601.000', NULL, NULL, '\'3301010106010000', NULL, '2026-02-18 04:00:43', '2026-02-18 04:56:28', NULL, NULL),
	(124, 'CNI0716541', 'Gugun Guntoro', NULL, 'CNI0716541', '1730', 1, '7', '110', '1', NULL, '18', 'Permanent', 2, '2020-09-28', '2021-09-22', NULL, NULL, 'Moslem', 'Male', 'Married', 'Bekasi', '1991-02-07', 'Kp. Tambun Baru RT 003/ RW 002 Pahlawan Setia, Tarumajaya, Kab.Bekasi', '083808093448', NULL, 'evilutfitasari.GG@gmail.com', '34.700.616.5-435.000', '\'16015679448', '\'1153961199', '\'3216011607930000', NULL, '2026-02-18 04:00:43', '2026-02-18 04:56:28', NULL, NULL),
	(125, '2', 'Handy Kosasih', NULL, '2', '2', 1, '13,13', '21', '2', NULL, '1', 'Permanent', 0, '2013-02-21', '2013-02-21', NULL, NULL, NULL, 'Male', 'Single', 'Jakarta', '1982-05-19', 'Villa gd indah blk l/12 a rt 04/014 kelapa gading barat, kelapa gading, jakarta utara.', NULL, 'handy@ciptanissin.co.id', NULL, NULL, NULL, NULL, '\'3171021905820000', NULL, '2026-02-18 04:00:43', '2026-02-18 04:56:43', NULL, NULL),
	(126, 'CNI0717803', 'Harry Suharsono', NULL, 'CNI0717803', '3099', 1, '7', '116', '1', NULL, '24', 'Contract', 3, '2024-11-22', '2025-03-24', '2025-05-23', NULL, 'Moslem', 'Male', 'Single', 'Jakarta', '2000-11-09', 'Kp. Pedaengan, RT009/008, Penggilingan, Cakung, Jakarta Timur', '0878 5052 7071', NULL, 'harrysuharsono99@gmail.com', '92.192.981.6-004.000', NULL, NULL, '\'3175060911001000', NULL, '2026-02-18 04:00:43', '2026-02-18 04:56:28', NULL, NULL),
	(127, '2019155', 'Hartoyo', NULL, '2019155', '3160', 2, '15', '89', '2', NULL, '24', 'Contract', 1, '2025-01-20', '2025-01-20', '2025-03-21', NULL, 'Moslem', 'Male', 'Married', 'Kebumen', '1993-12-03', 'Karang Putat, RT001/001, Rogodono, Buayan, Kebumen', '087888260228', NULL, 'hartoyo338@gmail.com', '97.921.304.8-523.000', '\'24126424134', NULL, '\'3305160312930000', NULL, '2026-02-18 04:00:43', '2026-02-18 09:24:14', NULL, NULL),
	(128, 'CNI0717432', 'Harun', NULL, 'CNI0717432', '2706', 1, '7', '118', '2', NULL, '23', 'Contract', 7, '2023-07-24', '2025-01-24', '2025-04-23', NULL, 'Moslem', 'Male', 'Married', 'Cirebon', '1994-05-07', 'Jl. H. Siun No. 50 RT 004/ 001 Ceger, Cipayung, Jakarta Timur.', '083804802427', NULL, 'Harun155943@gmail.com', '46.220.897.6-426.000', '\'23129243913', '\'1378638977', '\'3209110705940000', NULL, '2026-02-18 04:00:43', '2026-02-18 04:56:43', NULL, NULL),
	(129, 'CNI0715058', 'Harun Purnomo', NULL, 'CNI0715058', '998', 1, '7', '120', '2', NULL, '22', 'Permanent', 2, '2015-12-18', '2016-06-20', NULL, NULL, 'Moslem', 'Male', 'Married', 'Klaten', '1974-04-28', 'Kp Sumur No. 4 RT 011/ 010 Klender, Duren Sawit, Jakarta Timur', '087881776974', NULL, 'harunpurnomo836@gmail.com', '68.881.835.0-008.000', '\'16012373391', '\'1295620659', '\'3175072804740010', NULL, '2026-02-18 04:00:43', '2026-02-18 04:56:43', NULL, NULL),
	(130, '2019151', 'Helmi Cristina Hasugian', NULL, '2019151', '3002', 2, '15,21,32', '127', '2', NULL, '6', 'Permanent', 0, '2024-07-08', '2024-07-08', NULL, NULL, 'Catholic', 'Female', 'Married', 'Medan', '1980-01-20', 'Karangkobar Dusun. Karangkobar RT.02/02 Des./Kel. Karangkobar,Kec. Karangkobar,Banjarnegara', '08179147160', 'emi@ciptasaksama.co.id', 'helmy_crs@yahoo.com', '67.054.044.2-432.000', '\'24114341795', '\'1637709311', '\'3216196001800010', NULL, '2026-02-18 04:00:43', '2026-02-18 09:24:14', NULL, NULL),
	(131, 'CNI0716929', 'Hendar Rismawan', NULL, 'CNI0716929', '2167', 1, '11', '121', '1', NULL, '23', 'Contract', 12, '2022-06-28', '2025-03-31', '2025-06-30', NULL, 'Moslem', 'Male', 'Married', 'Jakarta', '1982-07-30', 'Jl. Raya Bogor No. 44 RT 002/001 Tengah, Kramat Jati, Jakarta Timur.', '081317118907', NULL, 'hendarrismawan5@gmail.com', '54.347.857.2-005.000', '\'22099141131', '\'1854165238', '\'3175043007820000', NULL, '2026-02-18 04:00:43', '2026-02-18 04:56:28', NULL, NULL),
	(132, 'CNI0716841', 'Hendra Widyatama', NULL, 'CNI0716841', '2070', 1, '11', '7', '1', NULL, '13', 'Resign', 3, '2022-04-11', '2023-03-21', NULL, NULL, 'Moslem', 'Male', 'Single', 'Boyolali', '1993-04-12', 'Jl. Jelambar Barat III-C No. 8 RT 002/005 Jelambar Baru, Grogol Petamburan, Jakarta Barat.', '081280540000', 'Hendra.widyatama@ciptanissin.co.id', 'hendra.widyatama@gmail.com', '71.277.049.4-407.000', '\'22048516995', '\'2096347149', '\'3173021204931000', NULL, '2026-02-18 04:00:43', '2026-02-18 04:56:28', NULL, NULL),
	(133, 'CNI0717625', 'Herdyant Yoga Utama', NULL, 'CNI0717625', '2910', 1, '6', '54', '1', NULL, '21', 'Contract', 5, '2024-02-16', '2025-02-18', '2025-05-16', NULL, 'Moslem', 'Male', 'Single', 'Halong', '1997-07-06', 'Perum TNI-AL Blok B-9 No.1 RT 007/001, Sukamanah, Jonggol,Kabupaten Bogor', '082112025570', 'herdyant@ciptanissin.co.id', 'yogaherdyantt@gmail.com', '42.307.503.5-436.000', '\'24045191848', '\'1288357907', '\'3201060607970000', NULL, '2026-02-18 04:00:43', '2026-02-18 04:56:28', NULL, NULL),
	(134, 'CNI0717805', 'Heri Purwanto', NULL, 'CNI0717805', '3101', 1, '7', '116', '1', NULL, '24', 'Contract', 2, '2024-12-02', '2025-02-03', '2025-04-04', NULL, 'Moslem', 'Male', 'Married', 'Bekasi', '1996-12-01', 'Kp Kepu RT 007/006 Kaliabang Tengah, Bekasi Utara, Kota Bekasi', '089674940259', NULL, 'heryncex56@gmail.com', '72.031.667.8-407.000', '\'24126424142', NULL, '\'3275030112960030', NULL, '2026-02-18 04:00:43', '2026-02-18 04:56:28', NULL, NULL),
	(135, 'CNI0717818', 'Heri Rahman', NULL, 'CNI0717818', '3115', 1, '12', '101', '2', NULL, '24', 'Contract', 2, '2024-12-16', '2025-02-17', '2025-04-18', NULL, 'Moslem', 'Male', 'Single', 'Magelang', '1999-04-11', 'Pondok Kopi Pemancingan, RT001/007, Pondok Kopi, Duren Sawit, Jakarta Timur\n\nDomisili : Bintara I Cokobalang RT.13 RW.02,Bintara, Bekasi, Jawa Barat', '089531371471', NULL, 'herir1186@gmail.com', '61.256.776.8-008.000', NULL, NULL, '\'3175071104990000', NULL, '2026-02-18 04:00:43', '2026-02-18 04:56:43', NULL, NULL),
	(136, 'CNI0717103', 'Heriek Kristianto', NULL, 'CNI0717103', '2358', 1, '11', '49', '1', NULL, '23', 'Contract', 10, '2022-12-19', '2025-02-21', '2025-05-20', NULL, 'Moslem', 'Male', 'Single', 'Bekasi', '1986-11-24', 'Ujung Menteng No.46 RT.005/008 Medan Satria, Kota Bekasi', '081285956521', NULL, 'erickristianto9@gmail.com', '96.687.922.3-427.000', '\'23003879238', '\'1014038831', '\'3275062411860010', NULL, '2026-02-18 04:00:43', '2026-02-18 04:56:28', NULL, NULL),
	(137, 'CNI0717809', 'Heriyanto', NULL, 'CNI0717809', '3105', 1, '7', '116', '1', NULL, '24', 'Contract', 2, '2024-12-09', '2025-02-10', '2025-04-11', NULL, 'Moslem', 'Male', 'Married', 'Bekasi', '1992-12-05', 'Kp. Tambun Baru RT 02/09 Pahlawan Setia, Tarumajaya,Kab. Bekasi', '085884480946', NULL, 'heriyanto.h51992@gmail.com', '36.993.642.2-435.000', '\'24126424159', NULL, '\'3216010512920010', NULL, '2026-02-18 04:00:43', '2026-02-18 04:56:28', NULL, NULL),
	(138, 'CNI0717445', 'Heru Andika Setianto', NULL, 'CNI0717445', '2719', 1, '7', '118', '2', NULL, '23', 'Contract', 7, '2023-08-14', '2025-02-14', '2025-05-13', NULL, 'Moslem', 'Male', 'Married', 'Purworejo', '1996-12-11', 'Sidan Trukan RT.04/01 Sokowaten, banyuurip,Purworejo.', '082124363342', NULL, 'heruandika454567@gmail.com', '73.994.012.0-531.000', '\'23129243871', '\'2135263612', '\'3306071112960000', NULL, '2026-02-18 04:00:43', '2026-02-18 04:56:43', NULL, NULL),
	(139, '1691021', 'Heti Sri Ruswati', NULL, '1691021', '1021', 2, '14', '24', '2', NULL, '6', 'Permanent', 0, '1991-10-09', '1991-10-09', NULL, NULL, 'Moslem', 'Female', 'Married', 'Blora', '1965-06-23', 'Perum Wisma Jaya Jl. Kusuma Utara X Blok 40/93 RT 015/017 Kel Duren Jaya Kec Bekasi Timur', '0218825382', 'hetty.sri@ciptasaksama.co.id', NULL, '68.176.955.0-407.000', '\'89J01267522', '\'1296261246', '\'3275016306650020', NULL, '2026-02-18 04:00:43', '2026-02-18 09:24:14', NULL, NULL),
	(140, 'CNI0717855', 'Hilmy Faiz', NULL, 'CNI0717855', '3165', 1, '7', '116', '1', NULL, '24', 'Contract', 2, '2025-01-31', '2025-03-31', '2025-05-23', NULL, 'Moslem', 'Male', 'Married', 'Jakarta', '1997-10-24', 'Perum Permata Harmoni Blok A9 No 3, RT007/014, Cengkong, Purwasari, Kab. Karawang', '0817 7600 9715', NULL, 'hilmyfahiz@yahoo.com', '74.853.741.2-435.000', NULL, NULL, '\'3216022410970000', NULL, '2026-02-18 04:00:43', '2026-02-18 04:56:28', NULL, NULL),
	(141, NULL, 'Himawan Aji Saputro', NULL, 'CNI0717986', '3324', 1, '12', '101', '2', NULL, '23', 'Contract', 1, '2025-09-22', '2025-09-22', '2026-01-23', NULL, 'Moslem', 'Male', 'Married', 'Kebumen', '1996-08-28', 'Kebulusan RT002/001, Kebulusan, Pejagoan, Kab. Kebumen', '0821 1087 7149', NULL, NULL, NULL, NULL, NULL, '\'3305132908960002', NULL, '2026-02-18 04:00:43', '2026-02-18 04:56:43', NULL, NULL),
	(142, 'CNI0717806', 'Husain Rifqian', NULL, 'CNI0717806', '3102', 1, '11', '122', '1', NULL, '24', 'Contract', 2, '2024-12-02', '2025-02-03', '2025-04-04', NULL, 'Moslem', 'Male', 'Single', 'Kendal', '2000-12-09', 'Branti RT 004/005 Jurangagung, Plantungan, Kendal', '085865687128', NULL, 'husainrifqian912@gmail.com', '41.277.307.9-513.000', '\'24126424167', NULL, '\'3324010912000000', NULL, '2026-02-18 04:00:43', '2026-02-18 04:56:28', NULL, NULL),
	(143, 'CNI0716573', 'Ibnu Sofyan Alsyaid', NULL, 'CNI0716573', '1766', 1, '12', '98', '2', NULL, '23', 'Contract', 9, '2020-10-28', '2024-04-30', '2025-04-30', NULL, 'Moslem', 'Male', 'Single', 'Jakarta', '1993-09-06', 'Gandusari RT 002/ 003 Gandusari, Kuwarasan, Kebumen.\n\nJl Swadaya PAM, Rawa Badung Jati Negara, Cakung, Jakarta Timur', '081311465707', 'ibnu.sofyan@ciptanissin.co.id', 'ibnusofyan693@gmail.com', '76.563.502.4-523.000', '\'19085093417', '\'2908237239', '\'3305160609930000', NULL, '2026-02-18 04:00:43', '2026-02-18 04:56:43', NULL, NULL),
	(144, 'CNI0717416', 'Ibnu Sohib', NULL, 'CNI0717416', '2690', 1, '7', '115', '1', NULL, '23', 'Contract', 7, '2023-07-17', '2025-01-17', '2025-04-16', NULL, 'Moslem', 'Male', 'Single', 'Bekasi', '1998-06-03', 'Kp. Tambun Baru RT.03 RW.02 Kel. Pahlawan Setia, Tarumajaya, Bekasi Jawa Barat.', '082213192410', NULL, 'duwijayantiduwi@gmail.com', '91.279.493.0-435.000', '\'23110079847', '\'2140109829', '\'3216010306970010', NULL, '2026-02-18 04:00:43', '2026-02-18 04:56:28', NULL, NULL),
	(145, 'CNI0717664', 'Ignatius Irawan Sukma', NULL, 'CNI0717664', '2951', 1, '10', '15', '2', NULL, '6', 'Contract', 4, '2024-05-21', '2025-02-21', '2025-05-20', NULL, 'Catholic', 'Male', 'Married', 'Jakarta', '1977-08-28', 'Jl. Delima Curug, RT005/008, Pondok Kelapa, Duren Sawit, Jakarta Timur', '081223470200', 'ignatius.irawan@ciptanissin.co.id', 'ira.sukma@gmail.com', '47.247.726.4-008.000', '\'24098059447', '\'1647424721', '\'3175072808770010', NULL, '2026-02-18 04:00:43', '2026-02-18 04:56:43', NULL, NULL),
	(146, '2019141', 'Ikbal Alamahdi', NULL, '2019141', '2828', 2, '15', '39', '2', NULL, '23', 'Contract', 6, '2023-12-11', '2025-03-11', '2025-06-10', NULL, 'Moslem', 'Male', 'Married', 'Kebumen', '1992-04-05', 'Gandusari Dusun. RT.01/04, Gandusari, Kuwarasan, Kebumen, Jawa Tengah', '081225961877', NULL, 'ikbalalamahdi@gmail.com', '70.774.709.3-523.000', '\'24004358669', '\'1401642279', '\'3305160504920000', NULL, '2026-02-18 04:00:43', '2026-02-18 09:24:14', NULL, NULL),
	(147, '1313018', 'Ikrar Cecep', NULL, '1313018', '632', 1, '2', '2', '2', NULL, '2', 'Permanent', 4, '2013-01-28', '2013-01-28', NULL, NULL, 'Moslem', 'Male', 'Married', 'padang panjang', '1977-07-20', 'Vila Nusa Indah 3 Blok KA 7 No 20 RT 5 /37 Kel Bj Kulur Kec Gunung Putri Kab Bogor', '08161456507', 'ikrar.cecep@ciptanissin.co.id', 'ikrarcecep467@gmail.com', NULL, '\'13018429533', '\'1865948679', '\'3201022007770010', NULL, '2026-02-18 04:00:43', '2026-02-18 04:56:43', NULL, NULL),
	(148, 'CNI0717434', 'Indra Andrian Rustandi', NULL, 'CNI0717434', '2708', 1, '7', '115', '1', NULL, '23', 'Contract', 7, '2023-08-07', '2025-02-07', '2024-05-06', NULL, 'Moslem', 'Male', 'Married', 'Garut', '1992-05-14', 'Mustika Karang Satria Blok EB 3A No.6 RT.020/014 Karangsatria, Tambun Utara, Kab. Bekasi', '08567267957', NULL, 'indrandrian69@gmail.com', '98.139.129.5-435.000', NULL, '\'1860079994', '\'3216051405920000', NULL, '2026-02-18 04:00:43', '2026-02-18 04:56:28', NULL, NULL),
	(149, 'CNI0716347', 'Indra Irawan', NULL, 'CNI0716347', '1487', 1, '9,19', '66', '1', NULL, '7', 'Permanent', 1, '2019-03-04', '2019-09-02', NULL, NULL, 'Moslem', 'Male', 'Married', 'Sukabumi', '1984-03-16', 'Kp. Bojonggenteng RT 002 RW 001 Berekah, Bojong Genteng,Kab. Sukabumi', '085782001211', 'indra.irawan@ciptanissin.co.id', NULL, '57.168.558.5-405.000', '\'19026306134', '\'1426329134', '\'3202151603840000', NULL, '2026-02-18 04:00:43', '2026-02-18 04:56:28', NULL, NULL),
	(150, 'CNI0716985', 'Irfan Hamzah', NULL, 'CNI0716985', '2229', 1, '4', '83', '2', NULL, '23', 'Contract', 6, '2022-08-29', '2025-03-03', '2025-09-02', NULL, 'Moslem', 'Male', 'Single', 'Jakarta', '2000-04-01', 'Cakung Barat RT 005/ 005 Cakung Barat, Cakung, Jakarta Timur.', '081319381776', NULL, 'irfanhamzah69@gmail.com', '93.392.326.0-006.000', '\'22130605383', '\'2487192366', '\'3216020104000020', NULL, '2026-02-18 04:00:43', '2026-02-18 04:56:43', NULL, NULL),
	(151, 'CNI0717842', 'Irfan Sahrul Efendi', NULL, 'CNI0717842', '3150', 1, '7', '119', '2', NULL, '24', 'Contract', 2, '2025-01-20', '2025-03-24', '2025-05-23', NULL, 'Moslem', 'Male', 'Married', 'Kebumen', '1995-08-08', 'Banjaran Tengah RT 003/005 Bojongsari, Alian, Kebumen', '087763454585', NULL, 'irfansahrul98@gmail.com', '80.390.328.5-523.000', '\'24126424175', NULL, '\'3305110808950000', NULL, '2026-02-18 04:00:43', '2026-02-18 04:56:43', NULL, NULL),
	(152, 'CNI0717822', 'Ismail', NULL, 'CNI0717822', '3119', 1, '7', '116', '1', NULL, '24', 'Contract', 2, '2024-12-23', '2025-02-24', '2025-04-25', NULL, 'Moslem', 'Male', 'Married', 'Subang', '1993-09-03', 'Dusun Sukaseneng RT 024/010 Compreng, Compreng, Subang', '087879031271', NULL, 'im887056@gmail.com', '98.231.316.5-439.000', '\'24126424183', NULL, '\'3213150309930000', NULL, '2026-02-18 04:00:43', '2026-02-18 04:56:28', NULL, NULL),
	(153, 'CNI0715047', 'Istiyono', NULL, 'CNI0715047', '987', 1, '7', '59', '2', NULL, '13', 'Permanent', 2, '2015-12-14', '2016-05-21', NULL, NULL, 'Moslem', 'Male', 'Married', 'Klaten', '1975-05-31', 'Kp Petukangan RT 006/ 004, Rawa Terate, Cakung, Jakarta Timur\n\nJl Malaka Baru, GG. H Enteng 2 RT 008/ 011 No 96 Pondok Kopi, Duren Sawit, Jakarta Timur', '081386068841', 'istiyono@ciptanissin.co.id', 'istiyono292@gmail.com', '17.815.462.1-004.000', NULL, '\'1136150267', '\'3175063105750010', NULL, '2026-02-18 04:00:43', '2026-02-18 04:56:43', NULL, NULL),
	(154, 'CNI0717788', 'Iswanto Ariansyah', NULL, 'CNI0717788', 'CNI0717788', 1, '7', '116', '1', NULL, '24', 'Resign', 1, '2024-11-04', '2024-11-04', '2025-01-03', NULL, 'Moslem', 'Male', 'Single', 'Bogor', '2000-01-17', 'Curug, RT003/002, Pakansari, Cibinong, Kab. Bogor', '085710710194', NULL, 'iswantoariansyah633@gmail.com', '91.965.144.8-403.000', NULL, NULL, '\'3201011701000010', NULL, '2026-02-18 04:00:43', '2026-02-18 04:56:28', NULL, NULL),
	(155, 'CNI0717829', 'Itang Gunadi', NULL, 'CNI0717829', '3126', 1, '7', '116', '1', NULL, '24', 'Contract', 2, '2024-12-30', '2025-03-03', '2025-05-02', NULL, 'Moslem', 'Male', 'Married', 'Ciamis', '1991-02-12', 'Dusun Ciawitali RT 001/ 004 Pamotan, Kalipucang, Pangandaran', '081255737098', NULL, 'itanggunadi@gmail.com', '89.608.325.0-442.000', '\'24126424191', NULL, '\'3207211202910000', NULL, '2026-02-18 04:00:43', '2026-02-18 04:56:28', NULL, NULL),
	(156, 'CNI0716309', 'Iud Deny Achmadi', NULL, 'CNI0716309', '1441', 1, '3,12', '62', '2', NULL, '7', 'Permanent', 1, '2018-10-01', '2018-10-01', NULL, NULL, 'Moslem', 'Male', 'Married', 'Jakarta', '1972-12-16', 'Perum Pesona Gading Blok D2/17 RT 002 RW 015 Kel Wanajaya Kec Cibitung,Kab. Bekasi', '082185257411', 'iud.deny@ciptanissin.co.id', NULL, '69.302.738.5-435.000', '\'01K20256885', '\'2100868762', '\'3216071612720000', NULL, '2026-02-18 04:00:43', '2026-02-18 04:56:43', NULL, NULL),
	(157, 'CNI0717474', 'Ivan Adiana Edhar', NULL, 'CNI0717474', '2749', 1, '3', '105', '2', NULL, '18', 'Permanent', 2, '2023-09-21', '2024-03-21', NULL, NULL, 'Moslem', 'Male', 'Single', 'Bekasi', '1996-02-18', 'Kamp. Kayu Ringin RT.04/12, Kayuringin Jaya, Bekasi Selatan, Bekasi', '085218826403', 'ivan.adiana@ciptanissin.co.id', 'ivanadianaedhar12@gmail.com', '75.273.599.3-438.000', '\'23168052464', '\'1742706066', '\'3275031802960030', NULL, '2026-02-18 04:00:43', '2026-02-18 04:56:43', NULL, NULL),
	(158, 'CNI0717733', 'Ivan Sutrisno', NULL, 'CNI0717733', '3026', 1, '11', '122', '1', NULL, '24', 'Resign', 2, '2024-08-12', '2024-10-11', '2024-12-13', NULL, 'Moslem', 'Male', 'Single', 'Magelang', '2000-10-02', 'Dusun Semalen RT 004/002 Ngadirojo, Secang, Kab. Magelang', '085951353016', NULL, 'ivanskuats10@gmail.com', '41.249.161.5-524.000', '\'24126424209', NULL, '\'3308200210000000', NULL, '2026-02-18 04:00:43', '2026-02-18 04:56:28', NULL, NULL),
	(159, 'CNI0716500', 'Iwan Gunawan', NULL, 'CNI0716500', '1383', 1, '12', '100', '2', NULL, '23', 'Permanent', 7, '2020-07-07', '2024-01-06', NULL, NULL, 'Moslem', 'Male', 'Married', 'Bekasi', '1992-06-06', 'Kp. Bali RT 001/ 004 Pantai Makmur Taruma Jaya, Bekasi.\n\nKaliabang ceger No.34 RT 005/ 002 Harapan Jaya, Bekasi Utara', '082111190356', NULL, 'iwanglatiex@gmail.com', '41.952.150.5-435.000', '\'18061410736', '\'2424237884', '\'3216010203910010', NULL, '2026-02-18 04:00:43', '2026-02-18 04:56:43', NULL, NULL),
	(160, 'CNI0716240', 'Iwan Setiawan', NULL, 'CNI0716240', '1360', 1, '12', '99', '2', NULL, '23', 'Permanent', 3, '2018-04-09', '2019-04-09', NULL, NULL, 'Moslem', 'Male', 'Married', 'Ciamis', '1984-04-06', 'Cakung Barat RT.017/RW.004, Cakung Barat, Cakung,Jakarta Timur', '085719545040', NULL, 'iwanset1503@gmail.com', '67.260.171.3-006.000', '\'17065082491', '\'2313494144', '\'3175060604840010', NULL, '2026-02-18 04:00:43', '2026-02-18 04:56:43', NULL, NULL),
	(161, 'CNI0717242', 'Jamaluddin', NULL, 'CNI0717242', '2508', 1, '7', '115', '1', NULL, '23', 'Contract', 8, '2023-05-02', '2025-02-03', '2025-05-02', NULL, 'Moslem', 'Male', 'Single', 'Bekasi', '1992-10-16', 'Kp Tambun Baru RT 003/ 002 Pahlawan Setia, Taruma Jaya, Bekasi', '083893162795', NULL, 'ju044332@gmail.com', '36.611.073.2-435.000', '\'23073188825', '\'492638578', '\'3216011610920000', NULL, '2026-02-18 04:00:43', '2026-02-18 04:56:28', NULL, NULL),
	(162, '2019145', 'James Kambuno Wekin', NULL, '2019145', '2950', 2, '14', '40', '2', NULL, '6', 'Permanent', 0, '2024-05-21', '2024-05-21', NULL, NULL, 'Catholic', 'Male', 'Single', 'Malaysia', '1990-04-25', 'Jl. Muhajirin LR. 4 No. 8 Rt.004/008, Mangasa, Tamalate, Makassar', '081392464201', 'James.Kambuno@ciptasaksama.co.id', 'amod.jemzth@gmail.com', '76.101.077.6-803.000', '\'16024212363', NULL, '\'7326022504900000', NULL, '2026-02-18 04:00:43', '2026-02-18 09:24:14', NULL, NULL),
	(163, 'CNI0717871', 'Jefri Cepi Janwardi', NULL, 'CNI0717871', '3187', 1, '12', '101', '2', NULL, '24', 'Contract', 1, '2025-03-06', '2025-03-06', '2025-05-02', NULL, 'Moslem', 'Male', 'Married', 'Subang', '1991-01-30', 'Kp. Tajurhalang, RT.003/005, Sindanglaka, Karang Tengah, Kab. Cianjur', '0821 2479 6610', NULL, 'hasbeenused@gmail.com', '32.130.430.0-191.000', NULL, NULL, '\'3213043001910000', NULL, '2026-02-18 04:00:43', '2026-02-18 04:56:43', NULL, NULL),
	(164, 'CNI0717710', 'Jepri', NULL, 'CNI0717710', '3000', 1, '7', '115', '1', NULL, '23', 'Contract', 3, '2024-07-08', '2025-01-08', '2025-04-07', NULL, 'Moslem', 'Male', 'Married', 'Indramayu', '1996-10-09', 'Kp. Srengseng RT 001/ 002 Sukamulya, Sukatani, Kab. Bekasi', '081296035676', NULL, 'jefri182809@gmail.com', '73.831.646.2-437.000', '\'24114340912', '\'2063957894', '\'3212210910960000', NULL, '2026-02-18 04:00:43', '2026-02-18 04:56:28', NULL, NULL),
	(165, 'CNI0717449', 'Julian Nur Hidayat', NULL, 'CNI0717449', '2723', 1, '7', '115', '1', NULL, '23', 'Contract', 7, '2023-08-21', '2025-02-21', '2025-05-20', NULL, 'Moslem', 'Male', 'Single', 'Banjarnegara', '2001-07-12', 'Gumingsir RT.04/03 Gumingsir,Wanadadi,Banjarnegara', '083101507653', NULL, 'juliankikuk767@gmail.com', '95.729.971.2-529.000', '\'23146311545', '\'535185088', '\'3304101207010000', NULL, '2026-02-18 04:00:43', '2026-02-18 04:56:28', NULL, NULL),
	(166, 'CNI0717776', 'Kandiaz Surya Agisni', NULL, 'CNI0717776', 'CNI0717776', 1, '11', '71', '1', NULL, '24', 'Contract', 3, '2024-10-28', '2024-12-30', '2025-05-02', NULL, 'Moslem', 'Male', 'Single', 'Cianjur', '2005-01-18', 'Kp. Pasirkelewih RT.002/001, Sukanagara, Sukanagara, Kab. Cianjur', '081546807502', NULL, 'khandiaz@gmail.com', '40.536.278.1-427.000', '\'24126424217', NULL, '\'3203141801050000', NULL, '2026-02-18 04:00:43', '2026-02-18 04:56:28', NULL, NULL),
	(167, 'CNI0717101', 'Karman Handian', NULL, 'CNI0717101', '2356', 1, '7', '118', '2', NULL, '23', 'Contract', 11, '2022-12-19', '2025-03-20', '2025-06-19', NULL, 'Moslem', 'Male', 'Single', 'Sumedang', '1992-08-23', 'Dusun Ciboboko RT 004/ 002 Mekarasih,Jatigede,Sumedang.', '085891226800', NULL, 'handiankarman@gmail.com', '88.567.126.3-446.000', '\'23003879204', '\'1623379882', '\'3211262308920000', NULL, '2026-02-18 04:00:43', '2026-02-18 04:56:43', NULL, NULL),
	(168, 'CNI0715052', 'Karsomo', NULL, 'CNI0715052', '992', 1, '6', '14', '2', NULL, '17', 'Permanent', 2, '2015-12-12', '2016-05-21', NULL, NULL, 'Moslem', 'Male', 'Married', 'Purworejo', '1985-10-15', 'Jl Komarudin Ujung Kerawang RT 011/05 Kel Pulo Gebang Kec Cakung Jakarta Timur', '088296331944', 'karsomo@ciptanissin.co.id', 'somodiaz85@gmail.com', '58.486.610.7-412.000', '\'16012373755', '\'1295587776', '\'3308011510850000', NULL, '2026-02-18 04:00:43', '2026-02-18 04:56:43', NULL, NULL),
	(169, 'CNI0716486', 'Karyadi', NULL, 'CNI0716486', '1662', 1, '12', '100', '2', NULL, '23', 'Contract', 9, '2020-03-06', '2025-03-10', '2025-06-09', NULL, 'Moslem', 'Male', 'Single', 'Bekasi', '1992-05-25', 'Kp Rawa panjang RT 002/005 No.09 Sepanjang Jaya,Rawa Lumbu, Bekasi.', '081574592558', NULL, 'karyadi14538@gmail.com', '72.673.393.4-432.000', '\'18008287478', '\'1139725563', '\'3275052505920010', NULL, '2026-02-18 04:00:43', '2026-02-18 04:56:43', NULL, NULL),
	(170, 'CNI0717891', 'Khairul Rahman', NULL, 'CNI0717891', '3217', 1, '7', '116', '1', NULL, '24', 'Contract', 1, '2025-04-28', '2025-04-28', '2025-06-27', NULL, 'Moslem', 'Male', 'Single', 'Kuningan', '1998-06-18', 'Dusun Pahing, RT010/005, Maleber, Kab. Kuningan', '81242508480', NULL, 'khairulrahman709@gmal.com', '3208071806980010', NULL, NULL, '\'3208071806980011', NULL, '2026-02-18 04:00:43', '2026-02-18 04:56:28', NULL, NULL),
	(171, 'CNI0716068', 'Komarudin', NULL, 'CNI0716068', '1113', 1, '7', '115', '1', NULL, '23', 'Permanent', 3, '2016-05-16', '2018-05-21', NULL, NULL, 'Moslem', 'Male', 'Married', 'Jakarta', '1981-05-26', 'Kp Baru RT 002 RW 009 No 35 Kel Cakung Barat Kec Cakung Jakarta Timur\n', '083871004053', NULL, 'komarudinsarah9@gmail.com', '67.657.208.4-006.000', '\'00J40297384', '\'1127978177', '\'3175062605810010', NULL, '2026-02-18 04:00:43', '2026-02-18 04:56:28', NULL, NULL),
	(172, 'CNI0716844', 'Kunto Wibisono', NULL, 'CNI0716844', '2075', 1, '7', '115', '1', NULL, '23', 'Contract', 6, '2022-04-18', '2024-10-17', '2025-04-17', NULL, 'Moslem', 'Male', 'Married', 'Baturaja', '1986-11-26', 'Tempuran RT 013/  005 Simo, Simo, Boyolali, Jawa Tengah.', '085883011313', NULL, 'chunto.wbs@gmail.com', '78.219.303.1-527.000', '\'22048517035', '\'1630685417', '\'3309132611860000', NULL, '2026-02-18 04:00:43', '2026-02-18 04:56:28', NULL, NULL),
	(173, 'CNI0717766', 'Labib Yoga Rahmadjiansyah', NULL, 'CNI0717766', '3060', 1, '7', '116', '1', NULL, '24', 'Contract', 3, '2024-10-14', '2025-02-17', '2025-04-18', NULL, 'Moslem', 'Male', 'Single', 'Bekasi', '2003-10-17', 'Villa Mutiara Gading 2 Blok X.6 No. 65 RT 003/018 Kab. Bekasi', '085863815029', NULL, 'labibyoga17@gmail.com', '61.146.500.6-435.000', '\'24126424225', NULL, '\'3216051710030010', NULL, '2026-02-18 04:00:43', '2026-02-18 04:56:28', NULL, NULL),
	(174, 'CNI0717715', 'Lampung Deni', NULL, 'CNI0717715', '3006', 1, '7', '116', '1', NULL, '24', 'Resign', 2, '2024-07-15', '2024-09-13', '2024-11-01', NULL, 'Moslem', 'Male', 'Single', 'Serang', '1997-09-05', 'Kp. Cibawang RT 002/006 Kubang Baros, Cinangka, Serang', '085893383512', NULL, 'lampungdeni123@gmail.com', '82.825.190.0-401.000', '\'24126424050', NULL, '\'3604310509970000', NULL, '2026-02-18 04:00:43', '2026-02-18 04:56:28', NULL, NULL),
	(175, '1', 'Leo Kosasih', NULL, '1', '1', 2, '13,13', '21', '2', NULL, '1', 'Permanent', 0, '2013-02-21', '2013-02-21', NULL, NULL, NULL, 'Male', 'Married', 'Bogor', '1950-08-22', 'Villa gd indah blk l/12 a rt 04/014 kelapa gading barat, kelapa gading, jakarta utara.', NULL, 'leo@ciptasaksama.co.id', NULL, NULL, NULL, NULL, '\'3171022208500000', NULL, '2026-02-18 04:00:43', '2026-02-18 09:24:14', NULL, NULL),
	(176, '2019127', 'Lukman Nulhakim', NULL, '2019127', '2667', 2, '15', '30', '2', NULL, '10', 'Permanent', 1, '2023-07-13', '2024-01-15', NULL, NULL, 'Moslem', 'Male', 'Married', 'Jakarta', '1990-08-03', 'Jl. Rawa Kuning RT.10/07 Kel. Pulo Gebang Kec. Cakung,\n\nDomisili :\nJl. Kp. Rawadas RT.04/03 No.136, Kel. Pondok Kopi,Kec. Duren Sawit, Jakarta Timur', '082114053722', 'lukman@ciptasaksama.co.id', 'lukmannulhakim.tww@gmail.com', '26.340.750.6-006.000', '\'19050157353', '\'1312407382', '\'3175060308900010', NULL, '2026-02-18 04:00:43', '2026-02-18 09:24:14', NULL, NULL),
	(177, 'CNI0717797', 'M. Ibnu Darussalam', NULL, 'CNI0717797', '3093', 1, '7', '116', '1', NULL, '24', 'Contract', 3, '2024-11-18', '2025-03-24', '2025-05-23', NULL, 'Moslem', 'Male', 'Single', 'Tangerang', '1997-08-15', 'KP. Gandaria, RT.003/006, Sukamanah, Rajeg, Tangerang', '085881293725', NULL, 'ibnudarussalam997@gmail.com', '76.357.158.5-418.000', '\'24126423953', NULL, '\'3603111508970000', NULL, '2026-02-18 04:00:43', '2026-02-18 04:56:28', NULL, NULL),
	(178, 'CNI0716112', 'M. Jakaria', NULL, 'CNI0716112', '1175', 1, '19', '69', '2', NULL, '17', 'Permanent', 2, '2016-09-05', '2018-03-05', NULL, NULL, 'Moslem', 'Male', 'Single', 'Jakarta', '1986-01-27', 'Kp. Padurenan Baru, RT.001/010 Padurenan, Mustika Jaya , Kota Bekasi', '08128082782', 'zakaria@ciptanissin.co.id', 'Muhammadjakaria21@gmail.com', '54.679.610.3-432.000', '\'16045268188', '\'1140396603', '\'3275112701860000', NULL, '2026-02-18 04:00:43', '2026-02-18 04:56:43', NULL, NULL),
	(179, 'CNI0717453', 'M. Kosim', NULL, 'CNI0717453', '2727', 1, '7', '118', '2', NULL, '23', 'Contract', 7, '2023-08-28', '2025-02-28', '2025-05-27', NULL, 'Moslem', 'Male', 'Married', 'Bekasi', '1989-07-03', 'KP. Rawa Bebek RT.05/08 Kota Baru, Kec. Bekasi Barat,Bekasi', '085778910169', NULL, 'mkosim0307@gmail.com', '90.843.898.9-435.000', '\'23146311560', '\'2510639302', '\'3216010307890010', NULL, '2026-02-18 04:00:43', '2026-02-18 04:56:43', NULL, NULL),
	(180, '2019101', 'Maranatha Agustina', NULL, '2019101', '1535', 2, '14', '27', '2', NULL, '10', 'Permanent', 0, '2019-07-19', '2020-01-21', NULL, NULL, 'Christian', 'Female', 'Single', 'Bekasi', '1989-08-11', ' Bekasi Utara ', '081287946774', 'maranatha.agustina@ciptasaksama.co.id', 'natha.jchrist@gmail.com', '71.392.059.3-407.000', '\'19065454597', '\'1134353812', '\'3275035108890020', NULL, '2026-02-18 04:00:43', '2026-02-18 09:24:14', NULL, NULL),
	(181, 'CNI0717774', 'Masuri', NULL, 'CNI0717774', 'CNI0717774', 1, '7', '116', '1', NULL, '24', 'Contract', 3, '2024-10-21', '2025-02-24', '2025-04-25', NULL, 'Moslem', 'Male', 'Single', 'Serang', '1994-02-10', 'Kp. Cibawang RT 003/006 Kubang Baros, Cinangka, Kab. Serang', '085794685965', NULL, 'masurihurie@gmail.com', '85.718.510.2-401.000', '\'24126424233', NULL, '\'3604311002940000', NULL, '2026-02-18 04:00:43', '2026-02-18 04:56:28', NULL, NULL),
	(182, 'CNI0716966', 'Maulana Aditya Perdana', NULL, 'CNI0716966', '2209', 1, '4', '11', '2', NULL, '13', 'Permanent', 2, '2022-08-23', '2023-02-21', NULL, NULL, 'Moslem', 'Male', 'Married', 'Bogor', '1993-05-07', 'Btn Cicadas Mas Permai RT 005/005 Cicadas, Gunung Putri, Bogor.', '081280820086', 'maulana.aditya@ciptanissin.co.id', 'maulana.aditya.p57@gmail.com', '82.524.323.1-403.000', '\'17041600952', '\'1723495004', '\'3201020705930000', NULL, '2026-02-18 04:00:43', '2026-02-18 04:56:43', NULL, NULL),
	(183, 'CNI0717462', 'Mochamad Arfan Juliansyah', NULL, 'CNI0717462', '2736', 1, '12', '100', '2', NULL, '23', 'Contract', 7, '2023-09-04', '2025-03-04', '2025-06-03', NULL, 'Moslem', 'Male', 'Married', 'Jakarta', '1992-07-01', 'JL. Kebantenan V RT.03/06 Semper Barat, Cilincing, Jakarta Utara', '08999054369', NULL, 'arfanjuliansyah@gmail.com', '54.427.990.4-045.000', '\'23146311495', NULL, '\'3172040107920000', NULL, '2026-02-18 04:00:43', '2026-02-18 04:56:43', NULL, NULL),
	(184, 'CNI0717696', 'Mochamad Arro Jabar qoyuum', NULL, 'CNI0717696', '2985', 1, '19', '95', '1', NULL, '21', 'Contract', 3, '2024-07-22', '2025-01-22', '2025-04-21', NULL, 'Moslem', 'Male', 'Married', 'Jakarta', '1993-09-30', 'Jl. Ujung Krawang RT010/005, Pulogebang, Cakung, Jakarta Timur', '082122926428', 'arro@ciptanissin.co.id', 'qoyuumarro@gmail.com', '46.445.764.7-033.000', '\'24127551224', '\'374595153', '\'3173043009930010', NULL, '2026-02-18 04:00:43', '2026-02-18 04:56:28', NULL, NULL),
	(185, 'CNI0717835', 'Moh Zikrulloh', NULL, 'CNI0717835', '3141', 1, '7', '116', '1', NULL, '24', 'Contract', 2, '2025-01-06', '2025-03-10', '2025-05-09', NULL, 'Moslem', 'Male', 'Single', 'Bekasi', '1996-11-01', 'Kaliabang Bungur RT 004/ 002 Pejuang, Medan Satria, Bekasi', '081295594647', NULL, 'm.dzikrulloh11@gmail.com', '74.627.272.3-427.000', '\'24126424068', NULL, '\'3275060111960010', NULL, '2026-02-18 04:00:43', '2026-02-18 04:56:28', NULL, NULL),
	(186, 'CNI0717867', 'Moh. Fatoni', NULL, 'CNI0717867', '3180', 1, '9', '91', '1', NULL, '24', 'Resign', 1, '2025-02-26', '2025-02-26', '2025-04-25', NULL, 'Moslem', 'Male', 'Single', 'Brebes', '2003-02-16', 'Bulusari, RT004/009, Bulusari, Bulakamba, Kab. Brebes', '0857 2724 2939', NULL, '45muhammadfathoni@gmail.com', '33.291.415.0-203.001', NULL, NULL, '\'3329141502030010', NULL, '2026-02-18 04:00:43', '2026-02-18 04:56:28', NULL, NULL),
	(187, 'CNI0717680', 'Mohamad Angga Saputra', NULL, 'CNI0717680', '2970', 1, '7', '115', '1', NULL, '23', 'Contract', 4, '2024-06-10', '2025-03-10', '2025-06-09', NULL, 'Moslem', 'Male', 'Single', 'Jakarta', '1994-12-05', 'Jl. Bendungan Melayu RT 005/001 Rawa Badak Selatan, Koja, Jakarta Utara', '087776335854', NULL, 'putra.angga0512@gmail.com', '66.237.274.7-045.000', '\'24098059488', '\'1772660147', '\'3305170512940000', NULL, '2026-02-18 04:00:43', '2026-02-18 04:56:28', NULL, NULL),
	(188, 'CNI0717773', 'Mohamad Nur Isnanda', NULL, 'CNI0717773', 'CNI0717773', 1, '20', '70', '2', NULL, '11', 'Contract', 2, '2024-10-21', '2025-01-21', '2025-04-18', NULL, 'Moslem', 'Male', 'Married', 'Cirebon', '1991-09-30', 'Citra Indah Bukit Tectona Blok CB 09 No.26, RT004/013, Singajaya,Jonggol, Bogor', '083870565037', 'nur.isnanda@ciptanissin.co.id', 'nandolactobacillus@gmail.com', '36.918.479.1-426.000', NULL, NULL, '\'3209403009910000', NULL, '2026-02-18 04:00:43', '2026-02-18 04:56:43', NULL, NULL),
	(189, 'CNI0717767', 'Mohamad Rifki Nurhadi', NULL, 'CNI0717767', '3061', 1, '9', '91', '1', NULL, '24', 'Contract', 3, '2024-10-14', '2025-02-17', '2025-04-18', NULL, 'Moslem', 'Male', 'Single', 'Jakarta', '2004-12-06', 'JLN. Marunda Baru RT 002/003, Marunda, Cilincing, Jakarta Utara', '087862157083', NULL, 'mohammadrifkibelo@gmail.com', '50.311.982.8-045.000', '\'24126424241', NULL, '\'3172040612040000', NULL, '2026-02-18 04:00:43', '2026-02-18 04:56:28', NULL, NULL),
	(190, 'CNI0717763', 'Mohammad Fadhil Ilham', NULL, 'CNI0717763', '3057', 1, '9', '93', '2', NULL, '24', 'Resign', 1, '2024-10-14', '2024-10-14', '2024-12-13', NULL, 'Moslem', 'Male', 'Single', 'Tangerang', '2003-02-04', 'Grava Sevilla T 28/46, RT 004/007, Ciakar, Panongan, Kab. Tangerang', '085173078103', NULL, 'mohfadhil42@gmail.com', '43.695.649.4-451.000', NULL, NULL, '\'3603190402030000', NULL, '2026-02-18 04:00:43', '2026-02-18 04:56:43', NULL, NULL),
	(191, 'CNI0717755', 'Mohammad Taedi', NULL, 'CNI0717755', '3049', 1, '7', '118', '2', NULL, '23', 'Contract', 2, '2024-10-07', '2025-01-07', '2025-04-05', NULL, 'Moslem', 'Male', 'Single', 'Kebumen', '1999-09-06', 'Entak RT 002/002 Surobayan, Ambal, Kab.Kebumen', '087870447975', NULL, 'mohammadtaedi9@gmail.com', '85.146.728.2-523.000', NULL, NULL, '\'3305070609990000', NULL, '2026-02-18 04:00:43', '2026-02-18 04:56:43', NULL, NULL),
	(192, 'CNI0717781', 'Muchamad Yusril Alwi', NULL, 'CNI0717781', 'CNI0717781', 1, '7', '116', '1', NULL, '24', 'Resign', 3, '2024-11-04', '2025-02-24', '2025-04-11', NULL, 'Moslem', 'Male', 'Single', 'Grobogan', '2000-12-22', 'Jl. D GG VII A, RT011/002, Karanganyar, Sawah Besar, Jakarta Pusat', '08528155485', NULL, 'much.yusril22@gmail.com', '61.558.718.5-448.000', NULL, NULL, '\'3171022212000000', NULL, '2026-02-18 04:00:43', '2026-02-18 04:56:28', NULL, NULL),
	(193, NULL, 'Muhamad Abduh', NULL, 'CNI0717987', '3325', 1, '7', '135', '1', NULL, '13', 'Contract', 1, '2025-09-22', '2025-09-22', NULL, NULL, 'Moslem', 'Male', 'Married', 'Bekasi', '1980-07-07', 'Sempu Gardu, RT004/002, Pasirgombong, Cikarang Utara, Kab. Bekasi', '0821 1345 4150', 'muhamad.abduh@ciptanissin.co.id', 'abduh.xyz@gmail.com', NULL, NULL, NULL, '\'3216090107800218', NULL, '2026-02-18 04:00:43', '2026-02-18 04:56:28', NULL, NULL),
	(194, 'CNI0717739', 'Muhamad Bagus Dwi Saputro', NULL, 'CNI0717739', '3033', 1, '7', '115', '1', NULL, '23', 'Contract', 3, '2024-08-26', '2025-02-26', '2025-05-24', NULL, 'Moslem', 'Male', 'Single', 'Pontianak', '1996-08-06', 'Villa Mutiara Gading 2 Blok Y 10 No. 19 Karang Satria, Tambun Utara,Kab. Bekasi', '082261592494', NULL, 'muhamadbagusds@gmail.com', '73.808.851.7-435.000', NULL, NULL, '\'3216050608960000', NULL, '2026-02-18 04:00:43', '2026-02-18 04:56:28', NULL, NULL),
	(195, 'CNI0717810', 'Muhamad Cahyo Nugroho', NULL, 'CNI0717810', '3106', 1, '7', '119', '2', NULL, '24', 'Contract', 2, '2024-12-09', '2025-02-10', '2025-04-04', NULL, 'Moslem', 'Male', 'Single', 'Bekasi', '1996-09-07', 'Villa Indah Permai Blok H 33 No. 6 RT 004/036 Teluk Pucung, Bekasi', '081281848400', NULL, 'muhamadcn@gmail.com', '71.837.225.3-407.000', '\'24126424266', NULL, '\'3275030709960020', NULL, '2026-02-18 04:00:43', '2026-02-18 04:56:43', NULL, NULL),
	(196, 'CNI0717852', 'Muhamad Fajar Nuryakin', NULL, 'CNI0717852', '3161', 1, '9', '92', '2', NULL, '24', 'Contract', 2, '2025-01-27', '2025-03-31', '2025-05-30', NULL, 'Moslem', 'Male', 'Single', 'Bogor', '2001-06-25', 'KP. Duren, RT003/006, Ciomas, Ciomas, Kab. Bogor', '085782896794', NULL, 'muhamadfajarnuryakin@gmail.com', '92.348.976.9-434.000', '\'24126424001', NULL, '\'3201292507010000', NULL, '2026-02-18 04:00:43', '2026-02-18 04:56:43', NULL, NULL),
	(197, 'CNI0717728', 'Muhamad Ilham', NULL, 'CNI0717728', '3019', 1, '7', '115', '1', NULL, '23', 'Contract', 3, '2024-07-29', '2025-01-29', '2025-04-28', NULL, 'Moslem', 'Male', 'Married', 'Serang', '1996-02-02', 'Kp. Bakung Turus RT 004/001 Kamurang, Cikande, Serang', '083899987234', NULL, 'mwildan0230@gmail.com', '84.362.416.4-401.000', '\'24127551232', '\'2293764129', '\'3604151102960000', NULL, '2026-02-18 04:00:43', '2026-02-18 04:56:28', NULL, NULL),
	(198, 'CNI0717777', 'Muhamad Indrajat', NULL, 'CNI0717777', 'CNI0717777', 1, '7', '116', '1', NULL, '24', 'Contract', 3, '2024-10-28', '2024-12-30', '2025-04-25', NULL, 'Moslem', 'Male', 'Married', 'Bekasi', '1995-09-24', 'Kp. Ciledug RT 005/ 005 Ciledug, Setu, Kab. Bekasi', '085722304258', NULL, 'muhamadindrajat1324@gmail.com', '72.973.697.5-413.000', '\'24126424282', NULL, '\'3216182409850000', NULL, '2026-02-18 04:00:43', '2026-02-18 04:56:28', NULL, NULL),
	(199, 'CNI0717808', 'Muhamad Ramdani', NULL, 'CNI0717808', '3104', 1, '7', '116', '1', NULL, '24', 'Contract', 1, '2024-12-02', '2024-12-02', '2025-03-01', NULL, 'Moslem', 'Male', 'Single', 'Bekasi', '2002-11-09', 'Kaliabang Bungur RT 003/018 Harapan Jaya, Bekasi Utara, Bekasi', '0895350700381', NULL, 'muhamad.ramdani0911@gmail.com', '63.232.611.2-407.000', '\'24126424290', NULL, '\'3275030911020050', NULL, '2026-02-18 04:00:43', '2026-02-18 04:56:28', NULL, NULL),
	(200, 'CNI0717811', 'Muhamad Rasidin', NULL, 'CNI0717811', '3107', 1, '7', '116', '1', NULL, '24', 'Contract', 2, '2024-12-09', '2025-02-10', '2025-04-11', NULL, 'Moslem', 'Male', 'Single', 'Serang', '1999-09-06', 'Kp. Sungai Atap RT 002/019 Segarajaya, Tarumajaya, Kab. Bekasi', '081296485567', NULL, 'muhrasidin99@gmail.com', '93.684.186.5-454.000', '\'24126424373', NULL, '\'3216010411970000', NULL, '2026-02-18 04:00:43', '2026-02-18 04:56:28', NULL, NULL),
	(201, 'CNI0717772', 'Muhamad Riyadi Setiawan', NULL, 'CNI0717772', '3066', 1, '7', '116', '1', NULL, '24', 'Contract', 2, '2024-12-16', '2025-02-17', '2025-04-18', NULL, 'Moslem', 'Male', 'Married', 'Klaten', '1991-04-27', 'Jl. Bantu Ampar No. 72 A, RT003/006, Batu Ampar, Kramat Jati,Jakarta Timur', '081212524670', NULL, 'riyadisetiawan313@gmail.com', '79.622.120.8-006.000', NULL, NULL, '\'3175042704910000', NULL, '2026-02-18 04:00:43', '2026-02-18 04:56:28', NULL, NULL),
	(202, 'CNI0717487', 'Muhamad Rizki', NULL, 'CNI0717487', '2764', 1, '11', '49', '1', NULL, '23', 'Contract', 6, '2023-10-23', '2025-01-23', '2025-04-22', NULL, 'Moslem', 'Male', 'Single', 'Jakarta', '2000-07-03', 'Kmp Sukapura RT.07/04, Sukapura, Cilincing,Jakarta Utara', '081283192290', NULL, 'venifiani15@gmail.com', '43.905.348.9-045.000', '\'23192792440', '\'378296414', '\'3172040307000010', NULL, '2026-02-18 04:00:43', '2026-02-18 04:56:28', NULL, NULL),
	(203, 'CNI0717768', 'Muhamad Safrudin', NULL, 'CNI0717768', '3062', 1, '7', '116', '1', NULL, '24', 'Contract', 3, '2024-10-14', '2025-01-27', '2025-03-14', NULL, 'Moslem', 'Male', 'Single', 'Pemalang', '2000-11-04', 'Sawahrejo Selatan RT 032/006 Tegalsari Timur, Ampel Gading,Kab. Pemalang', '087871082685', NULL, 'aseprebhel384@gmail.com', '95.044.314.3-502.000', '\'24126424381', NULL, '\'3327110211000000', NULL, '2026-02-18 04:00:43', '2026-02-18 04:56:28', NULL, NULL),
	(204, '2016006', 'Muhamad Samsul Bakhri', NULL, '2016006', '1047', 2, '15', '29', '2', NULL, '16', 'Permanent', 3, '2016-01-08', '2017-01-05', NULL, NULL, 'Moslem', 'Male', 'Married', 'Kebumen', '1993-09-27', 'Gandusari RT 002/003 Kel Gandusari Kec Klawarasan Kebumen\n\nPerumahan Kirana Cikarang RT: 012/021', '085725746335', 'samsul@ciptasaksama.co.id', 'samsulgdr@gmail.com', '73.824.857.4-523.000', '\'16015443050', '\'1766877827', '\'3305162709930000', NULL, '2026-02-18 04:00:43', '2026-02-18 09:24:14', NULL, NULL),
	(205, 'CNI0715085', 'Muhamad Zaqi Nuur', NULL, 'CNI0715085', '1026', 1, '7', '118', '2', NULL, '23', 'Permanent', 2, '2015-12-21', '2016-12-20', NULL, NULL, 'Moslem', 'Male', 'Single', 'Jakarta', '1995-06-03', 'Permata Regensi Blok b1 No 3 RT 002/016 Kel Wanasari Kec Cibitung Bekasi', '08983047685', NULL, 'zaqinuur@gmail.com', '98.520.881.8-435.000', '\'16012373730', '\'1766561703', '\'3216070306950010', NULL, '2026-02-18 04:00:43', '2026-02-18 04:56:43', NULL, NULL),
	(206, 'CNI0717863', 'Muhammad Arifin', NULL, 'CNI0717863', '3177', 1, '9', '91', '1', NULL, '24', 'Resign', 1, '2025-02-24', '2025-02-24', '2025-04-25', NULL, 'Moslem', 'Male', 'Married', 'Ponorogo', '1996-03-21', 'Dukuh Gulun, RT 005/002, Watubonang, Badegan, Kab. Ponorogo', '082210119178', NULL, 'muhhammadarrif27@gmail.com', '73.102.283.6-647.000', '\'24126424399', NULL, '\'3502132103960000', NULL, '2026-02-18 04:00:43', '2026-02-18 04:56:28', NULL, NULL),
	(207, 'CNI0717782', 'Muhammad Bashir Abdullah', NULL, 'CNI0717782', 'CNI0717782', 1, '7', '116', '1', NULL, '24', 'Resign', 1, '2024-11-04', '2024-11-04', '2025-01-03', NULL, 'Moslem', 'Male', 'Single', 'Bekasi', '2000-10-06', 'Kp. Pintu Air, RT001/007, Harapan Mulya, Medan Satria, Bekasi', '082123742125', NULL, 'muh.bashir806@gmail.com', '42.469.789.4-427.000', NULL, NULL, '\'3275060610020010', NULL, '2026-02-18 04:00:43', '2026-02-18 04:56:28', NULL, NULL),
	(208, 'CNI0717876', 'Muhammad Elyas', NULL, 'CNI0717876', '3192', 1, '7', '116', '1', NULL, '24', 'Contract', 1, '2025-03-17', '2025-03-17', '2025-05-16', NULL, 'Moslem', 'Male', 'Married', 'Sleman', '1994-07-18', 'Barak I RT 004/015 Margoluwih, Seyegan, Kab.Sleman', '085729124800', NULL, 'elyasmuhammad73@gmail.com', '72.663.286.2-542.000', '\'24126424308', NULL, '\'3404051807940000', NULL, '2026-02-18 04:00:43', '2026-02-18 04:56:28', NULL, NULL),
	(209, 'CNI0717737', 'Muhammad Fajar', NULL, 'CNI0717737', '3030', 1, '7', '116', '1', NULL, '24', 'Resign', 2, '2024-08-19', '2024-10-18', '2024-12-20', NULL, 'Moslem', 'Male', 'Married', 'Bekasi', '1999-03-31', 'Kp Dua RT 008/ 001 Jaka Sampurna, Bekasi Barat, Bekasi', '083875058132', NULL, 'muhmmdfajar31@gmail.com', '83.943.253.1-427.000', '\'24126424316', NULL, '\'3275021103990020', NULL, '2026-02-18 04:00:43', '2026-02-18 04:56:28', NULL, NULL),
	(210, NULL, 'Muhammad Ikhtiar Ramadhan', NULL, '2019159', '3289', 2, '16', '123', '2', NULL, '21', 'Contract', 1, '2025-08-04', '2025-08-04', '2025-11-03', NULL, 'Moslem', 'Male', 'Single', 'Jakarta', '2000-01-01', 'KP. Buaran, RT003/003, Cakung Barat, Cakung, Jakarta Timur', '0851 5773 4983', NULL, 'muirraa@gmail.com', '31.750.601.0-100.002', NULL, NULL, '\'3175060101000016', NULL, '2026-02-18 04:00:43', '2026-02-18 09:24:14', NULL, NULL),
	(211, 'CNI0716831', 'Muhammad Riady Tamimi', NULL, 'CNI0716831', '2059', 1, '10', '17', '2', NULL, '17', 'Permanent', 2, '2022-03-30', '2022-09-29', NULL, NULL, 'Moslem', 'Male', 'Married', 'Bekasi', '1993-09-14', 'Jl. Belimbing 3 No. 41 RT 008/006 Kranji, Bekasi Barat, Kota Bekasi.', '081284983248', 'riady.tamimi@ciptanissin.co.id', 'Tommyriady@gmail.com', '80.917.328.9-427.000', NULL, NULL, '\'3275021409930020', NULL, '2026-02-18 04:00:43', '2026-02-18 04:56:43', NULL, NULL),
	(212, 'CNI0717395', 'Munawir Sadjali', NULL, 'CNI0717395', '2669', 1, '7', '118', '2', NULL, '23', 'Contract', 7, '2023-07-10', '2025-01-10', '2025-04-09', NULL, 'Moslem', 'Male', 'Married', 'Bekasi', '1987-05-14', 'Tanah Apit RT 003/ 009 Medan Satria, Medan Satria, Bekasi.', '089514811289', NULL, 'awink11@gmail.com', '69.936.773.6-407.000', '\'23110079813', '\'509974132', '\'3275061405870010', NULL, '2026-02-18 04:00:43', '2026-02-18 04:56:43', NULL, NULL),
	(213, 'CNI0717486', 'Muzain Nur Fadzila', NULL, 'CNI0717486', '2763', 1, '11', '102', '2', NULL, '23', 'Contract', 6, '2023-10-23', '2025-01-23', '2025-04-22', NULL, 'Moslem', 'Male', 'Single', 'Kuningan', '1997-12-12', 'Dusun Kliwon RT.15/05, Setianegara, Cilimus, Kuningan.', '083895253699', NULL, 'muzainnurfadzila@gmail.com', '80.799.211.0-438.000', '\'23192792473', '\'2100808337', '\'3208131212970000', NULL, '2026-02-18 04:00:43', '2026-02-18 04:56:43', NULL, NULL),
	(214, 'CNI0717864', 'Nando Dwi Prasojo', NULL, 'CNI0717864', '3176', 1, '9', '86', '1', NULL, '23', 'Contract', 1, '2025-02-24', '2025-02-24', '2025-05-23', NULL, 'Moslem', 'Male', 'Single', 'Jakarta', '2003-03-11', 'KP. Pulo Jahe, RT005/010, Jatinegara, Cakung, Jakarta Timur', '0813 8450 5532', NULL, 'nandodwi270@gmail.com', NULL, NULL, NULL, '\'3175061103030010', NULL, '2026-02-18 04:00:43', '2026-02-18 04:56:28', NULL, NULL),
	(215, 'CNI0717846', 'Nesa Dwi Afriansyah', NULL, 'CNI0717846', '3154', 1, '7', '116', '1', NULL, '24', 'Contract', 2, '2025-01-13', '2025-03-17', '2025-05-02', NULL, 'Moslem', 'Male', 'Single', 'Pemalang', '2004-04-30', 'Mengori, RT001/001, Mengori, Pemalang, kab. Pemalang', '0838 4047 1513', NULL, 'pemalangnesa19@gmail.com', '50.106.389.5-408.000', NULL, NULL, '\'3327083012040040', NULL, '2026-02-18 04:00:43', '2026-02-18 04:56:28', NULL, NULL),
	(216, '1617077', 'Noveliyanti', NULL, '1617077', '1313', 2, '14', '26', '2', NULL, '18', 'Permanent', 2, '2017-12-11', '2018-06-11', NULL, NULL, 'Christian', 'Female', 'Single', 'Bekasi ', '1995-11-01', 'P.P. I. Jl. Palem Brat 8 NO 26\nRT 003/ RW 006\nKelurahan : Pekayon Jaya\nKecamatan : Bekasi Selatan\n', '082312467421', 'noveliyanti@ciptasaksama.co.id', 'noveliyantis@gmail.com', '84.912.206.4-432.000', '\'18001701657', '\'1425124091', '\'3275044111950020', NULL, '2026-02-18 04:00:43', '2026-02-18 09:24:14', NULL, NULL),
	(217, '2019126', 'Novina W. Sitanggang', NULL, '2019126', '2630', 2, '15', '31', '2', NULL, '21', 'Permanent', 3, '2023-06-21', '2024-03-21', NULL, NULL, 'Christian', 'Female', 'Single', 'Pekanbaru', '1997-09-28', 'Kp. Pengarengan RT 008/006 Jatinegara, Cakung, Jakarta Timur.', '082122158372', 'Novina.sitanggang@ciptasaksama.co.id', 'novinasitanggang97@gmail.com', '63.240.775.5-447.000', '\'23129246957', '\'2601366838', '\'1202106809970000', NULL, '2026-02-18 04:00:43', '2026-02-18 09:24:14', NULL, NULL),
	(218, 'CNI0717727', 'Nur Baiturrahman', NULL, 'CNI0717727', '3018', 1, '7', '118', '2', NULL, '23', 'Contract', 3, '2024-07-22', '2025-01-22', '2025-04-21', NULL, 'Moslem', 'Male', 'Married', 'Jakarta', '1991-09-15', 'Jl Pasir Putih I No 225 RT 003/009 Sepanjang Jaya, Rawalumbu, Bekasi', '081385384529', NULL, 'nurbaiturrahman14@gmail.com', '36.691.231.9-407.000', '\'24127551216', '\'1151820876', '\'3275031509910020', NULL, '2026-02-18 04:00:43', '2026-02-18 04:56:43', NULL, NULL),
	(219, 'CNI0716686', 'Nur Hayup', NULL, 'CNI0716686', '1900', 1, '11', '42', '1', NULL, '21', 'Permanent', 7, '2021-06-21', '2023-10-24', NULL, NULL, 'Moslem', 'Male', 'Single', 'Batang', '1996-04-13', 'Dk. Salak Rt. 003/003 Pecalungan, Pecalungan, Batang, Jawa Tengah.', '085281193693', 'nur.hayub@ciptanissin.co.id', 'hayubnur@gmail.com', '96.202.802.3-416.000', '\'21054733981', '\'2800454872', '\'3325141304960000', NULL, '2026-02-18 04:00:43', '2026-02-18 04:56:28', NULL, NULL),
	(220, 'CNI0717793', 'Nur Mardanih', NULL, 'CNI0717793', '3088', 1, '7', '115', '1', NULL, '23', 'Contract', 2, '2024-11-11', '2025-02-11', '2025-05-10', NULL, 'Moslem', 'Male', 'Married', 'Jakarta', '1993-03-08', 'Cakung Barat RT 003/004 Cakung Barat, Cakung, Jakarta Timur', '0895334033125', NULL, 'nurmardanih17@gmail.com', '44.013.453.4-407.000', '\'24126424324', NULL, '\'3275060803930000', NULL, '2026-02-18 04:00:43', '2026-02-18 04:56:28', NULL, NULL),
	(221, 'CNI0717796', 'Nurhadi', NULL, 'CNI0717796', '3091', 1, '9', '92', '2', NULL, '24', 'Contract', 3, '2024-11-18', '2025-03-24', '2025-05-23', NULL, 'Moslem', 'Male', 'Single', 'Cirebon', '1999-07-15', 'Blok Gintung RT/RW 012/004, Getasan, Depok, Kab. Cirebon', '083187492888', NULL, 'nurhadi150799@gmail.com', '84.958.793.6-426.000', '\'24126423979', NULL, '\'3209311507990000', NULL, '2026-02-18 04:00:43', '2026-02-18 04:56:43', NULL, NULL),
	(222, 'CNI0717711', 'Nurhasan', NULL, 'CNI0717711', '3001', 1, '7', '115', '1', NULL, '23', 'Contract', 3, '2024-07-08', '2025-01-08', '2025-04-07', NULL, 'Moslem', 'Male', 'Married', 'Surakarta', '1988-06-01', 'Perum Kota Serang Baru J 6 No 4, RT001/009, Wibawamulya, Cibarusah,Kab. Bekasi', '089523556015', NULL, 'nurhasan120220@gmail.com', '59.061.670.2-006.000', '\'24114340938', '\'1608776908', '\'3175060106880020', NULL, '2026-02-18 04:00:43', '2026-02-18 04:56:28', NULL, NULL),
	(223, '2019158', 'Nurintan Sinurat', NULL, '2019158', '3223', 2, '14', '126', '2', NULL, '20', 'Contract', 1, '2025-05-05', '2025-05-05', '2025-08-04', NULL, 'Christian', 'Female', 'Single', 'Lobuhole', '2000-10-05', 'Lumban Rau, RT000/000, Lumban Rau Barat, Habinsaran, Kab. Toba Samosir', '82278321866', 'Nurintan@ciptasaksama.co.id', 'nurintansinurat7@gmail.com', '1212044510000000', NULL, NULL, '\'1212044510000004', NULL, '2026-02-18 04:00:43', '2026-02-18 09:24:14', NULL, NULL),
	(224, 'CNI0717051', 'Nurmansah', NULL, 'CNI0717051', '2305', 1, '11', '48', '1', NULL, '23', 'Permanent', 4, '2022-12-05', '2023-09-09', NULL, NULL, 'Moslem', 'Male', 'Single', 'Kuningan', '1996-01-08', 'Ds. Pahing No.217 RT.010/005, Bandorasakulon, Cilimus, Kab. Kuningan.', '083820250694', NULL, 'Nurmansah185@gmail.com', '70.866.270.5-438.000', '\'23003879212', '\'1430118224', '\'3208130801960000', NULL, '2026-02-18 04:00:43', '2026-02-18 04:56:28', NULL, NULL),
	(225, 'CNI0717753', 'Nurul Mubarok', NULL, 'CNI0717753', '3047', 1, '7', '119', '2', NULL, '24', 'Contract', 3, '2024-10-07', '2025-02-10', '2025-04-11', NULL, 'Moslem', 'Male', 'Married', 'Bekasi', '1995-08-26', 'Kp. Cakung RT 001/ 002, Jatikramat, Jatiasih, Bekasi.', '089623419927', NULL, 'mubaroknurul23@gmail.com', '55.447.077.3-432.000', '\'24126424332', NULL, '\'3275092607950010', NULL, '2026-02-18 04:00:43', '2026-02-18 04:56:43', NULL, NULL),
	(226, 'CNI0717795', 'Ogi Deskatama Putra', NULL, 'CNI0717795', 'CNI0717795', 1, '7', '116', '1', NULL, '24', 'Resign', 1, '2024-11-11', '2024-11-11', '2025-01-10', NULL, 'Moslem', 'Male', 'Single', 'Way Kanan', '2004-12-14', 'Jl. Pondok Enam, RT002/001, Sungai Sagu, Lirik, Kab. Indragiri Hulu', '082170169823', NULL, 'ogideskatama114@gmail.com', '04.556107.3-034.000', NULL, NULL, '\'1606121412040000', NULL, '2026-02-18 04:00:43', '2026-02-18 04:56:28', NULL, NULL),
	(227, 'CNI0717872', 'Oma Nur Rizky', NULL, 'CNI0717872', '3188', 1, '11', '122', '1', NULL, '24', 'Resign', 1, '2025-03-07', '2025-03-07', '2025-05-09', NULL, 'Moslem', 'Male', 'Single', 'Bekasi', '1999-06-16', 'KP. Cibitung, RT004/002, Telagaasih, Cikarang Barat, Kab. Bekasi', '0895 3871 91065', NULL, 'omanurrizky16@gmail.com', NULL, NULL, NULL, '\'3216083112990000', NULL, '2026-02-18 04:00:43', '2026-02-18 04:56:28', NULL, NULL),
	(228, 'CNI0717435', 'Ompin', NULL, 'CNI0717435', '2709', 1, '11', '49', '1', NULL, '23', 'Contract', 7, '2023-08-07', '2025-02-07', '2025-05-06', NULL, 'Moslem', 'Male', 'Married', 'Bekasi', '1983-04-03', 'Dusun Sumedang RT.02/01 Purwadana, teluk jambe timur, Karawang', '085775672865', NULL, 'ompin.arifin83@gmail.com', '68.732.327.9-408.000', '\'23129243889', '\'2445023384', '\'3215031206830000', NULL, '2026-02-18 04:00:43', '2026-02-18 04:56:28', NULL, NULL),
	(229, 'CNI0717794', 'Panji Hidayat', NULL, 'CNI0717794', 'CNI0717794', 1, '7', '116', '1', NULL, '24', 'Resign', 1, '2024-11-11', '2024-11-11', '2025-01-10', NULL, 'Moslem', 'Male', 'Married', 'Bekasi', '1990-04-29', 'Kp. Pintu Air, RT001/007, Harapan Mulya, Medan Satria, Bekasi', '081296185853', NULL, 'panjihidayat72@gmail.com', '00.000.000.0-000.000', NULL, NULL, '\'3275062904900010', NULL, '2026-02-18 04:00:43', '2026-02-18 04:56:28', NULL, NULL),
	(230, 'CNI0715091', 'Parno', NULL, 'CNI0715091', '1038', 1, '3', '106', '2', NULL, '21', 'Permanent', 2, '2015-12-22', '2016-06-20', NULL, NULL, 'Moslem', 'Male', 'Married', 'Wonogiri', '1974-07-10', 'Kayu Tinggi RT 03/04 Cakung Jakarta Timur', '082111381883', 'parno@ciptanissin.co.id', 'parnovega123@gmail.com', '43.854.311.8-004.000', '\'12038284431', '\'1123275227', '\'3175061007740020', NULL, '2026-02-18 04:00:43', '2026-02-18 04:56:43', NULL, NULL),
	(231, NULL, 'Peggy Kosasih', NULL, '0000003', '0000003', 1, '8', '3', '2', NULL, '5', 'Permanent', 0, '2013-02-21', '2013-02-21', NULL, NULL, 'Christian', 'Female', 'Single', 'Jakarta', '1985-10-09', 'Jl. Bukit Gading Indah, Apartment Paladian Park A20.05 Kelapa Gading, Jakarta Utara 14210', '0856 8549 032', 'peggy@ciptanissin.co.id', NULL, NULL, NULL, NULL, '\'3171024910850005', NULL, '2026-02-18 04:00:43', '2026-02-18 04:56:43', NULL, NULL),
	(232, 'CNI0717738', 'Prabowo Aji Santoso', NULL, 'CNI0717738', '3031', 1, '11', '102', '2', NULL, '23', 'Contract', 3, '2024-08-21', '2025-02-21', '2025-05-20', NULL, 'Moslem', 'Male', 'Married', 'Sukoharjo', '1996-06-10', 'Jl. Raya Pegangsaan Dua RT 006/002 Pegangsaan 2, Klp Gading,Jakarta Utara', '085892501317', NULL, 'bowoand@gmail.com', '71.449.165.1-043.000', NULL, NULL, '\'3172061006961000', NULL, '2026-02-18 04:00:43', '2026-02-18 04:56:43', NULL, NULL),
	(233, 'CNI0717840', 'Priyo Pinoto', NULL, 'CNI0717840', '3147', 1, '11', '122', '1', NULL, '24', 'Contract', 2, '2025-01-13', '2025-03-17', '2025-05-16', NULL, 'Moslem', 'Male', 'Married', 'Tegal', '1999-10-22', 'Pakulaut Rt.01/05, Pakulaut, Margasari, Tegal', '083896603444', NULL, 'priyopinoto123@gmail.com', '83.316.549.1-407.000', '\'24126424357', NULL, '\'3328012210990000', NULL, '2026-02-18 04:00:43', '2026-02-18 04:56:28', NULL, NULL),
	(234, '1512240', 'Pulungan Naipospos', NULL, '1512240', '578', 1, '4,7', '9', '2', NULL, '4', 'Permanent', 1, '2012-09-04', '2013-09-01', NULL, NULL, 'Christian', 'Male', 'Married', 'Taput', '1984-06-02', 'Jl.Villa Tomang Mas RT 03/08 Kel Duri Kepa Kec Kebon Jeruk Jakarta Barat 11510', '081283044938', 'pulungan.naipospos@ciptanissin.co.id', NULL, '97.169.273.6-039.000', '\'12021925529', '\'1865958142', '\'3173050206840010', NULL, '2026-02-18 04:00:43', '2026-02-18 04:56:43', NULL, NULL),
	(235, 'CNI0717681', 'Rafli Kumar', NULL, 'CNI0717681', '2971', 1, '7', '115', '1', NULL, '23', 'Contract', 4, '2024-06-10', '2025-03-10', '2025-06-09', NULL, 'Moslem', 'Male', 'Single', 'Jakarta', '1996-01-04', 'Jl. Rorotan III RT.01/10, Rorotan, Cilincing, Jakarta Utara', '088213994937', NULL, 'raflikumar1999@gmail.com', '96.565.708.3-045.000', '\'24098059454', '\'378021554', '\'3172040401960010', NULL, '2026-02-18 04:00:43', '2026-02-18 04:56:28', NULL, NULL),
	(236, '2019157', 'Rafly Sulistyo Nugroho', NULL, '2019157', '3171', 2, '16', '123', '2', NULL, '21', 'Contract', 1, '2025-02-10', '2025-02-10', '2025-05-09', NULL, 'Moslem', 'Male', 'Single', 'Magelang', '1998-03-08', 'Pondok Asri II, Jl. Mawar N0 63, RT032/014, Payaman, Secang, Kab. Magelang', '0813 2546 9006', 'rafly@ciptasaksama.co.id', 'raflys007@gmail.com', NULL, NULL, NULL, '\'3308200803980000', NULL, '2026-02-18 04:00:43', '2026-02-18 09:24:14', NULL, NULL),
	(237, '2019153', 'Rahadi Pramana', NULL, '2019153', '3022', 2, '14', '25', '2', NULL, '6', 'Resign', 2, '2024-08-05', '2024-08-05', NULL, NULL, 'Moslem', 'Male', 'Married', 'Surabaya', '1992-06-17', 'JL. Taruna Jaya RT.01/14 Kel. Cibubur, Kec. Ciracas, Jakarta Timur', '081289194939', 'Rahadi@ciptasaksama.co.id', 'pramanarahadi@gmail.com', '71.783.123.4-005.000', NULL, NULL, '\'3175041706920000', NULL, '2026-02-18 04:00:43', '2026-02-18 09:24:14', NULL, NULL),
	(238, 'CNI0717463', 'Rahmat Krismianto', NULL, 'CNI0717463', '2737', 1, '7', '115', '1', NULL, '23', 'Contract', 7, '2023-09-18', '2025-03-18', '2025-06-17', NULL, 'Moslem', 'Male', 'Single', 'Kebumen', '1999-09-01', 'Kabuaran RT 004 / 001 Kabuaran, Prembun, Kebumen.', '085879503023', NULL, 'rahmatkrismianto87@gmail.com', '91.979.085.7-523.000', '\'23146311578', '\'1700660057', '\'3305091808990000', NULL, '2026-02-18 04:00:43', '2026-02-18 04:56:28', NULL, NULL),
	(239, 'CNI0717464', 'Rahmat Nafian', NULL, 'CNI0717464', '2738', 1, '12', '100', '2', NULL, '23', 'Contract', 7, '2023-09-11', '2025-03-11', '2025-06-10', NULL, 'Moslem', 'Male', 'Married', 'Gunung Kidul', '1995-11-20', 'Mengger RT.05/10 Karangasem, Paliyan,Gunung Kidul', '085894075420', NULL, 'rahmatnafian@gmail.com', '74.001.704.1-435.000', '\'23146311586', '\'1300476789', '\'3403052011950000', NULL, '2026-02-18 04:00:43', '2026-02-18 04:56:43', NULL, NULL),
	(240, 'CNI0717783', 'Rangga Adi Saputra', NULL, 'CNI0717783', 'CNI0717783', 1, '7', '116', '1', NULL, '24', 'Resign', 1, '2024-11-04', '2024-11-04', '2025-01-03', NULL, 'Moslem', 'Male', 'Single', 'Boyolali', '2004-04-02', 'Wonokerti, RT019/006, Pelem, simo, Kab. Boyolali', '085692532026', NULL, 'ranggaadsptr5@gmail.com', '05.510.493.9-527.000', NULL, NULL, '\'3309130204049000', NULL, '2026-02-18 04:00:43', '2026-02-18 04:56:28', NULL, NULL),
	(241, 'CNI0716168', 'Ranu Gugun Gunara', NULL, 'CNI0716168', '1246', 1, '7', '112', '2', NULL, '21', 'Permanent', 3, '2017-05-22', '2018-05-07', NULL, NULL, 'Moslem', 'Male', 'Married', 'Kawali', '1989-07-05', 'Kp Pulo Jahe RT 005 RW 005 Kel Jatinegara Kec Cakung Jakarta Timur', '082299860294', NULL, 'ranugunara69@gmail.com', '09.449.558.7-004.000', '\'17031184140', '\'1644624663', '\'3175060507890020', NULL, '2026-02-18 04:00:43', '2026-02-18 04:56:43', NULL, NULL),
	(242, 'CNI0717911', 'Rhamdani Januar Putra', NULL, 'CNI0717911', '3242', 1, '4', '10', '1', NULL, '13', 'Contract', 1, '2025-06-03', '2025-06-03', '2025-09-02', NULL, 'Moslem', 'Male', 'Single', 'Ngawi', '1999-01-11', 'Jl. Jembatan Lama No 18, RT007/007, Makasar, Jakarta Timur', '0858 1174 7730', 'Rhamdani@ciptanissin.co.id', 'putrajanuar13@gmail.com', '31.750.811.0-199.000', NULL, NULL, '\'3175081101990006', NULL, '2026-02-18 04:00:43', '2026-02-18 04:56:28', NULL, NULL),
	(243, 'CNI0717823', 'Ridho Widi Purnomo', NULL, 'CNI0717823', '3120', 1, '7', '116', '1', NULL, '24', 'Contract', 2, '2024-12-23', '2025-02-24', '2025-04-25', NULL, 'Moslem', 'Male', 'Married', 'Banjarnegara', '1996-08-08', 'Kemranggon, RT 004/005 Kemranggon, Susukan, Banjarnegara', '081213738325', NULL, 'ridhowidhipurnomo@gmail.com', '74.476.121.4-529.000', '\'24126424365', NULL, '\'3304010808960010', NULL, '2026-02-18 04:00:43', '2026-02-18 04:56:28', NULL, NULL),
	(244, 'CNI0717831', 'Ridwan Fauzi', NULL, 'CNI0717831', '3128', 1, '11', '71', '1', NULL, '24', 'Contract', 1, '2025-01-02', '2025-01-02', '2025-05-02', NULL, 'Moslem', 'Male', 'Single', 'Karawang', '2000-02-02', 'KP Ciselang, RT002/010, Cikampek Utara, Kota Baru, Kab. Karawang', '0856 9757 4613', NULL, 'ridwanfauzi020200@gmail.com', '86.338.506.8-438.000', NULL, NULL, '\'3215250202000010', NULL, '2026-02-18 04:00:43', '2026-02-18 04:56:28', NULL, NULL),
	(245, 'CNI0717807', 'Rifky Aprianto', NULL, 'CNI0717807', '3103', 1, '7', '119', '2', NULL, '24', 'Contract', 3, '2024-12-02', '2025-04-07', '2025-06-06', NULL, 'Moslem', 'Male', 'Single', 'Blora', '1996-04-18', 'Pup Sektor V Blok H 8 No. 22 RT 002/034 Bahagia, Babelan,Kab. Bekasi', '089505622920', NULL, 'apriantorifky60@gmail.com', '82.747.165.7-435.000', '\'24126424407', NULL, '\'3216021804960000', NULL, '2026-02-18 04:00:43', '2026-02-18 04:56:43', NULL, NULL),
	(246, 'CNI0717754', 'Riky Setiawan', NULL, 'CNI0717754', '3048', 1, '7', '116', '1', NULL, '24', 'Resign', 3, '2024-10-07', '2025-02-10', '2025-04-04', NULL, 'Moslem', 'Male', 'Single', 'Jakarta', '1997-09-11', 'Kp. Penggilingan RT 002/ 007 Penggilingan, Cakung, Jakarta Timur', '082112605696', NULL, 'rikysetiawan551@gmail.com', '82.859.085.1-004.000', '\'24126424415', NULL, '\'3175061109970010', NULL, '2026-02-18 04:00:43', '2026-02-18 04:56:28', NULL, NULL),
	(247, 'CNI0717798', 'Rio Pradana', NULL, 'CNI0717798', '3094', 1, '11', '122', '1', NULL, '24', 'Contract', 3, '2024-11-18', '2025-03-24', '2025-05-23', NULL, 'Moslem', 'Male', 'Married', 'Bekasi', '1998-10-06', 'Kp. Gabus rawa RT.001/005 Srijaya, Tambun Utara, Kab. Bekasi', '085770126075', NULL, 'riopradana820@gmail.com', '81.805.727.5-435.000', '\'24126424423', NULL, '\'3216050712990000', NULL, '2026-02-18 04:00:43', '2026-02-18 04:56:28', NULL, NULL),
	(248, 'CNI0717049', 'Rizcky Firmansyah', NULL, 'CNI0717049', '2303', 1, '6', '55', '1', NULL, '20', 'Contract', 10, '2022-11-28', '2025-03-03', '2025-06-02', NULL, 'Moslem', 'Male', 'Single', 'Bogor', '1996-12-04', 'Kp. Klapanunggal RT 002/001 No. 99 Klapanunggal, Bogor.', '089664889431', 'rizcky.firmansyah@ciptanissin.co.id', 'rizcky11firmansyah@gmail.com', '61.858.747.1-436.000', '\'23003879246', '\'1517226647', '\'3201320412960000', NULL, '2026-02-18 04:00:43', '2026-02-18 04:56:28', NULL, NULL),
	(249, 'CNI0716986', 'Rizki Suryanto', NULL, 'CNI0716986', '2230', 1, '12', '100', '2', NULL, '23', 'Contract', 6, '2022-08-22', '2025-02-22', '2025-08-21', NULL, 'Moslem', 'Male', 'Single', 'Bekasi', '1992-05-21', 'Kp. Pedurenan No.25 RT 002/ 005, Duren Jaya, Bekasi Timur.', '085695345353', NULL, 'snpistimewa01@gmail.com', '78.172.310.1-407.000', '\'15013465602', '\'1632580244', '\'3275012105920020', NULL, '2026-02-18 04:00:43', '2026-02-18 04:56:43', NULL, NULL),
	(250, '2019156', 'Rizky Akbar', NULL, '2019156', '3168', 2, '15', '124', '2', NULL, '21', 'Resign', 2, '2025-02-11', '2025-05-12', '2025-08-11', NULL, 'Moslem', 'Male', 'Single', 'Jakarta', '2000-03-26', 'Jl. Mesjid Bendungan, RT005/005, Cawang, Kramatjati, Jakarta Timur', '0896 8743 8248', 'rizky.akbar@ciptasaksama.co.id', 'rakbar.6963@gmail.com', NULL, NULL, NULL, '\'3175042603000000', NULL, '2026-02-18 04:00:43', '2026-02-18 09:24:14', NULL, NULL),
	(251, NULL, 'Rizky Pratama', NULL, '2019161', '3386', 2, '17', '36', '2', NULL, '21', 'Probationary', 1, '2025-12-04', '2025-12-04', NULL, NULL, 'Christian', 'Male', 'Single', 'Jakarta', '2000-09-05', 'Jl. Cempaka No 18, RT002/002, Jatibening Baru, Podok Gede, Bekasi', '0813 1874 7585', NULL, NULL, NULL, NULL, NULL, '\'3275080509000021', NULL, '2026-02-18 04:00:43', '2026-02-18 09:24:14', NULL, NULL),
	(252, 'CNI0715067', 'Robby Prima Siregar', NULL, 'CNI0715067', '1008', 1, '6', '13', '1', NULL, '7', 'Permanent', 2, '2015-12-18', '2016-06-20', NULL, NULL, 'Christian', 'Male', 'Married', 'Bekasi', '1992-06-23', 'Wiratama Residence Blok B4 No.2, Setu, Kabupaten Bekasi', '087711060459', 'robby.prima@ciptanissin.co.id', 'robby.vhanby@yahoo.com', '36.351.678.2-008.000', '\'11003752000', '\'1151563138', '\'3175072306920010', NULL, '2026-02-18 04:00:43', '2026-02-18 04:56:28', NULL, NULL),
	(253, '2019152', 'Ronna Mery Haro', NULL, '2019152', '3021', 2, '14', '26', '2', NULL, '18', 'Contract', 3, '2024-08-05', '2025-02-05', '2025-05-02', NULL, 'Christian', 'Male', 'Single', 'Laguboti', '1991-10-06', 'Simatibung,Laguboti,Kab. Toba Samosir', '082211398962', 'ronna.mery@ciptasaksama.co.id', 'elfridaronna@gmail.com', '96.015.469.8-127.000', NULL, NULL, '\'1212024610910000', NULL, '2026-02-18 04:00:43', '2026-02-18 09:24:14', NULL, NULL),
	(254, 'CNI0717762', 'Rudy Saleh', NULL, 'CNI0717762', '3056', 1, '12', '101', '2', NULL, '24', 'Resign', 1, '2024-10-14', '2024-10-14', '2024-12-13', NULL, 'Moslem', 'Male', 'Married', 'Semarang', '1985-02-22', 'Jl. Srengseng, RT004/004, Kembangan, Jakarta Barat', '085717450898', NULL, 'rudysaleh115@gmail.com', '72.176.443.9-504.000', NULL, NULL, '\'3374032202850000', NULL, '2026-02-18 04:00:43', '2026-02-18 04:56:43', NULL, NULL),
	(255, 'CNI0715040', 'Rusdi Yanto', NULL, 'CNI0715040', '980', 1, '7', '117', '2', NULL, '19', 'Permanent', 2, '2015-12-10', '2016-12-09', NULL, NULL, 'Moslem', 'Male', 'Single', 'Bekasi', '1992-06-06', 'Kp Pekopen Timur Lambang Jaya RT 001/001 Kel Lambang Jaya Kec Tambun Selatan Bekasi', '089666127052', NULL, 'Rusdie0606@gmail.com', '35.557.801.4-435.000', '\'16012373441', '\'1425976637', '\'3216060606920030', NULL, '2026-02-18 04:00:43', '2026-02-18 04:56:43', NULL, NULL),
	(256, 'CNI0717862', 'Ryan Aunursyah', NULL, 'CNI0717862', '3174', 1, '9', '92', '2', NULL, '24', 'Contract', 1, '2025-02-17', '2025-02-17', '2025-04-18', NULL, 'Moslem', 'Male', 'Married', 'Jakarta', '1997-08-26', 'Kamp. Tegal Kunir/37 RT001/013, Tugu Utara, Koja, Jakarta Utara', '081295807201', NULL, 'ryanaunursyah26@gmail.com', '73.797.298.4-045.000', '\'24126424035', NULL, '\'3172042608970010', NULL, '2026-02-18 04:00:43', '2026-02-18 04:56:43', NULL, NULL),
	(257, 'CNI0717804', 'Saeful Rahman', NULL, 'CNI0717804', '3100', 1, '7', '119', '2', NULL, '24', 'Contract', 3, '2024-11-22', '2025-03-31', '2025-05-30', NULL, 'Moslem', 'Male', 'Single', 'Bogor', '2001-10-24', 'Kp. Kadumanggu, RT001/001, Kadumanggu, Babakan Madang, Kab. Bogor', '0897 8155 965', NULL, 'saefulrahmann43@gmail.com', '41.580.102.6-403.000', NULL, NULL, '\'3201052310010000', NULL, '2026-02-18 04:00:43', '2026-02-18 04:56:43', NULL, NULL),
	(258, 'CNI0717756', 'Sahrul Munir', NULL, 'CNI0717756', '3050', 1, '7', '115', '1', NULL, '23', 'Contract', 2, '2024-10-07', '2025-01-07', '2025-04-05', NULL, 'Moslem', 'Male', 'Married', 'Jakarta', '1992-10-11', 'Jl Malaka III HB RT 03/06 Rorotan, Cilincing, Jakarta Utara', '089608196624', NULL, 'sahrulmunir1110@gmail.com', '70.033.071.5-045.000', NULL, NULL, '\'3172041110920010', NULL, '2026-02-18 04:00:43', '2026-02-18 04:56:28', NULL, NULL),
	(259, 'CNI0717035', 'Saka Delima', NULL, 'CNI0717035', '2287', 1, '11', '49', '1', NULL, '23', 'Contract', 10, '2022-11-28', '2025-03-01', '2025-05-31', NULL, 'Moslem', 'Male', 'Single', 'Bekasi', '1989-06-23', 'Ujung Menteng RT 005/ 008 Medan Satria, Medan Satria, Bekasi.', '081313260568', NULL, 'sakadelima89@gmail.com', '53.876.167.7-427.000', '\'23003879196', '\'1157185495', '\'3275062306890020', NULL, '2026-02-18 04:00:43', '2026-02-18 04:56:28', NULL, NULL),
	(260, 'CNI0717759', 'Sandi Rizki Wijaya', NULL, 'CNI0717759', '3053', 1, '7', '116', '1', NULL, '24', 'Contract', 3, '2024-10-14', '2025-02-17', '2025-04-11', NULL, 'Moslem', 'Male', 'Single', 'Jakarta', '1993-08-19', 'Jl. Jengki GG Permata No. 38, RT 005/004, Kebon Pala, Makasar,Jakarta Timur', '081315356481', NULL, 'sandichimot@gmail.com', '69.108.367.9-005.000', NULL, NULL, '\'3175081908930000', NULL, '2026-02-18 04:00:43', '2026-02-18 04:56:28', NULL, NULL),
	(261, '2019107', 'Sartika Boru Purba', NULL, '2019107', '1701', 2, '14', '41', '2', NULL, '18', 'Permanent', 0, '2020-08-10', '2020-08-10', NULL, NULL, 'Christian', 'Female', 'Single', 'Ulaman', '1992-12-17', 'Jl Suralaya dalam RT 003 RW 004 Kel Cilangkap Kec Cipayung, Jakarta Timur ', '082311168504', 'sartika.purba@ciptasaksama.co.id', 'Sartikapurba1712@gmail.com', '91.831.276.0-009.000', '\'20072374869', '\'2343005381', '\'1406015712920000', NULL, '2026-02-18 04:00:43', '2026-02-18 09:24:14', NULL, NULL),
	(262, 'CNI0716126', 'Sastra Wijaya', NULL, 'CNI0716126', '1191', 1, '7', '118', '2', NULL, '23', 'Permanent', 2, '2016-10-27', '2017-10-27', NULL, NULL, 'Moslem', 'Male', 'Married', 'Bekasi', '1988-11-11', 'Kp. Bulak Perwira RT 002/ RW 017\nKelurahan perwira\nKecamatan Bekasi Utara', '083897831579', NULL, 'Sastra_wijaya46@yahoo.com', '59.010.204.2-407.000', '\'17008043667', '\'1152616724', '\'3275031111880040', NULL, '2026-02-18 04:00:43', '2026-02-18 04:56:43', NULL, NULL),
	(263, 'CNI0717413', 'Satrio Ramdhani', NULL, 'CNI0717413', '2687', 1, '9', '86', '1', NULL, '23', 'Contract', 7, '2023-07-17', '2025-01-17', '2025-04-16', NULL, 'Moslem', 'Male', 'Married', 'Cirebon', '1991-03-29', 'Jl. Cucut No. 15 Kavling Bulak Macan RT 01/22 Harapan Jaya, Bekasi Utara, Bekasi.', '089602617851', NULL, 'rio.ramdhani992@gmail.com', '70.958.856.0-407.000', '\'23110079862', '\'1393404614', '\'3275032903910030', NULL, '2026-02-18 04:00:43', '2026-02-18 04:56:28', NULL, NULL),
	(264, 'CNI0716132', 'Sawon', NULL, 'CNI0716132', '1199', 1, '12', '97', '2', NULL, '18', 'Permanent', 2, '2016-11-16', '2017-11-16', NULL, NULL, 'Moslem', 'Male', 'Married', 'Purworejo', '1980-08-02', 'Jl. Cipinang Latihan NO 21 009/ 013\nDesa Cipinang Besar Utara\nKecamatan jatinegara, Jakarta Timur\n', '081317972651', NULL, 'ayu84600@gmail.com', '89.979.800.3-407.000', '\'17008043659', '\'1295421401', '\'3175030208800010', NULL, '2026-02-18 04:00:43', '2026-02-18 04:56:43', NULL, NULL),
	(265, 'CNI0717202', 'Sayid Abdulloh', NULL, 'CNI0717202', '2465', 1, '8', '74', '2', NULL, '13', 'Permanent', 4, '2023-02-13', '2024-02-15', NULL, NULL, 'Moslem', 'Male', 'Single', 'Tegal', '1984-11-23', 'Kemuning RT 004/001 Kemuning, Kramat, Tegal.', '083807230900', 'Sayid.Abdulloh@ciptanissin.co.id', 'sayidabdulloh23@gmail.com', '87.875.545.3-413.000', '\'23029543529', '\'2079294568', '\'3328012311840000', NULL, '2026-02-18 04:00:43', '2026-02-18 04:56:43', NULL, NULL),
	(266, 'CNI0716660', 'Selly Maharani', NULL, 'CNI0716660', '1871', 1, '8', '75', '2', NULL, '21', 'Permanent', 0, '2021-04-12', '2022-04-08', NULL, NULL, 'Christian', 'Female', 'Married', 'Jakarta', '1985-07-15', 'JL. Garuda III No. 48B Inkopol, Jakasampurna, Bekasi Barat ', '087876006695', 'selly@ciptanissin.co.id', 'sellymaharani@yahoo.com', '24.987.783.8-045.000', '\'7004376211', '\'1608516999', '\'3172045507851000', NULL, '2026-02-18 04:00:43', '2026-02-18 04:56:43', NULL, NULL),
	(267, 'CNI0717792', 'Sena Asnaul Hakim', NULL, 'CNI0717792', '3087', 1, '12', '101', '2', NULL, '24', 'Contract', 3, '2024-11-11', '2025-03-17', '2025-05-16', NULL, 'Moslem', 'Male', 'Single', 'Sukabumi', '2000-02-07', 'Kp Bojonggaling RT 002/002 Sukatani, Parakan salak, Sukabumi', '081211801317', NULL, 'muhammadsena1978@gmail.com', '42.945.786.4-405.000', '\'24126424449', NULL, '\'3202150702000000', NULL, '2026-02-18 04:00:43', '2026-02-18 04:56:43', NULL, NULL),
	(268, 'CNI0717703', 'Septian Joyo Purwanto', NULL, 'CNI0717703', '2990', 1, '9', '91', '1', NULL, '24', 'Resign', 2, '2024-07-01', '2024-08-30', '2024-11-01', NULL, 'Moslem', 'Male', 'Single', 'Jakarta', '1995-09-20', 'Kp. Jembatan RT 008/017 Penggilingan, Cakung, Jakarta Timur', '082111280859', NULL, 'septianjoyo@gmail.com', '09.453.549.9-004.000', '\'24126424456', NULL, '\'3175062009950010', NULL, '2026-02-18 04:00:43', '2026-02-18 04:56:28', NULL, NULL),
	(269, 'CNI0717214', 'Septian Widya Pratama', NULL, 'CNI0717214', '2477', 1, '8', '76', '2', NULL, '13', 'Permanent', 3, '2023-02-21', '2023-08-22', NULL, NULL, 'Moslem', 'Male', 'Married', 'Sidoarjo', '1989-09-04', 'Perum Wisma Jaya Jl. Kusuma Utara X Blok 35/73 RT 015/017 Duren Jaya, Bekasi Timur, Bekasi.', '081281104989', 'septianwidyapratama@ciptanissin.co.id', 'septianwpratama@gmail.com', '36.360.843.1-435.000', '\'21049578780', '\'1629034479', '\'3216020409890010', NULL, '2026-02-18 04:00:43', '2026-02-18 04:56:43', NULL, NULL),
	(270, 'CNI0717628', 'Septo Hasidin', NULL, 'CNI0717628', '2913', 1, '7', '115', '1', NULL, '23', 'Contract', 5, '2024-03-04', '2025-03-04', '2025-06-03', NULL, 'Moslem', 'Male', 'Married', 'Karawang', '1996-10-08', 'Dusun Sukamenak RT 010/004 Muarabaru, Cilamaya Wetan, Karawang', '0812 9067 6572', NULL, 'septohasidin1996@gmail.com', '72.901.809.3-433.000', '\'24056752066', '\'1658610325', '\'3215150810960100', NULL, '2026-02-18 04:00:43', '2026-02-18 04:56:28', NULL, NULL),
	(271, 'CNI0717769', 'Setiven', NULL, 'CNI0717769', '3063', 1, '7', '119', '2', NULL, '24', 'Contract', 3, '2024-10-14', '2025-02-17', '2025-04-18', NULL, 'Moslem', 'Male', 'Married', 'Sungai Ceper', '1993-12-13', 'Vila Gading Harapan Blok M 11/9 RT 011/36 Bahagia, Babelan,Kab.Bekasi', '081284023008', NULL, 'stiven.alton23@gmail.com', '45.731.999.4-435.000', '\'24126424464', NULL, '\'3216021312930010', NULL, '2026-02-18 04:00:43', '2026-02-18 04:56:43', NULL, NULL),
	(272, 'CNI0717465', 'Shaiful Bhahri', NULL, 'CNI0717465', '2739', 1, '9', '87', '2', NULL, '23', 'Contract', 7, '2023-09-11', '2025-03-11', '2025-06-10', NULL, 'Moslem', 'Male', 'Married', 'Pekalongan', '1991-12-20', 'Dusun Jagung Kidul RT.003/001 Jagung, Kesesi,Pekalongan.', '083874177576', NULL, 'bhahrishaiful55@gmail.com', '67.738.533.8-502.000', '\'23146311602', '\'1737110586', '\'3326092012910000', NULL, '2026-02-18 04:00:43', '2026-02-18 04:56:43', NULL, NULL),
	(273, 'CNI0716968', 'Singgih Adi Pratama', NULL, 'CNI0716968', '2212', 1, '4', '83', '2', NULL, '23', 'Contract', 6, '2022-08-15', '2025-02-15', '2025-08-14', NULL, 'Moslem', 'Male', 'Single', 'Sukoharjo', '1994-09-03', 'Jl. Pegangsaan Dua RT 006/ 002 Pegangsaan Dua, Kelapa Gading, Jakarta Utara.', '085884857900', NULL, 'singgihadi1994@gmail.com', '09.584.202.7-043.000', '\'22118975154', '\'377927482', '\'3172060309940000', NULL, '2026-02-18 04:00:43', '2026-02-18 04:56:43', NULL, NULL),
	(274, 'CNI0717394', 'Singgih Saputra', NULL, 'CNI0717394', '2668', 1, '7', '118', '2', NULL, '23', 'Contract', 7, '2023-07-10', '2025-01-10', '2025-04-09', NULL, 'Moslem', 'Male', 'Married', 'Jakarta', '1992-11-20', 'Gembol kidul RT 03/ 07 Nungkulan, Girimarto, Wonogiri.', '085290057504', NULL, 'singgihsaputra201192@gmail.com', '98.145.633.8-004.000', '\'23110079839', '\'2104363653', '\'3175062011920020', NULL, '2026-02-18 04:00:43', '2026-02-18 04:56:43', NULL, NULL),
	(275, 'CNI0717881', 'Sintaro Situmorang', NULL, 'CNI0717881', '3198', 1, '6', '56', '2', NULL, '20', 'Contract', 1, '2025-04-07', '2025-04-07', '2025-07-04', NULL, 'Christian', 'Male', 'Single', 'Jakarta', '2000-05-27', 'JlL. 26 Duren Sawit No. 155 RT.008/005, Kel. Duren Sawit,Kec. Duren Sawit, Jakarta Timur', '81380484542', 'sintaro@ciptanissin.co.id', '27shintaro@gmail.com', '3175072705000010', NULL, NULL, '\'3175072705000009', NULL, '2026-02-18 04:00:43', '2026-02-18 04:56:43', NULL, NULL),
	(276, 'CNI0716843', 'Siswondo', NULL, 'CNI0716843', '2076', 1, '7', '113', '1', NULL, '19', 'Contract', 6, '2022-04-11', '2024-10-10', '2025-04-10', NULL, 'Moslem', 'Male', 'Married', 'Magetan', '1993-06-30', 'Desa Duwet RT 009/ 002, Bendo, Magetan, Jawa Timur.', '081286486123', NULL, 'kempho99@gmail.com', '98.220.366.3-646.000', '\'22048517001', '\'1607639578', '\'3520103006930000', NULL, '2026-02-18 04:00:43', '2026-02-18 04:56:28', NULL, NULL),
	(277, 'CNI0717870', 'Slamet Gilang Pamungkas', NULL, 'CNI0717870', '3186', 1, '12', '101', '2', NULL, '24', 'Contract', 1, '2025-03-06', '2025-03-06', '2025-05-02', NULL, 'Moslem', 'Male', 'Married', 'Jakarta', '1997-05-30', 'Jl. Mustika Ratu RT.001/004, Ciracas, Jakarta Timur', '0858 7868 2526', NULL, 'gilangpamungkasgp29@gmail.com', NULL, NULL, NULL, '\'3175093005970010', NULL, '2026-02-18 04:00:43', '2026-02-18 04:56:43', NULL, NULL),
	(278, 'CNI0717179', 'Sodikin', NULL, 'CNI0717179', '2441', 1, '7', '115', '1', NULL, '23', 'Contract', 9, '2023-01-09', '2025-01-10', '2025-04-09', NULL, 'Moslem', 'Male', 'Married', 'Brebes', '1986-01-21', 'Dk Krajan 02 RT 001/ 002 Negaradaha, Bumiayu, Brebes.', '083170785202', NULL, 'ssodikinn890@gmail.com', '62.411.568.9-427.000', '\'23016576342', '\'1306088368', '\'3329032101860010', NULL, '2026-02-18 04:00:43', '2026-02-18 04:56:28', NULL, NULL),
	(279, 'CNI0717466', 'Soleh Udin Miftakhul', NULL, 'CNI0717466', '2740', 1, '7', '115', '1', NULL, '23', 'Resign', 5, '2023-09-04', '2024-09-03', '2024-12-03', NULL, 'Moslem', 'Male', 'Married', 'Banyumas', '2001-03-27', 'Tipar Kidul, RT.04/13 Tipar Kidul, Ajibarang,Banyumas', '083103810877', NULL, 'miftakhul2728@gmail.com', '91.833.475.6-521.000', '\'23146311677', '\'2353793657', '\'3302022703010000', NULL, '2026-02-18 04:00:43', '2026-02-18 04:56:28', NULL, NULL),
	(280, '2018091', 'Sri Pratini Dewi Eunike', NULL, '2018091', '1435', 2, '15', '28', '2', NULL, '9', 'Permanent', 1, '2018-09-03', '2018-09-03', NULL, NULL, 'Christian', 'Female', 'Married', 'Muaro Bungo', '1989-04-20', 'Jl.Waringin II/40, Kayu Putih, Jakarta Timur', '087780736641', 'dewi@ciptasaksama.co.id', NULL, '67.922.876.7-003.000', '\'13008945530', '\'1658050301', '\'3175026004890010', NULL, '2026-02-18 04:00:43', '2026-02-18 09:24:14', NULL, NULL),
	(281, 'CNI0716380', 'Sugih Sartana', NULL, 'CNI0716380', '1527', 1, '5,9,19,20', '19', '2', NULL, '3', 'Permanent', 0, '2019-07-01', '2019-07-01', NULL, NULL, 'Moslem', 'Male', 'Married', 'Karawang', '1974-05-21', 'JL.PUMA VII / B - 11 / 51 CIKARANG BARU\n003 / 008 JAYAMUKTI CIKARANG PUSAT,Kab. Bekasi\n', '08129991023', 'sugih.sartana@ciptanissin.co.id', NULL, '24.427.116.9-432.000', '\'06K90130340', '\'1656475468', '\'3216202105740000', NULL, '2026-02-18 04:00:43', '2026-02-18 04:56:43', NULL, NULL),
	(282, 'CNI0715050', 'Sugiyanto', NULL, 'CNI0715050', '990', 1, '7', '58', '2', NULL, '17', 'Permanent', 2, '2015-12-12', '2016-05-21', NULL, NULL, 'Moslem', 'Male', 'Married', 'Purworejo', '1983-09-04', 'PERUM MUSTIKA BLOK E.12/35 RT 007 RW 010 DESA MATAGARA , TIGARAKSA, TANGERANG, BANTEN', '08174841909', 'sugiyanto@ciptanissin.co.id', 'sugiy6777@gmail.com', '89.458.353.3-531.000', '\'16012373623', '\'1137501674', '\'3306110409830000', NULL, '2026-02-18 04:00:43', '2026-02-18 04:56:43', NULL, NULL),
	(283, 'CNI0717467', 'Suhadi', NULL, 'CNI0717467', '2741', 1, '9', '86', '1', NULL, '23', 'Contract', 7, '2023-09-11', '2025-03-11', '2025-06-10', NULL, 'Moslem', 'Male', 'Married', 'Jakarta', '1998-05-19', 'Jl. H. Balok RT.003/003 Semper Timur, Cilincing, Jakarta Utara.', '08984393079', NULL, 'suhadianisa19@gmail.com', '91.837.956.1-045.000', '\'23146311511', '\'379007223', '\'3172041905980010', NULL, '2026-02-18 04:00:43', '2026-02-18 04:56:28', NULL, NULL),
	(284, 'CNI0716942', 'Suhendra', NULL, 'CNI0716942', '2181', 1, '4', '83', '2', NULL, '23', 'Contract', 11, '2022-07-25', '2025-02-03', '2025-05-02', NULL, 'Moslem', 'Male', 'Married', 'Jakarta', '1976-03-09', 'Kepu Dalam IV/128, Kemayoran Jakarta Pusat', '085214552376', NULL, 'Suhendra76bejo@gmail.com', '59.185.644.8-027.000', '\'18053442861', '\'2217915797', '\'3171030903760010', NULL, '2026-02-18 04:00:43', '2026-02-18 04:56:43', NULL, NULL),
	(285, 'CNI0716244', 'Sukma Wibowo', NULL, 'CNI0716244', '1365', 1, '11', '102', '2', NULL, '23', 'Permanent', 2, '2018-04-26', '2019-04-22', NULL, NULL, 'Moslem', 'Male', 'Married', 'Yogyakarta', '1985-11-12', 'Kel.Kalibaru RT 006 RW 001 Cilodong Depok', '088214073688', NULL, 'sukmawibowo803@gmail.com', '66.898.542.7-412.000', '\'18039959392', '\'1131471134', '\'3276051211850010', NULL, '2026-02-18 04:00:43', '2026-02-18 04:56:43', NULL, NULL),
	(286, 'CNI0716499', 'Supriyono', NULL, 'CNI0716499', '1372', 1, '4', '82', '1', NULL, '23', 'Contract', 7, '2020-06-15', '2024-12-16', '2025-12-13', NULL, 'Moslem', 'Male', 'Married', 'Jakarta', '1975-11-16', 'Kp. Jembatan RT 008/ 017 No 45 Penggilingan, Cakung. Jakarta Timur', '081514183052', NULL, 'supriyono.morante@gmail.com', '67.729.191.6-004.000', '\'17010918799', '\'2100554932', '\'3175061611750000', NULL, '2026-02-18 04:00:43', '2026-02-18 04:56:28', NULL, NULL),
	(287, '2019149', 'Surya Sunaryo', NULL, '2019149', '2992', 2, '17', '34', '2', NULL, '8', 'Permanent', 3, '2024-07-01', '2024-12-31', NULL, NULL, 'Christian', 'Male', 'Married', 'Jakarta', '1984-12-04', 'JL. Telaga Murni E3 No.28 RT.18/01 Sunter Jaya Tanjung Priok Jakarta Utara', '08561033256', 'Surya@ciptasaksama.co.id', 'surya.sunaryo.work@gmail.com', '69.978.458.3-048.000', NULL, NULL, '\'3172020412840010', NULL, '2026-02-18 04:00:43', '2026-02-18 09:42:05', NULL, NULL),
	(288, 'CNI0716161', 'Sutrisno', NULL, 'CNI0716161', '1238', 1, '12', '61', '2', NULL, '13', 'Contract', 8, '2017-05-02', '2024-06-04', '2025-06-04', NULL, 'Moslem', 'Male', 'Married', 'Purworejo', '1959-08-05', 'Perum Duta Indah Blok L, No.33 Pondok Gede JL.Cendana II, Bekasi', '085218152004', 'Sutrisno@ciptanissin.co.id', NULL, '47.961.763.1-004.000', '\'12027479356', '\'1865949401', '\'3275080508590020', NULL, '2026-02-18 04:00:43', '2026-02-18 04:56:43', NULL, NULL),
	(289, 'CNI0717548', 'Syahrul Romadhon', NULL, 'CNI0717548', '2827', 1, '9', '86', '1', NULL, '23', 'Contract', 6, '2023-12-11', '2025-03-11', '2025-06-10', NULL, 'Moslem', 'Male', 'Single', 'Jakarta', '1999-12-13', 'Kp. Jembatan RT.012/012, Penggilingan, Cakung,Jakarta Timur.', '089512179083', NULL, 'syhrlromadhon13@gmail.com', '43.145.678.9-004.000', '\'24004357885', '\'1383128076', '\'3175061312990010', NULL, '2026-02-18 04:00:43', '2026-02-18 04:56:28', NULL, NULL),
	(290, 'CNI0716162', 'Syamsul Ma\'arif', NULL, 'CNI0716162', '1239', 1, '3,12', '60', '2', NULL, '6', 'Permanent', 0, '2017-05-02', '2017-05-02', NULL, NULL, 'Moslem', 'Male', 'Married', 'Cirebon', '1979-11-20', 'Blok Karang Gayam Kidul 03/01 Kenanga Sumber  ', '082310021008', 'syamsul@ciptanissin.co.id', NULL, '77.916.074.6-438.000', '\'15015107434', '\'1441127452', '\'3209152011790010', NULL, '2026-02-18 04:00:43', '2026-02-18 04:56:43', NULL, NULL),
	(291, 'CNI0715054', 'Tantan Nurdiansyah', NULL, 'CNI0715054', '994', 1, '12', '96', '2', NULL, '13', 'Permanent', 2, '2015-12-14', '2016-05-21', NULL, NULL, 'Moslem', 'Male', 'Married', 'Subang', '1981-06-11', 'Grand Residence Cluster Prapanca 1 Blok BD5/16, RT 001/012  Cijengkol, Setu, Bekasi.', '081382912616', NULL, 'tantannurdiansyah53@gmail.com', '27.601.453.7-413.000', '\'00K30023137', '\'1135626052', '\'3213061106810010', NULL, '2026-02-18 04:00:43', '2026-02-18 04:56:43', NULL, NULL),
	(292, '114061', 'Tarsisius Tartiadi', NULL, '114061', '923', 2, '14', '22', '2', NULL, '3', 'Permanent', 1, '2014-06-09', '2014-06-09', NULL, NULL, 'Catholic', 'Male', 'Married', 'Lampung', '1978-05-28', 'Perum Pondok Ungu Permai Sektor V Blok O.21/17 RT 08 RW 027 Bekasi', '082110577996', 'tarsisius.tartiadi@ciptasaksama.co.id', NULL, '47.499.386.2-407.000', '\'14021115440', '\'1865958636', '\'3216022805780010', NULL, '2026-02-18 04:00:43', '2026-02-18 09:24:14', NULL, NULL),
	(293, 'CNI0717235', 'Taufan Hidayat', NULL, 'CNI0717235', '2499', 1, '7', '115', '1', NULL, '23', 'Resign', 8, '2023-04-10', '2025-01-10', '2025-04-09', NULL, 'Moslem', 'Male', 'Married', 'Bekasi', '1995-10-02', 'Kp. Warung Bongkok RT 008/ 008 Suka Danau, Cikarang Barat, Bekasi.', '089665105209', NULL, 'taufanhidayat75@gmail.com', '64.295.878.9-413.000', '\'23056038898', '\'2458656832', '\'3216084210940000', NULL, '2026-02-18 04:00:43', '2026-02-18 04:56:28', NULL, NULL),
	(294, 'CNI0717824', 'Tegar Meilana Putra', NULL, 'CNI0717824', '3121', 1, '3', '125', '2', NULL, '13', 'Contract', 1, '2025-01-02', '2025-01-02', '2025-04-01', NULL, 'Moslem', 'Male', 'Married', 'Bekasi', '1990-05-12', 'Harapan Jaya II Blok F/78, RT007/019, Harapan Jaya, Bekasi Utara, Bekasi', '0857 7055 9277', 'tegar.meilana@ciptanissin.co.id', 'ir_tegar@rocketmail.com', '71.609.639.1-407.000', NULL, NULL, '\'3275031205900030', NULL, '2026-02-18 04:00:43', '2026-02-18 04:56:43', NULL, NULL),
	(295, 'CNI0717446', 'Teguh Waluyo', NULL, 'CNI0717446', '2720', 1, '7', '115', '1', NULL, '23', 'Contract', 7, '2023-08-14', '2025-02-14', '2025-05-13', NULL, 'Moslem', 'Male', 'Single', 'Indramayu', '2000-05-03', 'Dusun Kedungwungu RT.032/013 Kedungwungu,Anjatan,Indramayu', '083824071021', NULL, 'teeguhwaluyo24@gmail.com', '86.264.272.5-437.000', '\'23168052456', '\'2759382404', '\'3212230305000000', NULL, '2026-02-18 04:00:43', '2026-02-18 04:56:28', NULL, NULL),
	(296, 'CNI0717770', 'Tinodo Harrys', NULL, 'CNI0717770', '3064', 1, '7', '115', '1', NULL, '23', 'Contract', 2, '2024-10-14', '2025-01-14', '2025-04-12', NULL, 'Christian', 'Male', 'Single', 'Jakarta', '2001-09-28', 'Jl. Kh. Maisin I No. 57 RT 005/015 Klender, Duren Sawit, Jakarta Timur', '0895320121853', NULL, 'harrystinodo@gmail.com', '43.855.554.2-008.000', NULL, NULL, '\'3171042809010000', NULL, '2026-02-18 04:00:43', '2026-02-18 04:56:28', NULL, NULL),
	(297, 'CNI0717758', 'Tio Herlangga', NULL, 'CNI0717758', '3052', 1, '7', '116', '1', NULL, '24', 'Resign', 1, '2024-10-08', '2024-10-08', '2024-12-04', NULL, 'Moslem', 'Male', 'Single', 'Jakarta', '2003-12-23', 'Rawa Kuning RT/RW. 003/007 Kel. Pulo Gebang Kec. Cakung, Kota Jakarta Timur', '081386933184', NULL, 'tioherlangga75@gmail.com', '65.628.795.0-004.000', NULL, NULL, '\'3175062412040010', NULL, '2026-02-18 04:00:43', '2026-02-18 04:56:28', NULL, NULL),
	(298, 'CNI0717784', 'Tominas Sendo Pratama', NULL, 'CNI0717784', 'CNI0717784', 1, '7', '116', '1', NULL, '24', 'Resign', 3, '2024-11-04', '2025-03-10', '2025-05-12', NULL, 'Moslem', 'Male', 'Single', 'DS. Embawang', '2003-08-10', 'Ds. Embawang, RT000/000, Embawang, Tanjung Agung, Kab. Muara Enim', '082123783454', NULL, 'tominassendopratama@gmail.com', '99.146.676.4-015.000', NULL, NULL, '\'1603011008030000', NULL, '2026-02-18 04:00:43', '2026-02-18 04:56:28', NULL, NULL),
	(299, 'CNI0717812', 'Toni Panca Irmawan', NULL, 'CNI0717812', '3108', 1, '7', '119', '2', NULL, '24', 'Contract', 2, '2024-12-09', '2025-02-10', '2025-04-11', NULL, 'Moslem', 'Male', 'Married', 'Pemalang', '1995-01-11', 'Mangunsari RT.05/02 Tegal Sari Barat, Ampel gading, Pemalang', '085215538889', NULL, 'amelia.panca1124@gmail.com', '92.799.317.0-502.000', '\'24126424480', NULL, '\'3216021312931010', NULL, '2026-02-18 04:00:43', '2026-02-18 04:56:43', NULL, NULL),
	(300, 'CNI0716991', 'Tony Iman Pebruwanto', NULL, 'CNI0716991', '2235', 1, '6,8,11', '3', '2', NULL, '4', 'Permanent', 2, '2022-09-19', '2023-06-16', NULL, NULL, 'Christian', 'Male', 'Married', 'Jakarta', '1978-02-14', 'Jl. Wuluh V No. 80 RT 011/010 Pondok Bambu, Duren Sawit, Jakarta Timur.', '08118882595', 'tony.iman@ciptanissin.co.id', 'patrizio.tony@gmail.com', '17.477.733.4-045.000', '\'22134148240', '\'1378876375', '\'3175081402780000', NULL, '2026-02-18 04:00:43', '2026-02-18 04:56:43', NULL, NULL),
	(301, 'CNI0717436', 'Topik Hidayat', NULL, 'CNI0717436', '2710', 1, '7', '118', '2', NULL, '23', 'Contract', 7, '2023-08-07', '2025-02-07', '2025-05-06', NULL, 'Moslem', 'Male', 'Married', 'Bogor', '1993-11-25', 'Jatijajar RT.07/03 Jatijajar, tapos, Depok', '081299324779', NULL, 'topikdayat32@gmail.com', '75.612.687.6-412.000', '\'23129243897', '\'1014423129', '\'3276022511930000', NULL, '2026-02-18 04:00:43', '2026-02-18 04:56:43', NULL, NULL),
	(302, 'CNI0717437', 'Triyono', NULL, 'CNI0717437', '2711', 1, '7', '115', '1', NULL, '23', 'Contract', 7, '2023-08-07', '2025-02-07', '2025-05-06', NULL, 'Moslem', 'Male', 'Single', 'Karanganyar', '1994-02-18', 'Dusun Giriwondo RT.01/03 Giriwondo, Jumapolo, Karanganyar', '081282265286', NULL, 'triyonoo1802@gmail.com', '85.573.821.7-528.000', '\'23129243921', '\'2359750408', '\'3313031802940000', NULL, '2026-02-18 04:00:43', '2026-02-18 04:56:28', NULL, NULL),
	(303, 'CNI0715070', 'Ucu Samsu', NULL, 'CNI0715070', '1011', 1, '11', '44', '1', NULL, '23', 'Permanent', 2, '2015-12-18', '2016-06-20', NULL, NULL, 'Moslem', 'Male', 'Married', 'Kuningan', '1979-03-06', 'RT 03/05 Cakung Jakarta Timur', '081280194668', NULL, 'aaucu1979@gmail.com', '67.566.536.8-432.000', '\'16012373839', '\'1128026147', '\'3208320603790000', NULL, '2026-02-18 04:00:43', '2026-02-18 04:56:28', NULL, NULL),
	(304, 'CNI0716594', 'Ugra Dwi Malintang Kurniawan', NULL, 'CNI0716594', '1792', 1, '11', '45', '2', NULL, '17', 'Permanent', 3, '2020-12-21', '2021-12-17', NULL, NULL, 'Moslem', 'Male', 'Married', 'Purworejo', '1989-04-08', 'Mega Sentul Bougenville 8 Blok I No 06 RT 005 RW 007 Kel Pasirlaja Kec Sukaraja, Bogor.', '085697797522', 'ugra.dwi@ciptanissin.co.id', 'ugra.malintang89@gmail.com', '68.836.755.6-403.000', '\'19085173615', '\'1309561481', '\'3306080804890000', NULL, '2026-02-18 04:00:43', '2026-02-18 04:56:43', NULL, NULL),
	(305, 'CNI0717873', 'Ujang Rahmat', NULL, 'CNI0717873', '3189', 1, '12', '101', '2', NULL, '24', 'Contract', 1, '2025-03-07', '2025-03-07', '2025-05-09', NULL, 'Moslem', 'Male', 'Married', 'Tasikmalaya', '1997-08-23', 'Kp. Legokcicau, RT009/004, Neglasari, Salawu, Kab. Tasikmalaya', '0889 7382 1729', NULL, 'ujangrahmat2397@gmail.com', NULL, NULL, NULL, '\'3206141402960000', NULL, '2026-02-18 04:00:43', '2026-02-18 04:56:43', NULL, NULL),
	(306, 'CNI0717853', 'Wahyu Apriyanto', NULL, 'CNI0717853', '3162', 1, '9', '94', '1', NULL, '24', 'Contract', 2, '2025-01-27', '2025-03-31', '2025-05-30', NULL, 'Moslem', 'Male', 'Single', 'Bekasi', '2002-04-10', 'Jl. P, Madura, I No 82, RT004/011, Aren Jaya, Bekasi Timur, Kota Bekasi', '0812881005636', NULL, 'wahyuapriyanto975@gmail.com', '95.012.598.9-407.000', '\'24126423987', NULL, '\'3275011004020010', NULL, '2026-02-18 04:00:43', '2026-02-18 04:56:28', NULL, NULL),
	(307, 'CNI0717691', 'Wahyu Baihaqi', NULL, 'CNI0717691', '2979', 1, '7', '116', '1', NULL, '24', 'Resign', 2, '2024-06-24', '2024-08-23', '2024-10-25', NULL, 'Moslem', 'Male', 'Single', 'Jakarta', '2002-04-11', 'Kp. Melayu Besar RT 003/001 Kebon Baru, Tebet, Jakarta Selatan', '0895359856484', NULL, 'baihaqikhaizan623@gmail.com', '96.576.612.4-008.000', '\'24126423904', NULL, '\'3174011104020010', NULL, '2026-02-18 04:00:43', '2026-02-18 04:56:28', NULL, NULL),
	(308, 'CNI0716894', 'Wahyu Bimo Sakti', NULL, 'CNI0716894', '2127', 1, '19', '95', '1', NULL, '21', 'Permanent', 7, '2022-06-13', '2024-03-13', NULL, NULL, 'Moslem', 'Male', 'Single', 'Cilacap', '1995-08-05', 'Jl. Manggis No. 19 RT 003/016 Jenang, Majenang, Cilacap.', '081280955281', NULL, 'wahyubimo77@gmail.com', '70.066.876.7-522.000', '\'22079431312', '\'1516112684', '\'3301140508951000', NULL, '2026-02-18 04:00:43', '2026-02-18 04:56:28', NULL, NULL),
	(309, 'CNI0716987', 'Wahyu Firnanda', NULL, 'CNI0716987', '2231', 1, '12', '100', '2', NULL, '23', 'Contract', 6, '2022-08-22', '2025-02-22', '2025-08-21', NULL, 'Moslem', 'Male', 'Single', 'Tanjung Menang', '2000-05-12', 'Mekar Sari RT 003/ 017 Mekarsari, Tambun Selatan,Kab. Bekasi.', '081278517626', NULL, 'wahyufirnanda93@gmail.com', '85.450.383.6-435.000', '\'22130605367', '\'311105068', '\'1604151205000000', NULL, '2026-02-18 04:00:43', '2026-02-18 04:56:43', NULL, NULL),
	(310, 'CNI0716540', 'Wahyu Pujiharto', NULL, 'CNI0716540', '1729', 1, '12', '100', '2', NULL, '23', 'Contract', 11, '2020-09-21', '2025-03-24', '2025-09-23', NULL, 'Moslem', 'Male', 'Single', 'Gunung Kidul', '1998-04-02', 'Ngaglik RT 002/016, Ngeposari, Semanu,Gunung Kidul', '089654262922', NULL, 'wahyoe_sm29@ymail.com', '82.686.046.2-545.000', '\'18008287494', '\'2424238435', '\'3306110204980000', NULL, '2026-02-18 04:00:43', '2026-02-18 04:56:43', NULL, NULL),
	(311, 'CNI0716062', 'Wahyudi', NULL, 'CNI0716062', '1106', 1, '3', '107', '2', NULL, '21', 'Permanent', 2, '2016-05-09', '2018-05-09', NULL, NULL, 'Moslem', 'Male', 'Married', 'Wonogiri', '1988-11-03', 'Jatiwayang RT 001/ 002 Tremes, Sidoharjo, Wonogiri\n\nCakung Barat 007/004 Jakarta Timur', '085727578167', NULL, 'yudistk31@gmail.com', '72.027.431.5-532.000', '\'16012373417', '\'1638798063', '\'3312130311880000', NULL, '2026-02-18 04:00:43', '2026-02-18 04:56:43', NULL, NULL),
	(312, 'CNI0717802', 'Wawan Kuryantoro', NULL, 'CNI0717802', '3098', 1, '7', '119', '2', NULL, '24', 'Contract', 2, '2024-07-22', '2025-02-25', '2025-05-24', NULL, 'Moslem', 'Male', 'Married', 'Kebumen', '1995-11-05', 'Dk. Bungas RT 002/ 004 Lerepkebumen, Poncowarno, Kab.Kebumen', '083839276759', NULL, 'wawankuryantoro@gmail.com', '72.939.178.9-523.000', '\'24126423946', NULL, '\'3305250511950000', NULL, '2026-02-18 04:00:43', '2026-02-18 04:56:43', NULL, NULL),
	(313, 'CNI0716224', 'Wildan Taufik Hidayat', NULL, 'CNI0716224', '1336', 1, '9', '85', '1', NULL, '19', 'Permanent', 3, '2018-01-18', '2020-01-29', NULL, NULL, 'Moslem', 'Male', 'Married', 'Garut', '1985-12-15', 'Kp. Dadap RT 001/ RW 003 Kel Bencongan Kec. Kelapa Dua Kab. Tangerang - Banten\n', '08996081421', NULL, 'Wildantaufik767@gmail.com', '67.657.175.5-443.000', '\'18008287486', '\'3205421512850000', '\'3205421512850000', NULL, '2026-02-18 04:00:43', '2026-02-18 04:56:28', NULL, NULL),
	(314, 'CNI0717854', 'Wiryo Hadi Prakoso', NULL, 'CNI0717854', '3163', 1, '7', '119', '2', NULL, '24', 'Contract', 2, '2025-01-27', '2025-03-31', '2025-05-30', NULL, 'Moslem', 'Male', 'Single', 'Tegal', '1993-11-13', 'Karangmulya RT 002/ 005 Karangmulya, Suradadi, Tegal', '082137170995', NULL, 'wiryohadiprakoso@gmail.com', '84.766.076.8-501.000', '\'24126423912', NULL, '\'3328161311930000', NULL, '2026-02-18 04:00:43', '2026-02-18 04:56:43', NULL, NULL),
	(315, 'CNI0717749', 'Yandi Asmara', NULL, 'CNI0717749', '3043', 1, '7', '115', '1', NULL, '23', 'Contract', 3, '2024-09-23', '2025-03-24', '2025-06-23', NULL, 'Moslem', 'Male', 'Married', 'Serang', '1999-09-12', 'Kp. Kadongdong RT.003/001 Banjarmasin, Carita, Kab. Pandeglang', '083836955811', NULL, 'yandiasmara431@gmail.com', '91.608.944.4-454.000', NULL, NULL, '\'3604311209990000', NULL, '2026-02-18 04:00:44', '2026-02-18 04:56:28', NULL, NULL),
	(316, 'CNI0717785', 'Yoga Dwi Listianto', NULL, 'CNI0717785', 'CNI0717785', 1, '7', '116', '1', NULL, '24', 'Resign', 1, '2024-11-04', '2024-11-04', '2025-01-03', NULL, 'Moslem', 'Male', 'Single', 'Jakarta', '2004-11-21', 'Jl. Dana Karya, RT006/008, Gedong, Pasar Rebo, Jakarta Timur', '085882656005', NULL, 'yogalistianto6@gmail.com', '13.926.714.0-009.000', NULL, NULL, '\'3175052111040000', NULL, '2026-02-18 04:00:44', '2026-02-18 04:56:28', NULL, NULL),
	(317, 'CNI0717874', 'Yoga Multi Setiawan', NULL, 'CNI0717874', '3190', 1, '12', '101', '2', NULL, '24', 'Contract', 1, '2025-03-11', '2025-03-11', '2025-05-09', NULL, 'Moslem', 'Male', 'Married', 'Banyumas', '1999-05-14', 'Bogangin, RT002/001, Bogangin, Sumpiuh, Kab. Banyumas', '85726560109', NULL, 'masyoga535@gmail.com', '3302071405990000', NULL, NULL, '\'3302071405990004', NULL, '2026-02-18 04:00:44', '2026-02-18 04:56:43', NULL, NULL),
	(318, 'CNI0717468', 'Yogi Adi Putra', NULL, 'CNI0717468', '2742', 1, '7', '118', '2', NULL, '23', 'Contract', 7, '2023-09-11', '2025-03-11', '2025-06-10', NULL, 'Moslem', 'Male', 'Married', 'Palembang', '1991-07-22', 'Jl. Bumi bahagia IX No.3 RT.05/44, Bahagia, Babelan, bekasi Utara, Kab. Bekasi.', '087825804800', NULL, 'yoghie30@gmail.com', '34.705.829.9-435.000', '\'23146311636', '\'1143451451', '\'3216022207910010', NULL, '2026-02-18 04:00:44', '2026-02-18 04:56:43', NULL, NULL),
	(319, 'CNI0717799', 'Yogi Anton', NULL, 'CNI0717799', '3095', 1, '7', '116', '1', NULL, '24', 'Contract', 2, '2024-11-25', '2025-01-27', '2025-03-28', NULL, 'Moslem', 'Male', 'Married', 'Ciledug', '1994-05-24', 'Penunggalan RT 002/004 Wonoyoso, Kuwarasan, Kebumen', '087837749336', NULL, 'antonyogi713@gmail.com', '71.020.523.8-523.000', '\'24126423938', NULL, '\'3305162405940000', NULL, '2026-02-18 04:00:44', '2026-02-18 04:56:28', NULL, NULL),
	(320, '1617081', 'Yohan Saputra', NULL, '1617081', '1334', 2, '14', '23', '2', NULL, '8', 'Permanent', 0, '2018-01-15', '2018-01-15', NULL, NULL, 'Catholic', 'Male', 'Single', 'Jakarta', '1983-03-17', 'Taman Buaran Indah III Blok B7 NO 9\nRT 003/ RW 012\nKelurahan : Klender\nKecamatan : Duren Sawit\n', '087880794422', 'yohan.saputra@ciptasaksama.co.id', NULL, '67.226.902.4-008.000', '\'18008293518', '\'1865949849', '\'3175071703830010', NULL, '2026-02-18 04:00:44', '2026-02-18 09:24:14', NULL, NULL),
	(321, 'CNI0717398', 'Yuda Saputra', NULL, 'CNI0717398', '2672', 1, '9', '86', '1', NULL, '23', 'Contract', 7, '2023-07-10', '2025-01-10', '2025-04-09', NULL, 'Moslem', 'Male', 'Single', 'Jakarta', '1998-01-10', 'Jl. Pedati Selatan RT 003/006 Cijantung, Pasar Rebo, Jakarta Timur.', '089671271018', NULL, 'yudhadotid@gmail.com', '95.697.702.9-436.000', '\'23110079854', '\'1327018915', '\'3175051001980010', NULL, '2026-02-18 04:00:44', '2026-02-18 04:56:28', NULL, NULL),
	(322, 'CNI0717896', 'Yurid Muhammad Sukron', NULL, 'CNI0717896', '3222', 1, '9', '91', '1', NULL, '24', 'Contract', 1, '2025-05-05', '2025-05-05', '2025-07-04', NULL, 'Moslem', 'Male', 'Married', 'Garut', '1997-08-13', 'KP. Babakan Wetan RT005/003, Sukakarya, Banyuresmi, Kab. Garut', '87733093201', NULL, 'yuridmuhammad97@gmail.com', '3205061308970000', NULL, NULL, '\'3205061308970001', NULL, '2026-02-18 04:00:44', '2026-02-18 04:56:28', NULL, NULL),
	(323, 'CNI0716204', 'Zainal Murdani', NULL, 'CNI0716204', '1306', 1, '4', '90', '1', NULL, '21', 'Permanent', 2, '2017-11-13', '2018-11-16', NULL, NULL, 'Moslem', 'Male', 'Single', 'Kebumen', '1995-09-11', 'Watu Kempul\nRT 001/ RW 001\nKecamatan : Sruweng\nKelurahan : Pakuran', '087749933366', NULL, 'Murdanizainal@gmail.com', '71.557.447.1-523.000', '\'17065082509', '\'1647784258', '\'3305141109950000', NULL, '2026-02-18 04:00:44', '2026-02-18 04:56:28', NULL, NULL);

-- Dumping structure for table e-connect_db.event_colors
CREATE TABLE IF NOT EXISTS `event_colors` (
  `id` int NOT NULL AUTO_INCREMENT,
  `event_type` varchar(100) COLLATE utf8mb4_unicode_ci NOT NULL,
  `color` varchar(7) COLLATE utf8mb4_unicode_ci NOT NULL,
  `updated_at` timestamp NULL DEFAULT CURRENT_TIMESTAMP ON UPDATE CURRENT_TIMESTAMP,
  PRIMARY KEY (`id`),
  UNIQUE KEY `event_type` (`event_type`)
) ENGINE=InnoDB DEFAULT CHARSET=utf8mb4 COLLATE=utf8mb4_unicode_ci;

-- Dumping data for table e-connect_db.event_colors: ~7 rows (approximately)
DELETE FROM `event_colors`;
INSERT INTO `event_colors` (`id`, `event_type`, `color`, `updated_at`) VALUES
	(1, 'company_anniversary', '#0858f7', '2025-12-02 03:56:47'),
	(2, 'replacement_workday', '#645507', '2025-12-02 04:03:08'),
	(3, 'replacement_holiday', '#f207df', '2025-12-02 04:07:03'),
	(4, 'sto_audit', '#ffdd00', '2025-12-02 04:06:48'),
	(5, 'national_holiday', '#f50f0f', '2025-12-03 08:16:29'),
	(6, 'cuti_bersama', '#f2074e', '2025-12-02 04:06:53'),
	(7, 'other', '#05eb59', '2025-12-03 08:19:09');

-- Dumping structure for table e-connect_db.location
CREATE TABLE IF NOT EXISTS `location` (
  `id` bigint unsigned NOT NULL AUTO_INCREMENT,
  `office_name` varchar(255) CHARACTER SET utf8mb4 COLLATE utf8mb4_unicode_ci NOT NULL,
  `office_address` varchar(255) CHARACTER SET utf8mb4 COLLATE utf8mb4_unicode_ci NOT NULL,
  `created_at` timestamp NULL DEFAULT CURRENT_TIMESTAMP,
  `updated_at` timestamp NULL DEFAULT CURRENT_TIMESTAMP ON UPDATE CURRENT_TIMESTAMP,
  `deleted_at` timestamp NULL DEFAULT NULL,
  PRIMARY KEY (`id`)
) ENGINE=InnoDB DEFAULT CHARSET=utf8mb4 COLLATE=utf8mb4_unicode_ci;

-- Dumping data for table e-connect_db.location: ~2 rows (approximately)
DELETE FROM `location`;
INSERT INTO `location` (`id`, `office_name`, `office_address`, `created_at`, `updated_at`, `deleted_at`) VALUES
	(1, 'CKG', 'Jl. Raya Bekasi No.Km. 23, Cakung Bar., Kec. Cakung, Kota Jakarta Timur, Daerah Khusus Ibukota Jakarta 13910', '2025-02-15 14:24:50', '2025-02-15 14:24:50', NULL),
	(2, 'KIP', 'Jl. Rawa Sumur Timur, Kawasan Industri Pulogadung Blok BB 15, Jatinegara, Kec. Cakung, Kota Jakarta Timur, Daerah Khusus Ibukota Jakarta 13930', '2025-02-15 14:24:50', '2025-02-15 14:24:50', NULL);

-- Dumping structure for table e-connect_db.migration_history
CREATE TABLE IF NOT EXISTS `migration_history` (
  `id` int NOT NULL AUTO_INCREMENT,
  `name` varchar(255) COLLATE utf8mb4_unicode_ci NOT NULL,
  `executed_at` timestamp NULL DEFAULT CURRENT_TIMESTAMP,
  PRIMARY KEY (`id`),
  UNIQUE KEY `name` (`name`)
) ENGINE=InnoDB DEFAULT CHARSET=utf8mb4 COLLATE=utf8mb4_unicode_ci;

-- Dumping data for table e-connect_db.migration_history: ~2 rows (approximately)
DELETE FROM `migration_history`;
INSERT INTO `migration_history` (`id`, `name`, `executed_at`) VALUES
	(1, '20241208_create_news_tables.js', '2025-12-08 06:32:54'),
	(3, '20241208_create_news_tables.sql', '2025-12-08 06:33:31');

-- Dumping structure for table e-connect_db.national_holidays_cache
CREATE TABLE IF NOT EXISTS `national_holidays_cache` (
  `id` int NOT NULL AUTO_INCREMENT,
  `year` int NOT NULL,
  `date` date NOT NULL,
  `name` varchar(255) COLLATE utf8mb4_unicode_ci NOT NULL,
  `is_national_holiday` tinyint(1) DEFAULT '1',
  `is_cuti_bersama` tinyint(1) DEFAULT '0',
  `fetched_at` timestamp NULL DEFAULT CURRENT_TIMESTAMP,
  PRIMARY KEY (`id`),
  UNIQUE KEY `unique_year_date` (`year`,`date`)
) ENGINE=InnoDB DEFAULT CHARSET=utf8mb4 COLLATE=utf8mb4_unicode_ci;

-- Dumping data for table e-connect_db.national_holidays_cache: ~75 rows (approximately)
DELETE FROM `national_holidays_cache`;
INSERT INTO `national_holidays_cache` (`id`, `year`, `date`, `name`, `is_national_holiday`, `is_cuti_bersama`, `fetched_at`) VALUES
	(864, 2025, '2025-01-01', 'Tahun Baru 2025 Masehi', 1, 0, '2026-02-06 01:15:57'),
	(865, 2025, '2025-01-27', 'Isra\' Mi\'raj Nabi Muhammad SAW', 1, 0, '2026-02-06 01:15:57'),
	(866, 2025, '2025-01-28', 'Cuti Bersama Tahun Baru Imlek 2576 Kongzili', 0, 1, '2026-02-06 01:15:57'),
	(867, 2025, '2025-01-29', 'Tahun Baru Imlek 2576 Kongzili', 1, 0, '2026-02-06 01:15:57'),
	(868, 2025, '2025-03-28', 'Cuti Bersama Hari Raya Nyepi Tahun Baru Saka 1947', 0, 1, '2026-02-06 01:15:57'),
	(869, 2025, '2025-03-29', 'Hari Raya Nyepi Tahun Baru Saka 1947', 1, 0, '2026-02-06 01:15:57'),
	(870, 2025, '2025-03-31', 'Hari Raya Idul Fitri 1446H', 1, 0, '2026-02-06 01:15:57'),
	(871, 2025, '2025-04-01', 'Hari Raya Idul Fitri 1446H', 1, 0, '2026-02-06 01:15:57'),
	(872, 2025, '2025-04-02', 'Cuti Bersama Hari Raya Idul Fitri 1446H', 0, 1, '2026-02-06 01:15:57'),
	(873, 2025, '2025-04-03', 'Cuti Bersama Hari Raya Idul Fitri 1446H', 0, 1, '2026-02-06 01:15:57'),
	(874, 2025, '2025-04-07', 'Cuti Bersama Hari Raya Idul Fitri 1446H', 0, 1, '2026-02-06 01:15:57'),
	(875, 2025, '2025-04-18', 'Wafat Yesus Kristus', 1, 0, '2026-02-06 01:15:57'),
	(876, 2025, '2025-04-20', 'Kebangkitan Yesus Kristus', 1, 0, '2026-02-06 01:15:57'),
	(877, 2025, '2025-05-01', 'Hari Buruh Internasional', 1, 0, '2026-02-06 01:15:57'),
	(878, 2025, '2025-05-12', 'Hari Raya Waisak 2569 BE', 1, 0, '2026-02-06 01:15:57'),
	(879, 2025, '2025-05-13', 'Cuti Bersama Hari Raya Waisak 2569 BE', 0, 1, '2026-02-06 01:15:57'),
	(880, 2025, '2025-05-29', 'Kenaikan Yesus Kristus', 1, 0, '2026-02-06 01:15:57'),
	(881, 2025, '2025-05-30', 'Cuti Bersama Kenaikan Yesus Kristus', 0, 1, '2026-02-06 01:15:57'),
	(882, 2025, '2025-06-01', 'Hari Lahir Pancasila', 1, 0, '2026-02-06 01:15:57'),
	(883, 2025, '2025-06-06', 'Hari Raya Idul Adha 1446H', 1, 0, '2026-02-06 01:15:57'),
	(884, 2025, '2025-06-09', 'Cuti Bersama Hari Raya Idul Adha 1446H', 0, 1, '2026-02-06 01:15:57'),
	(885, 2025, '2025-06-27', 'Tahun Baru Islam 1 Muharram 1447H', 1, 0, '2026-02-06 01:15:57'),
	(886, 2025, '2025-08-17', 'Hari Kemerdekaan Republik Indonesia ke 80', 1, 0, '2026-02-06 01:15:57'),
	(887, 2025, '2025-09-05', 'Maulid Nabi Muhammad SAW', 1, 0, '2026-02-06 01:15:57'),
	(888, 2025, '2025-12-25', 'Hari Raya Natal', 1, 0, '2026-02-06 01:15:57'),
	(889, 2025, '2025-12-26', 'Cuti Bersama Hari Raya Natal', 0, 1, '2026-02-06 01:15:57'),
	(890, 2024, '2024-01-01', 'Tahun Baru 2024 Masehi', 1, 0, '2026-02-06 01:16:17'),
	(891, 2024, '2024-02-08', 'Isra\' Mi\'raj Nabi Muhammad SAW', 1, 0, '2026-02-06 01:16:17'),
	(892, 2024, '2024-02-09', 'Cuti Bersama Imlek 2575 Kongzili', 0, 1, '2026-02-06 01:16:17'),
	(893, 2024, '2024-02-10', 'Tahun Baru Imlek 2575 Kongzili', 1, 0, '2026-02-06 01:16:17'),
	(894, 2024, '2024-03-11', 'Hari Raya Nyepi Tahun Baru Saka 1946', 1, 0, '2026-02-06 01:16:17'),
	(895, 2024, '2024-03-12', 'Cuti Bersama Hari Raya Nyepi', 0, 1, '2026-02-06 01:16:17'),
	(896, 2024, '2024-03-29', 'Wafat Isa Al Masih', 1, 0, '2026-02-06 01:16:17'),
	(897, 2024, '2024-03-31', 'Hari Paskah', 1, 0, '2026-02-06 01:16:17'),
	(898, 2024, '2024-04-08', 'Cuti Bersama Hari Raya Idul Fitri', 0, 1, '2026-02-06 01:16:17'),
	(899, 2024, '2024-04-10', 'Hari Raya Idul Fitri 1445 H', 1, 0, '2026-02-06 01:16:17'),
	(900, 2024, '2024-04-12', 'Cuti Bersama Hari Raya Idul Fitri', 0, 1, '2026-02-06 01:16:17'),
	(901, 2024, '2024-04-15', 'Cuti Bersama Hari Raya Idul Fitri', 0, 1, '2026-02-06 01:16:17'),
	(902, 2024, '2024-05-01', 'Hari Buruh Internasional', 1, 0, '2026-02-06 01:16:17'),
	(903, 2024, '2024-05-09', 'Kenaikan Isa Al Masih', 1, 0, '2026-02-06 01:16:17'),
	(904, 2024, '2024-05-10', 'Cuti Bersama Kenaikan Isa Al Masih', 0, 1, '2026-02-06 01:16:17'),
	(905, 2024, '2024-05-23', 'Hari Raya Waisak 2568 BE', 1, 0, '2026-02-06 01:16:17'),
	(906, 2024, '2024-05-24', 'Cuti Bersama Hari Raya Waisak', 0, 1, '2026-02-06 01:16:17'),
	(907, 2024, '2024-06-01', 'Hari Lahir Pancasila', 1, 0, '2026-02-06 01:16:17'),
	(908, 2024, '2024-06-17', 'Hari Raya Idul Adha 1445 H', 1, 0, '2026-02-06 01:16:17'),
	(909, 2024, '2024-06-18', 'Cuti Bersama Hari Raya Idul Adha', 0, 1, '2026-02-06 01:16:17'),
	(910, 2024, '2024-07-07', 'Tahun Baru Islam 1446 H', 1, 0, '2026-02-06 01:16:17'),
	(911, 2024, '2024-08-17', 'Hari Kemerdekaan Republik Indonesia ke 79', 1, 0, '2026-02-06 01:16:17'),
	(912, 2024, '2024-09-16', 'Maulid Nabi Muhammad SAW', 1, 0, '2026-02-06 01:16:17'),
	(913, 2024, '2024-12-25', 'Hari Raya Natal', 1, 0, '2026-02-06 01:16:17'),
	(914, 2024, '2024-12-26', 'Cuti Bersama Hari Raya Natal', 0, 1, '2026-02-06 01:16:17'),
	(939, 2026, '2026-01-01', 'Tahun Baru 2026 Masehi', 1, 0, '2026-02-11 03:22:35'),
	(940, 2026, '2026-01-16', 'Isra Mikraj Nabi Muhammad S.A.W.', 1, 0, '2026-02-11 03:22:35'),
	(941, 2026, '2026-02-16', 'Tahun Baru Imlek 2577 Kongzili', 1, 0, '2026-02-11 03:22:35'),
	(942, 2026, '2026-02-17', 'Tahun Baru Imlek 2577 Kongzili', 1, 0, '2026-02-11 03:22:35'),
	(943, 2026, '2026-03-18', 'Hari Suci Nyepi (Tahun Baru Saka 1948)', 1, 0, '2026-02-11 03:22:35'),
	(944, 2026, '2026-03-19', 'Hari Suci Nyepi (Tahun Baru Saka 1948)', 1, 0, '2026-02-11 03:22:35'),
	(945, 2026, '2026-03-20', 'Idul Fitri 1447 Hijriah', 1, 0, '2026-02-11 03:22:35'),
	(946, 2026, '2026-03-21', 'Idul Fitri 1447 Hijriah', 1, 0, '2026-02-11 03:22:35'),
	(947, 2026, '2026-03-22', 'Idul Fitri 1447 Hijriah', 1, 0, '2026-02-11 03:22:35'),
	(948, 2026, '2026-03-23', 'Idul Fitri 1447 Hijriah', 1, 0, '2026-02-11 03:22:35'),
	(949, 2026, '2026-03-24', 'Idul Fitri 1447 Hijriah', 1, 0, '2026-02-11 03:22:35'),
	(950, 2026, '2026-04-03', 'Wafat Yesus Kristus', 1, 0, '2026-02-11 03:22:35'),
	(951, 2026, '2026-04-05', 'Kebangkitan Yesus Kristus (Paskah)', 1, 0, '2026-02-11 03:22:35'),
	(952, 2026, '2026-05-01', 'Hari Buruh Internasional', 1, 0, '2026-02-11 03:22:35'),
	(953, 2026, '2026-05-14', 'Kenaikan Yesus Kristus', 1, 0, '2026-02-11 03:22:35'),
	(954, 2026, '2026-05-15', 'Kenaikan Yesus Kristus', 1, 0, '2026-02-11 03:22:35'),
	(955, 2026, '2026-05-27', 'Idul Adha 1447 Hijriah', 1, 0, '2026-02-11 03:22:35'),
	(956, 2026, '2026-05-28', 'Idul Adha 1447 Hijriah', 1, 0, '2026-02-11 03:22:35'),
	(957, 2026, '2026-05-31', 'Hari Raya Waisak 2570 BE', 1, 0, '2026-02-11 03:22:35'),
	(958, 2026, '2026-06-01', 'Hari Lahir Pancasila', 1, 0, '2026-02-11 03:22:35'),
	(959, 2026, '2026-06-16', '1 Muharam Tahun Baru Islam 1448 Hijriah', 1, 0, '2026-02-11 03:22:35'),
	(960, 2026, '2026-08-17', 'Proklamasi Kemerdekaan', 1, 0, '2026-02-11 03:22:35'),
	(961, 2026, '2026-08-25', 'Maulid Nabi Muhammad S.A.W.', 1, 0, '2026-02-11 03:22:35'),
	(962, 2026, '2026-12-25', 'Kelahiran Yesus Kristus', 1, 0, '2026-02-11 03:22:35');

-- Dumping structure for table e-connect_db.news
CREATE TABLE IF NOT EXISTS `news` (
  `id` char(36) COLLATE utf8mb4_unicode_ci NOT NULL,
  `title` varchar(255) COLLATE utf8mb4_unicode_ci NOT NULL,
  `content` text COLLATE utf8mb4_unicode_ci NOT NULL,
  `category` varchar(100) COLLATE utf8mb4_unicode_ci NOT NULL,
  `cover_image` varchar(255) COLLATE utf8mb4_unicode_ci DEFAULT NULL,
  `status` enum('draft','published','archived') COLLATE utf8mb4_unicode_ci DEFAULT 'draft',
  `publish_at` datetime DEFAULT NULL,
  `close_date` datetime DEFAULT NULL,
  `created_by` int DEFAULT NULL,
  `allow_comments` tinyint(1) DEFAULT '0',
  `pin_top` tinyint(1) DEFAULT '0',
  `priority` enum('normal','high','urgent') COLLATE utf8mb4_unicode_ci DEFAULT 'normal',
  `view_count` int DEFAULT '0',
  `created_at` timestamp NULL DEFAULT CURRENT_TIMESTAMP,
  `updated_at` timestamp NULL DEFAULT CURRENT_TIMESTAMP ON UPDATE CURRENT_TIMESTAMP,
  `deleted_at` timestamp NULL DEFAULT NULL,
  PRIMARY KEY (`id`),
  KEY `created_by` (`created_by`),
  CONSTRAINT `news_ibfk_1` FOREIGN KEY (`created_by`) REFERENCES `users` (`id`) ON DELETE SET NULL
) ENGINE=InnoDB DEFAULT CHARSET=utf8mb4 COLLATE=utf8mb4_unicode_ci;

-- Dumping data for table e-connect_db.news: ~4 rows (approximately)
DELETE FROM `news`;
INSERT INTO `news` (`id`, `title`, `content`, `category`, `cover_image`, `status`, `publish_at`, `close_date`, `created_by`, `allow_comments`, `pin_top`, `priority`, `view_count`, `created_at`, `updated_at`, `deleted_at`) VALUES
	('19bbf3a0-b95b-4bf0-8b59-1ec506177f14', 'Undangan Sosialisasi Tentang Coretax', '<h2>Dear All,</h2><h2>&nbsp;</h2><h2>Sehubungan akan diadakannya Sosialisasi tentang Coretax oleh Dept. Finance &amp; Accounting pada :</h2><h2>&nbsp;</h2><h2>Hari/Tanggal&nbsp;&nbsp;&nbsp;&nbsp;&nbsp;&nbsp;&nbsp;&nbsp;&nbsp;&nbsp;&nbsp;&nbsp;&nbsp;&nbsp;&nbsp;&nbsp;&nbsp;&nbsp;&nbsp;&nbsp;&nbsp;&nbsp;: Kamis, 5 Februari 2026</h2><h2>Jam&nbsp;&nbsp;&nbsp;&nbsp;&nbsp;&nbsp;&nbsp;&nbsp;&nbsp;&nbsp;&nbsp;&nbsp;&nbsp;&nbsp;&nbsp;&nbsp;&nbsp;&nbsp;&nbsp;&nbsp;&nbsp;&nbsp;&nbsp;&nbsp;&nbsp;&nbsp;&nbsp;&nbsp;&nbsp;&nbsp;&nbsp;&nbsp;&nbsp;&nbsp;&nbsp;&nbsp;: 15.30 s.d 16.30 WIB</h2><h2>Tempat&nbsp;&nbsp;&nbsp;&nbsp;&nbsp;&nbsp;&nbsp;&nbsp;&nbsp;&nbsp;&nbsp;&nbsp;&nbsp;&nbsp;&nbsp;&nbsp;&nbsp;&nbsp;&nbsp;&nbsp;&nbsp;&nbsp;&nbsp;&nbsp;&nbsp;&nbsp;&nbsp;&nbsp;&nbsp;&nbsp;&nbsp;: Ruang Kantin CKG</h2><h2>&nbsp;</h2><h2>Mohon untuk karyawan yang masuk dalam list terlampir wajib hadir pada sosialisasi tersebut.</h2><h2>&nbsp;</h2><h2>&nbsp;</h2><h2>Note : Karyawan wajib membawa HP(Handphone) pribadi untuk praktek terkait coretax.</h2><h2>&nbsp;</h2><h2>&nbsp;</h2><h2><em>Terima Kasih</em></h2><h2><em>Best Regards</em></h2><h2><em>Lukman Nulhakim</em></h2><h2><em>HR Dept.</em></h2><h2>&nbsp;</h2>', 'Pengumuman', '/uploads/news/1770963184207-838843263.jpg', 'published', '2026-01-28 21:10:00', '2026-02-27 11:56:00', 19, 0, 1, 'normal', 0, '2026-01-30 08:10:48', '2026-02-13 06:14:22', NULL),
	('381d8592-63ce-43b8-ba31-fbc966ac4301', 'test', '', 'General', NULL, 'draft', NULL, NULL, 19, 0, 0, 'normal', 0, '2026-01-30 07:16:29', '2026-01-30 07:19:04', '2026-01-30 07:19:04'),
	('4a60ed55-9226-4df4-981d-d5dec573665e', 'Jadwal tutup Kantor', '<p>Jadwal tutup kantor</p>', 'HRGA', NULL, 'published', '2026-02-06 17:17:00', NULL, 19, 0, 1, 'normal', 0, '2026-02-06 10:17:44', '2026-02-06 10:17:44', NULL),
	('6a9b7fe0-19b6-4342-bfb6-568156667ed7', 'FUNGSI GENFOR', '<h2>Selamat pagi rekan-rekan,</h2><h2>&nbsp;</h2><h2>Dengan ini kami menginformasikan bahwa untuk ke depannya folder general folder hanya akan digunakan sebagai wadah transit file sementara, MIS akan melakukan pengosongan general folder secara otomatis setiap awal bulan di minggu pertama. Sesuai dengan ketentuan 5S dokumen di CSI.</h2><h2><br></h2><h2>Oleh sebab itu, MIS memberikan kesempatan kepada Rekan Rekan untuk memindahkan file yang masih dipakai di General Folder untuk dipindahkan ke folder department masing masing.</h2><h2><br></h2><h2>Batas waktu terakhir yang kami berikan hingga Akhir Bulan Setelah tanggal tersebut maka MIS akan melakukan pengosongan General Folder.</h2><h2><br></h2><h2>Mohon informasi ini diteruskan kepada rekan rekan lain di department rekan rekan sekalian yang tidak memiliki Email.</h2><h2><br></h2><h2>Untuk Perhatiannya saya ucapkan terima kasih.</h2><h2>&nbsp;</h2><h2>Regards,</h2><h2>&nbsp;</h2><h2>&nbsp;</h2><h2>MIS</h2>', 'IT', '/uploads/news/1769755908210-223848704.png', 'draft', NULL, NULL, 19, 0, 0, 'normal', 0, '2026-01-30 06:51:48', '2026-01-30 07:15:49', '2026-01-30 07:15:49'),
	('bd49b466-cf68-4c13-a2fe-faf128562cf0', 'FUNGSI GENFOR', '<h2>Selamat pagi rekan-rekan,</h2><h2>&nbsp;</h2><h2>Dengan ini kami menginformasikan bahwa untuk ke depannya folder <span style="background-color: rgb(230, 0, 0);">general folder</span> hanya akan digunakan sebagai wadah transit file sementara, MIS akan melakukan pengosongan general folder secara otomatis setiap awal bulan di minggu pertama. Sesuai dengan ketentuan <span style="background-color: rgb(255, 255, 0);">5S dokumen di CSI.</span></h2><h2><br></h2><h2>Oleh sebab itu, MIS memberikan kesempatan kepada Rekan Rekan untuk memindahkan file yang masih dipakai di General Folder untuk dipindahkan ke folder department masing masing.</h2><h2><br></h2><h2>Batas waktu terakhir yang kami berikan hingga Akhir Bulan Setelah tanggal tersebut maka MIS akan melakukan pengosongan General Folder.</h2><h2><br></h2><h2>Mohon informasi ini diteruskan kepada rekan rekan lain di department rekan rekan sekalian yang tidak memiliki Email.</h2><h2><br></h2><h2>Untuk Perhatiannya saya ucapkan terima kasih.</h2><h2>&nbsp;</h2><h2>Regards,</h2><h2>&nbsp;</h2><h2>&nbsp;</h2><h2>MIS</h2>', 'IT', '', 'published', '2026-01-30 09:23:00', NULL, 19, 1, 1, 'normal', 0, '2026-01-30 09:23:33', '2026-02-13 05:56:37', NULL);

-- Dumping structure for table e-connect_db.news_comments
CREATE TABLE IF NOT EXISTS `news_comments` (
  `id` int NOT NULL AUTO_INCREMENT,
  `news_id` char(36) NOT NULL,
  `user_id` int DEFAULT NULL,
  `comment` text NOT NULL,
  `parent_id` int DEFAULT NULL,
  `created_at` timestamp NULL DEFAULT CURRENT_TIMESTAMP,
  PRIMARY KEY (`id`),
  KEY `idx_news_id` (`news_id`),
  KEY `idx_user_id` (`user_id`),
  CONSTRAINT `news_comments_ibfk_2` FOREIGN KEY (`user_id`) REFERENCES `users` (`id`) ON DELETE SET NULL
) ENGINE=InnoDB DEFAULT CHARSET=utf8mb4 COLLATE=utf8mb4_0900_ai_ci;

-- Dumping data for table e-connect_db.news_comments: ~2 rows (approximately)
DELETE FROM `news_comments`;
INSERT INTO `news_comments` (`id`, `news_id`, `user_id`, `comment`, `parent_id`, `created_at`) VALUES
	(1, '19bbf3a0-b95b-4bf0-8b59-1ec506177f14', 33, 'pak Damar start diskusi', NULL, '2026-01-30 08:15:57'),
	(2, '19bbf3a0-b95b-4bf0-8b59-1ec506177f14', 19, 'surya reply diskusi', NULL, '2026-01-30 08:16:18');

-- Dumping structure for table e-connect_db.news_files
CREATE TABLE IF NOT EXISTS `news_files` (
  `id` int NOT NULL AUTO_INCREMENT,
  `news_id` char(36) COLLATE utf8mb4_unicode_ci NOT NULL,
  `file_path` text COLLATE utf8mb4_unicode_ci NOT NULL,
  `file_name` varchar(255) COLLATE utf8mb4_unicode_ci NOT NULL,
  `file_type` enum('image','attachment') COLLATE utf8mb4_unicode_ci NOT NULL,
  `created_at` timestamp NULL DEFAULT CURRENT_TIMESTAMP,
  PRIMARY KEY (`id`),
  KEY `fk_news_files_news` (`news_id`),
  CONSTRAINT `fk_news_files_news` FOREIGN KEY (`news_id`) REFERENCES `news` (`id`) ON DELETE CASCADE
) ENGINE=InnoDB DEFAULT CHARSET=utf8mb4 COLLATE=utf8mb4_unicode_ci;

-- Dumping data for table e-connect_db.news_files: ~2 rows (approximately)
DELETE FROM `news_files`;
INSERT INTO `news_files` (`id`, `news_id`, `file_path`, `file_name`, `file_type`, `created_at`) VALUES
	(10, '6a9b7fe0-19b6-4342-bfb6-568156667ed7', '/uploads/news/1769755908221-999012369.pdf', '002-Form_Penanganan_Request_dan_Complain_Rev_00.pdf', 'attachment', '2026-01-30 06:51:48'),
	(11, '19bbf3a0-b95b-4bf0-8b59-1ec506177f14', '/uploads/news/1769760478798-349821203.pdf', 'Undangan Pelatihan Coretax_5 Februari 2026.pdf', 'attachment', '2026-01-30 08:07:58'),
	(12, 'bd49b466-cf68-4c13-a2fe-faf128562cf0', '/uploads/news/1769765013051-892992722.png', 'ADM.png', 'image', '2026-01-30 09:23:33');

-- Dumping structure for table e-connect_db.news_read
CREATE TABLE IF NOT EXISTS `news_read` (
  `id` int NOT NULL AUTO_INCREMENT,
  `news_id` char(36) COLLATE utf8mb4_unicode_ci NOT NULL,
  `user_id` int NOT NULL,
  `read_at` timestamp NULL DEFAULT CURRENT_TIMESTAMP,
  PRIMARY KEY (`id`),
  UNIQUE KEY `unique_read` (`news_id`,`user_id`),
  KEY `user_id` (`user_id`),
  CONSTRAINT `fk_news_read_news` FOREIGN KEY (`news_id`) REFERENCES `news` (`id`) ON DELETE CASCADE,
  CONSTRAINT `news_read_ibfk_2` FOREIGN KEY (`user_id`) REFERENCES `users` (`id`) ON DELETE CASCADE
) ENGINE=InnoDB DEFAULT CHARSET=utf8mb4 COLLATE=utf8mb4_unicode_ci;

-- Dumping data for table e-connect_db.news_read: ~6 rows (approximately)
DELETE FROM `news_read`;
INSERT INTO `news_read` (`id`, `news_id`, `user_id`, `read_at`) VALUES
	(259, '6a9b7fe0-19b6-4342-bfb6-568156667ed7', 19, '2026-01-30 07:01:04'),
	(263, '381d8592-63ce-43b8-ba31-fbc966ac4301', 19, '2026-01-30 07:16:31'),
	(267, '19bbf3a0-b95b-4bf0-8b59-1ec506177f14', 19, '2026-01-30 08:06:32'),
	(275, '19bbf3a0-b95b-4bf0-8b59-1ec506177f14', 33, '2026-01-30 08:11:40'),
	(359, 'bd49b466-cf68-4c13-a2fe-faf128562cf0', 19, '2026-01-30 09:23:45'),
	(361, 'bd49b466-cf68-4c13-a2fe-faf128562cf0', 33, '2026-01-30 09:32:50'),
	(381, 'bd49b466-cf68-4c13-a2fe-faf128562cf0', 32, '2026-01-30 10:10:37'),
	(409, '4a60ed55-9226-4df4-981d-d5dec573665e', 19, '2026-02-06 10:22:34');

-- Dumping structure for table e-connect_db.news_targets
CREATE TABLE IF NOT EXISTS `news_targets` (
  `id` int NOT NULL AUTO_INCREMENT,
  `news_id` char(36) COLLATE utf8mb4_unicode_ci NOT NULL,
  `target_type` enum('all','user','department','role','branch','position') COLLATE utf8mb4_unicode_ci NOT NULL,
  `target_value` varchar(255) COLLATE utf8mb4_unicode_ci DEFAULT NULL,
  `created_at` timestamp NULL DEFAULT CURRENT_TIMESTAMP,
  PRIMARY KEY (`id`),
  KEY `fk_news_targets_news` (`news_id`),
  CONSTRAINT `fk_news_targets_news` FOREIGN KEY (`news_id`) REFERENCES `news` (`id`) ON DELETE CASCADE
) ENGINE=InnoDB DEFAULT CHARSET=utf8mb4 COLLATE=utf8mb4_unicode_ci;

-- Dumping data for table e-connect_db.news_targets: ~7 rows (approximately)
DELETE FROM `news_targets`;
INSERT INTO `news_targets` (`id`, `news_id`, `target_type`, `target_value`, `created_at`) VALUES
	(31, '6a9b7fe0-19b6-4342-bfb6-568156667ed7', 'user', '33', '2026-01-30 06:55:52'),
	(32, '381d8592-63ce-43b8-ba31-fbc966ac4301', 'all', NULL, '2026-01-30 07:16:29'),
	(47, '4a60ed55-9226-4df4-981d-d5dec573665e', 'user', '26', '2026-02-06 10:17:44'),
	(48, 'bd49b466-cf68-4c13-a2fe-faf128562cf0', 'all', NULL, '2026-02-13 05:56:37'),
	(49, 'bd49b466-cf68-4c13-a2fe-faf128562cf0', 'user', '32', '2026-02-13 05:56:37'),
	(54, '19bbf3a0-b95b-4bf0-8b59-1ec506177f14', 'all', NULL, '2026-02-13 06:14:22'),
	(55, '19bbf3a0-b95b-4bf0-8b59-1ec506177f14', 'department', '4', '2026-02-13 06:14:22');

-- Dumping structure for table e-connect_db.notifications
CREATE TABLE IF NOT EXISTS `notifications` (
  `id` int NOT NULL AUTO_INCREMENT,
  `user_id` int DEFAULT NULL,
  `type` enum('info','success','warning','error') COLLATE utf8mb4_unicode_ci DEFAULT 'info',
  `title` varchar(255) COLLATE utf8mb4_unicode_ci NOT NULL,
  `message` text COLLATE utf8mb4_unicode_ci NOT NULL,
  `link` varchar(255) COLLATE utf8mb4_unicode_ci DEFAULT NULL,
  `created_at` timestamp NULL DEFAULT CURRENT_TIMESTAMP,
  `item_type` varchar(50) COLLATE utf8mb4_unicode_ci DEFAULT NULL,
  `item_id` varchar(100) COLLATE utf8mb4_unicode_ci DEFAULT NULL,
  PRIMARY KEY (`id`)
) ENGINE=InnoDB DEFAULT CHARSET=utf8mb4 COLLATE=utf8mb4_unicode_ci;

-- Dumping data for table e-connect_db.notifications: ~84 rows (approximately)
DELETE FROM `notifications`;

-- Dumping structure for table e-connect_db.notification_reads
CREATE TABLE IF NOT EXISTS `notification_reads` (
  `id` int NOT NULL AUTO_INCREMENT,
  `notification_id` int NOT NULL,
  `user_id` int NOT NULL,
  `read_at` timestamp NULL DEFAULT CURRENT_TIMESTAMP,
  `is_hidden` tinyint(1) DEFAULT '0',
  PRIMARY KEY (`id`),
  UNIQUE KEY `unq_notif_user` (`notification_id`,`user_id`)
) ENGINE=InnoDB DEFAULT CHARSET=utf8mb4 COLLATE=utf8mb4_unicode_ci;

-- Dumping data for table e-connect_db.notification_reads: ~27 rows (approximately)
DELETE FROM `notification_reads`;

-- Dumping structure for table e-connect_db.portal_settings
CREATE TABLE IF NOT EXISTS `portal_settings` (
  `id` int NOT NULL AUTO_INCREMENT,
  `portal_name` varchar(100) COLLATE utf8mb4_unicode_ci NOT NULL,
  `description` text COLLATE utf8mb4_unicode_ci,
  `category` varchar(50) COLLATE utf8mb4_unicode_ci DEFAULT NULL,
  `url` varchar(255) COLLATE utf8mb4_unicode_ci DEFAULT NULL,
  `portal_image` varchar(255) COLLATE utf8mb4_unicode_ci DEFAULT NULL,
  `is_active` tinyint(1) DEFAULT '1',
  `used_by_type` varchar(50) COLLATE utf8mb4_unicode_ci DEFAULT NULL,
  `used_by_value` text COLLATE utf8mb4_unicode_ci,
  `is_deleted` tinyint(1) DEFAULT '0',
  `deleted_at` timestamp NULL DEFAULT NULL,
  `created_at` timestamp NULL DEFAULT CURRENT_TIMESTAMP,
  `updated_at` timestamp NULL DEFAULT CURRENT_TIMESTAMP ON UPDATE CURRENT_TIMESTAMP,
  PRIMARY KEY (`id`)
) ENGINE=InnoDB DEFAULT CHARSET=utf8mb4 COLLATE=utf8mb4_unicode_ci;

-- Dumping data for table e-connect_db.portal_settings: ~21 rows (approximately)
DELETE FROM `portal_settings`;
INSERT INTO `portal_settings` (`id`, `portal_name`, `description`, `category`, `url`, `portal_image`, `is_active`, `used_by_type`, `used_by_value`, `is_deleted`, `deleted_at`, `created_at`, `updated_at`) VALUES
	(1, 'INFOR LN', 'Enterprise Resource Planning System', 'ERP', 'http://10.4.1.16:8312/webui/servlet/standalone', '/uploads/portal/1770350994888-65770262.png', 1, NULL, NULL, 0, NULL, '2026-02-06 04:09:54', '2026-02-06 04:09:54'),
	(2, 'ANDAL ESS', 'Employee Self Service Portal', 'HR', 'http://10.4.1.8/', '/uploads/portal/1770372200974-542757194.jpeg', 1, 'user', '32', 0, NULL, '2026-02-06 04:11:16', '2026-02-06 10:03:20'),
	(3, 'Booking Kendaraan', 'Vehicle Booking System', 'HR', 'http://10.4.1.116/kendaraan/pagelayout.php', '/uploads/portal/1770373614003-958387024.png', 1, 'department', '15', 0, NULL, '2026-02-06 04:16:49', '2026-02-06 10:26:54'),
	(4, 'Bon Uang Makan', 'Meal & Transportation Allowance', 'HR', 'http://10.4.1.116/bon', '/uploads/portal/1770372494806-493050912.png', 1, NULL, NULL, 0, NULL, '2026-02-06 04:21:17', '2026-02-06 10:09:17'),
	(5, 'Helpdesk MIS', 'MIS Support Ticketing System', 'Support', 'http://10.4.1.116/ticket_mis', '/uploads/portal/1770351887710-180635258.png', 1, NULL, NULL, 0, NULL, '2026-02-06 04:24:47', '2026-02-06 04:24:47'),
	(6, 'Cipta Apps', 'Cipta Group Applications', 'Apps', 'https://apps.theciptagroup.co.id', '/uploads/portal/1770351925937-526528002.png', 1, NULL, NULL, 0, NULL, '2026-02-06 04:25:25', '2026-02-06 04:25:25'),
	(7, 'Schedule Truck', 'Truck Scheduling System', 'Logistic', 'http://10.4.1.116/schedule', '/uploads/portal/1770352001182-910312326.png', 1, NULL, NULL, 0, NULL, '2026-02-06 04:26:41', '2026-02-06 04:26:41'),
	(8, 'Surat Order Kerja', 'Work Order Management', 'Operations', 'http://10.4.1.116/sok/index-user.php', '/uploads/portal/1770352034596-949248148.png', 1, NULL, NULL, 0, NULL, '2026-02-06 04:27:14', '2026-02-06 04:27:14'),
	(9, 'Cek IP Address', 'IP Address Checker', 'Support', 'http://10.4.1.116/ip', '/uploads/portal/1770352078108-879071591.png', 1, NULL, NULL, 0, NULL, '2026-02-06 04:27:58', '2026-02-06 04:27:58'),
	(10, 'Report SQL Server', 'SQL Server Reporting Services', 'Reports', 'http://10.4.1.29:8040/Reports/', '/uploads/portal/1770373669116-334144454.jpg', 1, NULL, NULL, 0, NULL, '2026-02-06 04:28:26', '2026-02-06 10:27:49'),
	(11, 'Kanban Production', 'Production Kanban Board', 'Production', 'http://10.4.1.116/kanbanproduksi/', '/uploads/portal/1770352144474-168134301.png', 1, NULL, NULL, 0, NULL, '2026-02-06 04:29:04', '2026-02-06 04:29:04'),
	(12, 'Kanban PO', 'Purchase Order Kanban', 'Production', 'http://10.4.1.116/kanbanproduksi/kanbansub.php', '/uploads/portal/1770352178404-881890385.png', 1, NULL, NULL, 0, NULL, '2026-02-06 04:29:38', '2026-02-06 04:29:38'),
	(13, 'Label System', 'Administrative Label System', 'Operations', 'http://10.4.1.116/admsystem', '/uploads/portal/1770352213185-65115554.png', 1, NULL, NULL, 0, NULL, '2026-02-06 04:30:13', '2026-02-06 04:30:13'),
	(14, 'Pallet Tracking', 'Pallet Tracking System', 'Warehouse', 'http://10.4.1.3/pallet_tracking', '/uploads/portal/1770352241747-644170920.png', 1, NULL, NULL, 0, NULL, '2026-02-06 04:30:41', '2026-02-06 04:30:41'),
	(15, 'Andon Digital System', 'Production Monitoring System', 'Production', 'http://10.4.1.28', '/uploads/portal/1770352269560-882182996.png', 1, NULL, NULL, 0, NULL, '2026-02-06 04:31:09', '2026-02-06 04:31:09'),
	(16, 'Sales Upload System', 'Sales Data Upload Portal', 'Sales', 'http://10.4.1.116/sales', '/uploads/portal/1770352296228-674122681.jpg', 1, NULL, NULL, 0, NULL, '2026-02-06 04:31:36', '2026-02-06 04:31:36'),
	(17, 'Label QC System', 'Label QC System', 'Operations', 'http://10.4.1.116/labelQC', '/uploads/portal/1770352327833-232400711.png', 1, NULL, NULL, 0, NULL, '2026-02-06 04:32:07', '2026-02-06 04:32:07'),
	(18, 'Helpdesk HRGA', 'HRGA Support Ticketing', 'Support', 'http://10.4.1.116/ticket_hrd', '/uploads/portal/1770352357020-912269770.png', 1, NULL, NULL, 0, NULL, '2026-02-06 04:32:37', '2026-02-06 04:32:37'),
	(19, 'PP CNI', 'PP CNI', 'HR', '/uploads/portal_files/1770352385923-853052262.pdf', '/uploads/portal/1770373572914-468671945.ico', 1, NULL, NULL, 0, NULL, '2026-02-06 04:33:31', '2026-02-06 10:26:12'),
	(20, 'PP CSI', 'PP CSI', 'HR', '/uploads/portal_files/1770352431600-370577499.pdf', '/uploads/portal/1770352448956-134533238.ico', 1, NULL, NULL, 0, NULL, '2026-02-06 04:34:08', '2026-02-06 10:34:44');

-- Dumping structure for table e-connect_db.positions
CREATE TABLE IF NOT EXISTS `positions` (
  `id` bigint unsigned NOT NULL AUTO_INCREMENT,
  `branch_id` bigint unsigned NOT NULL,
  `position_name` varchar(255) CHARACTER SET utf8mb4 COLLATE utf8mb4_unicode_ci NOT NULL,
  `parent_id` bigint unsigned DEFAULT NULL,
  `location` int DEFAULT NULL,
  `created_at` timestamp NULL DEFAULT CURRENT_TIMESTAMP,
  `updated_at` timestamp NULL DEFAULT CURRENT_TIMESTAMP ON UPDATE CURRENT_TIMESTAMP,
  `deleted_at` timestamp NULL DEFAULT NULL,
  PRIMARY KEY (`id`),
  KEY `positions_branch_id_foreign` (`branch_id`),
  KEY `positions_parent_id_foreign` (`parent_id`),
  CONSTRAINT `positions_branch_id_foreign` FOREIGN KEY (`branch_id`) REFERENCES `branches` (`id`) ON DELETE CASCADE,
  CONSTRAINT `positions_parent_id_foreign` FOREIGN KEY (`parent_id`) REFERENCES `positions` (`id`) ON DELETE CASCADE
) ENGINE=InnoDB DEFAULT CHARSET=utf8mb4 COLLATE=utf8mb4_unicode_ci;

-- Dumping data for table e-connect_db.positions: ~124 rows (approximately)
DELETE FROM `positions`;
INSERT INTO `positions` (`id`, `branch_id`, `position_name`, `parent_id`, `location`, `created_at`, `updated_at`, `deleted_at`) VALUES
	(1, 1, 'President Director', NULL, 1, '2024-12-19 05:56:44', '2024-12-19 05:56:44', NULL),
	(2, 1, 'Director', 1, 1, '2024-12-19 05:56:44', '2024-12-19 05:56:44', NULL),
	(3, 1, 'Assistant Div. Head Purchase & WHD', 2, 1, '2024-12-19 05:56:44', '2024-12-19 05:56:44', NULL),
	(4, 1, 'Warehouse & Delivery Asst. Section Head CKG', 3, 1, '2024-12-19 05:56:44', '2024-12-19 05:56:44', NULL),
	(5, 1, 'Warehouse & Delivery Staff CKG Finish Good', 4, 1, '2024-12-19 05:56:44', '2024-12-19 05:56:44', NULL),
	(6, 1, 'Warehouse & Delivery Junior Staff CKG Finish Good', 5, 1, '2024-12-19 05:56:44', '2024-12-19 05:56:44', NULL),
	(7, 1, 'Warehouse & Delivery Component Officer CKG', 3, 2, '2024-12-19 05:56:44', '2024-12-19 05:56:44', NULL),
	(8, 1, 'Warehouse Material & Consumable Junior Officer CKG', 3, 3, '2024-12-19 05:56:44', '2024-12-19 05:56:44', NULL),
	(9, 1, 'Manufacturing Asst. Division Head', 2, 2, '2024-12-19 05:56:44', '2024-12-19 05:56:44', NULL),
	(10, 1, 'Maintenance Officer CKG', 9, 1, '2024-12-19 05:56:44', '2024-12-19 05:56:44', NULL),
	(11, 1, 'Maintenance Officer KIP', 9, 2, '2024-12-19 05:56:44', '2024-12-19 05:56:44', NULL),
	(12, 1, 'Production Section Head', 9, 3, '2024-12-19 05:56:44', '2024-12-19 05:56:44', NULL),
	(13, 1, 'PPIC Asst. Section Head CKG', 2, 3, '2024-12-19 05:56:44', '2024-12-19 05:56:44', NULL),
	(14, 1, 'PPIC Junior Officer KIP', 13, 3, '2024-12-19 05:56:44', '2024-12-19 05:56:44', NULL),
	(15, 1, 'Sales Section Head', 2, 4, '2024-12-19 05:56:44', '2024-12-19 05:56:44', NULL),
	(16, 1, 'Cost Estimator Officer & ATPM Mobil Passenger', 15, 1, '2024-12-19 05:56:44', '2024-12-19 05:56:44', NULL),
	(17, 1, 'Sales Junior Officer', 15, 2, '2024-12-19 05:56:44', '2024-12-19 05:56:44', NULL),
	(18, 1, 'Sales Officer', 15, 3, '2024-12-19 05:56:44', '2024-12-19 05:56:44', NULL),
	(19, 1, 'Technical Division', 2, 5, '2024-12-19 05:56:44', '2024-12-19 05:56:44', NULL),
	(20, 1, 'Management Representative Officer', 19, 3, '2024-12-19 05:56:44', '2024-12-19 05:56:44', NULL),
	(21, 2, 'President Director', NULL, 1, '2024-12-19 05:56:44', '2024-12-19 05:56:44', NULL),
	(22, 2, 'Finance & Accounting Division Head', 21, 1, '2024-12-19 05:56:44', '2024-12-19 05:56:44', NULL),
	(23, 2, 'Accounting Manager', 22, 1, '2024-12-19 05:56:44', '2024-12-19 05:56:44', NULL),
	(24, 2, 'Finance & Accounting Section Head', 23, 1, '2024-12-19 05:56:44', '2024-12-19 05:56:44', NULL),
	(25, 2, 'Finance & Budgeting Section Head', 22, 2, '2024-12-19 05:56:44', '2024-12-19 05:56:44', NULL),
	(26, 2, 'Account Receivable Senior Staff', 24, 1, '2024-12-19 05:56:44', '2024-12-19 05:56:44', NULL),
	(27, 2, 'Finance & Budgeting Senior Supervisor', 25, 1, '2024-12-19 05:56:44', '2024-12-19 05:56:44', NULL),
	(28, 2, 'HRGA Assistant Manager', 130, 1, '2024-12-19 05:56:44', '2026-02-12 09:15:24', NULL),
	(29, 2, 'GA Junior Supervisor', 127, 1, '2024-12-19 05:56:44', '2025-05-04 23:50:55', NULL),
	(30, 2, 'HRD Senior Supervisor', 28, 4, '2024-12-19 05:56:44', '2025-05-04 23:50:46', NULL),
	(31, 2, 'Administrasi HRGA Staff', 30, 1, '2024-12-19 05:56:44', '2024-12-19 05:56:44', NULL),
	(32, 2, 'Internal Audit Section Head', 21, 3, '2024-12-19 05:56:44', '2024-12-19 05:56:44', NULL),
	(33, 2, 'Internal Audit Senior Staff', 32, 1, '2024-12-19 05:56:44', '2024-12-19 05:56:44', NULL),
	(34, 2, 'MIS Manager', 21, 4, '2024-12-19 05:56:44', '2024-12-19 05:56:44', NULL),
	(35, 2, 'MIS Assistant Manager', 34, 1, '2024-12-19 05:56:44', '2024-12-19 05:56:44', NULL),
	(36, 2, 'MIS Senior Staff Programmer', 35, 1, '2024-12-19 05:56:44', '2024-12-19 05:56:44', NULL),
	(37, 2, 'MIS Junior Supervisor Infrastructure', 35, 2, '2024-12-19 05:56:44', '2024-12-19 05:56:44', NULL),
	(38, 2, 'Secretary', 21, 5, '2024-12-19 05:56:44', '2024-12-19 05:56:44', NULL),
	(39, 2, 'GA Operator', 29, 2, '2024-12-19 05:56:44', '2025-04-04 16:49:48', NULL),
	(40, 2, 'Cost Accounting Section Head', 23, 1, '2024-12-19 05:56:44', '2024-12-19 05:56:44', NULL),
	(41, 2, 'Treasury Senior Staff', 27, 1, '2024-12-19 05:56:44', '2024-12-19 05:56:44', NULL),
	(42, 1, 'Warehouse & Delivery Staff CKG Material & Component', 7, 1, '2024-12-19 05:56:44', '2024-12-19 05:56:44', NULL),
	(43, 1, 'Warehouse & Delivery (Material & Component) Staff', 8, 1, '2024-12-19 05:56:44', '2024-12-19 05:56:44', NULL),
	(44, 1, 'Warehouse Leader CKG Material & Component', 43, 1, '2024-12-19 05:56:44', '2024-12-19 05:56:44', NULL),
	(45, 1, 'Warehouse & Delivery Officer KIP', 3, 4, '2024-12-19 05:56:44', '2024-12-26 04:56:24', NULL),
	(46, 1, 'Warehouse & Delivery Junior Staff KIP', 45, 1, '2024-12-19 05:56:44', '2024-12-19 05:56:44', NULL),
	(47, 1, 'Warehouse Leader KIP', 46, 1, '2024-12-19 05:56:44', '2024-12-19 05:56:44', NULL),
	(48, 1, 'Warehouse Operator CKG Finish Good', 6, 1, '2024-12-19 05:56:44', '2024-12-19 05:56:44', NULL),
	(49, 1, 'Warehouse & Delivery Operator CKG Material & Component', 42, 1, '2024-12-19 05:56:44', '2024-12-19 05:56:44', NULL),
	(50, 1, 'Warehouse Operator HL KIP', 47, 1, '2024-12-19 05:56:44', '2024-12-19 05:56:44', NULL),
	(51, 1, 'Sales Staff', 15, 4, '2024-12-19 05:56:44', '2024-12-19 05:56:44', NULL),
	(52, 1, 'PPIC Officer CKG', 13, 2, '2024-12-19 05:56:44', '2024-12-19 05:56:44', NULL),
	(53, 1, 'PPIC Material Control Senior Officer', 13, 1, '2024-12-19 05:56:44', '2024-12-19 05:56:44', NULL),
	(54, 1, 'PPIC Material Planner Staff CKG', 53, 1, '2024-12-19 05:56:44', '2024-12-19 05:56:44', NULL),
	(55, 1, 'PPIC Material Planner Junior Staff CKG', 53, 2, '2024-12-19 05:56:44', '2024-12-19 05:56:44', NULL),
	(56, 1, 'PPC Subcont Delivery Control Junior Staff KIP', 14, 1, '2024-12-19 05:56:44', '2025-05-04 23:48:57', NULL),
	(57, 1, 'Production Senior Officer CKG', 12, 3, '2024-12-19 05:56:44', '2024-12-19 05:56:44', NULL),
	(58, 1, 'Production Junior Officer', 12, 1, '2024-12-19 05:56:44', '2024-12-19 05:56:44', NULL),
	(59, 1, 'Production Officer KIP', 12, 2, '2024-12-19 05:56:44', '2024-12-19 05:56:44', NULL),
	(60, 1, 'Engineering Section Head', 19, 1, '2024-12-19 05:56:44', '2024-12-19 05:56:44', NULL),
	(61, 1, 'Workshop Advisor', 19, 5, '2024-12-19 05:56:44', '2024-12-19 05:56:44', NULL),
	(62, 1, 'Engineering Component Specialist Asst. Section Head', 60, 4, '2024-12-19 05:56:44', '2025-04-04 20:18:49', NULL),
	(63, 1, 'Engineering Project Coordinator Senior Engineer', 60, 5, '2024-12-19 05:56:44', '2025-04-04 20:18:49', NULL),
	(64, 1, 'Engineering Assy Specialist Asst. Section Head', 60, 3, '2024-12-19 05:56:44', '2025-04-04 20:18:49', NULL),
	(65, 1, 'Engineering Advisor', 60, 1, '2024-12-19 05:56:44', '2024-12-19 05:56:44', NULL),
	(66, 1, 'QC & QA Asst. Section Head CKG', 19, 4, '2024-12-19 05:56:44', '2024-12-19 05:56:44', NULL),
	(67, 1, 'QC Junior Officer KIP', 66, 2, '2024-12-19 05:56:44', '2024-12-19 05:56:44', NULL),
	(68, 1, 'QC Officer CKG', 66, 3, '2024-12-19 05:56:44', '2024-12-19 05:56:44', NULL),
	(69, 1, 'QA Junior Officer', 66, 1, '2024-12-19 05:56:44', '2024-12-19 05:56:44', NULL),
	(70, 1, 'HSE Senior Officer', 19, 2, '2024-12-19 05:56:44', '2024-12-19 05:56:44', NULL),
	(71, 1, 'Warehouse Operator HL CKG Material & Component', 44, 1, '2024-12-19 05:56:44', '2024-12-19 05:56:44', NULL),
	(72, 1, 'Purchasing Section Head', 3, 1, '2024-12-19 05:56:44', '2024-12-19 05:56:44', NULL),
	(74, 1, 'Purchasing Officer (New Project Controller & Material Local Handling)', 72, 1, '2024-12-19 05:56:44', '2024-12-19 05:56:44', NULL),
	(75, 1, 'Purchasing Staff', 72, 1, '2024-12-19 05:56:44', '2024-12-19 05:56:44', NULL),
	(76, 1, 'Purchasing Officer (Supplier Development)', 72, 1, '2024-12-19 05:56:44', '2024-12-19 05:56:44', NULL),
	(77, 1, 'Purchasing Operation Junior Staff ', 72, 1, '2024-12-19 05:56:44', '2024-12-19 05:56:44', NULL),
	(78, 2, 'Driver', 21, 6, '2024-12-19 05:56:44', '2024-12-19 05:56:44', NULL),
	(80, 1, 'Maintenance Staff KIP', 11, 1, '2024-12-19 05:56:44', '2024-12-19 05:56:44', NULL),
	(81, 1, 'Maintenance Staff CKG', 10, 1, '2024-12-19 05:56:44', '2024-12-19 05:56:44', NULL),
	(82, 1, 'Maintenance Operator CKG', 81, 1, '2024-12-19 05:56:44', '2024-12-19 05:56:44', NULL),
	(83, 1, 'Maintenance Operator KIP', 80, 1, '2024-12-19 05:56:44', '2024-12-19 05:56:44', NULL),
	(84, 1, 'QC Leader KIP', 67, 1, '2024-12-19 05:56:44', '2024-12-19 05:56:44', NULL),
	(85, 1, 'QC Leader CKG', 68, 1, '2024-12-19 05:56:44', '2024-12-19 05:56:44', NULL),
	(86, 1, 'QC Operator CKG', 85, 1, '2024-12-19 05:56:44', '2024-12-19 05:56:44', NULL),
	(87, 1, 'QC Operator KIP', 84, 1, '2024-12-19 05:56:44', '2024-12-19 05:56:44', NULL),
	(88, 1, 'Engineering Bending Staff', 60, 2, '2024-12-19 05:56:44', '2025-04-04 20:18:49', NULL),
	(89, 2, 'GA Operator HL', 29, 4, '2024-12-19 05:56:44', '2025-04-04 16:49:48', NULL),
	(90, 1, 'Maintenance Junior Staff CKG', 10, 2, '2024-12-19 05:56:44', '2024-12-19 05:56:44', NULL),
	(91, 1, 'QC Operator HL CKG', 85, 3, '2024-12-19 05:56:44', '2024-12-19 05:56:44', NULL),
	(92, 1, 'QC Operator HL KIP', 84, 3, '2024-12-19 05:56:44', '2024-12-19 05:56:44', NULL),
	(93, 1, 'QC Admin Operator HL KIP', 84, 2, '2024-12-19 05:56:44', '2024-12-19 05:56:44', NULL),
	(94, 1, 'QC Admin Operator HL CKG', 85, 2, '2024-12-19 05:56:44', '2024-12-19 05:56:44', NULL),
	(95, 1, 'QA Staff CKG', 69, 1, '2024-12-19 05:56:44', '2024-12-19 05:56:44', NULL),
	(96, 1, 'Workshop Officer', 62, 2, '2024-12-19 05:56:44', '2024-12-19 05:56:44', NULL),
	(97, 1, 'Workshop Senior Staff KIP', 96, 1, '2024-12-19 05:56:44', '2024-12-19 05:56:44', NULL),
	(98, 1, 'Workshop Admin Operator KIP', 97, 1, '2024-12-19 05:56:44', '2024-12-19 05:56:44', NULL),
	(99, 1, 'Workshop Assy Pallet Operator KIP', 97, 2, '2024-12-19 05:56:44', '2024-12-19 05:56:44', NULL),
	(100, 1, 'Workshop Operator KIP', 97, 3, '2024-12-19 05:56:44', '2024-12-19 05:56:44', NULL),
	(101, 1, 'Workshop Operator HL KIP', 97, 4, '2024-12-19 05:56:44', '2024-12-19 05:56:44', NULL),
	(102, 1, 'Warehouse & Delivery Operator KIP', 47, 1, '2024-12-19 05:56:44', '2024-12-19 05:56:44', NULL),
	(103, 1, 'Engineering Designer Junior Officer', 62, 1, '2024-12-19 05:56:44', '2024-12-19 05:56:44', NULL),
	(104, 1, 'Engineering Design TDJ & Pallet Staff', 60, 6, '2024-12-19 05:56:44', '2025-04-04 20:18:49', NULL),
	(105, 1, 'Engineering Kaizen Senior Staff', 60, 7, '2024-12-19 05:56:44', '2025-04-04 20:18:50', NULL),
	(106, 1, 'Engineering Technical Support Staff', 60, 8, '2024-12-19 05:56:44', '2025-04-04 20:18:50', NULL),
	(107, 1, 'Engineering Technical Support Junior Staff', 60, 10, '2024-12-19 05:56:44', '2025-04-04 20:18:50', NULL),
	(108, 1, 'Production Admin Staff KIP', 59, 1, '2024-12-19 05:56:44', '2024-12-19 05:56:44', NULL),
	(109, 1, 'Production Tooling Staff', 12, 4, '2024-12-19 05:56:44', '2024-12-19 05:56:44', NULL),
	(110, 1, 'Production Admin Senior Staff CKG', 57, 1, '2024-12-19 05:56:44', '2024-12-19 05:56:44', NULL),
	(112, 1, 'Production Junior Staff', 12, 5, '2024-12-19 05:56:44', '2024-12-19 05:56:44', NULL),
	(113, 1, 'Production Leader CKG', 57, 2, '2024-12-19 05:56:44', '2024-12-19 05:56:44', NULL),
	(114, 1, 'Production Tooling Management Leader CKG', 57, 3, '2024-12-19 05:56:44', '2024-12-19 05:56:44', NULL),
	(115, 1, 'Production Operator CKG', 113, 1, '2024-12-19 05:56:44', '2024-12-19 05:56:44', NULL),
	(116, 1, 'Production Operator HL CKG', 113, 2, '2024-12-19 05:56:44', '2024-12-19 05:56:44', NULL),
	(117, 1, 'Production Leader KIP', 59, 2, '2024-12-19 05:56:44', '2024-12-19 05:56:44', NULL),
	(118, 1, 'Production Operator KIP', 117, 1, '2024-12-19 05:56:44', '2024-12-19 05:56:44', NULL),
	(119, 1, 'Production Operator HL KIP', 117, 2, '2024-12-19 05:56:44', '2024-12-19 05:56:44', NULL),
	(120, 1, 'Production Tooling MGT Senior Operator KIP', 59, 3, '2024-12-19 05:56:44', '2024-12-19 05:56:44', NULL),
	(121, 1, 'Warehouse & Delivery Operator Driver Forklift CKG', 42, 1, '2024-12-19 05:56:44', '2024-12-19 05:56:44', NULL),
	(122, 1, 'Warehouse Operator HL CKG Finish Good', 6, 2, '2024-12-19 05:56:44', '2024-12-19 05:56:44', NULL),
	(123, 2, 'Internal Audit Staff', 32, 2, '2025-04-04 16:40:42', '2025-04-04 16:40:52', NULL),
	(124, 2, 'GA Staff', 29, 1, '2025-04-04 16:49:35', '2025-04-04 16:49:48', NULL),
	(125, 1, 'Process Engineering Officer', 60, 9, '2025-04-04 20:18:20', '2025-04-04 20:18:49', NULL),
	(126, 2, 'Treasury Junior Staff', 27, 2, '2025-05-04 23:20:03', '2025-05-04 23:20:20', NULL),
	(127, 2, 'GA Section Head', 28, 1, '2025-05-04 23:50:36', '2025-05-04 23:50:46', NULL),
	(128, 1, 'Security Secom', 131, NULL, '2026-02-12 09:03:21', '2026-02-12 09:17:37', NULL),
	(129, 1, 'Security Mardizu', 131, NULL, '2026-02-12 09:03:35', '2026-02-12 09:17:33', NULL),
	(130, 2, 'HRGA Manager', 21, NULL, '2026-02-12 09:05:12', '2026-02-12 09:12:53', NULL),
	(131, 1, 'HRGA Manager', 2, NULL, '2026-02-12 09:17:05', '2026-02-12 09:17:05', NULL),
	(132, 1, 'Maintenance Senior Staff CKG', 10, NULL, '2026-02-18 03:44:06', '2026-02-18 03:44:06', NULL),
	(133, 1, 'Maintenance Senior Staff KIP', 11, NULL, '2026-02-18 03:45:10', '2026-02-18 03:45:10', NULL),
	(134, 1, 'Purchasing Operation Junior Staff', 72, NULL, '2026-02-18 03:46:15', '2026-02-18 03:46:15', NULL),
	(135, 1, 'Production Officer CKG', 12, NULL, '2026-02-18 03:47:29', '2026-02-18 03:47:29', NULL);

-- Dumping structure for view e-connect_db.testing_view
-- Creating temporary table to overcome VIEW dependency errors
CREATE TABLE `testing_view` (
	`id` INT(10) NOT NULL,
	`user_id` CHAR(36) NULL COLLATE 'utf8mb4_unicode_ci',
	`full_name` VARCHAR(255) NOT NULL COLLATE 'utf8mb4_unicode_ci',
	`picture` VARCHAR(255) NULL COLLATE 'utf8mb4_unicode_ci',
	`nik` VARCHAR(255) NOT NULL COLLATE 'utf8mb4_unicode_ci',
	`barcode` VARCHAR(255) NOT NULL COLLATE 'utf8mb4_unicode_ci',
	`branch_id` BIGINT(20) UNSIGNED NOT NULL,
	`department_id` VARCHAR(255) NULL COLLATE 'utf8mb4_unicode_ci',
	`position_id` VARCHAR(255) NULL COLLATE 'utf8mb4_unicode_ci',
	`location_id` VARCHAR(255) NULL COLLATE 'utf8mb4_unicode_ci',
	`employee_shift_id` VARCHAR(255) NULL COLLATE 'utf8mb4_unicode_ci',
	`title_id` VARCHAR(255) NULL COLLATE 'utf8mb4_unicode_ci',
	`employee_status` ENUM('Contract','Intern','Permanent','Probationary','Resign','Terminated','Temporary') NULL COLLATE 'utf8mb4_unicode_ci',
	`contract_count` INT(10) NOT NULL,
	`join_date` DATE NULL,
	`effective_date` DATE NULL,
	`end_effective_date` DATE NULL,
	`resign_date_rehire` DATE NULL,
	`religion` ENUM('Buddhist','Catholic','Christian','Hindu','Moslem') NULL COLLATE 'utf8mb4_unicode_ci',
	`gender` ENUM('Female','Male') NOT NULL COLLATE 'utf8mb4_unicode_ci',
	`marital_status` ENUM('Divorced','Married','Single','Widow','Widower') NOT NULL COLLATE 'utf8mb4_unicode_ci',
	`place_of_birth` VARCHAR(255) NULL COLLATE 'utf8mb4_unicode_ci',
	`date_of_birth` DATE NULL,
	`address` TEXT NULL COLLATE 'utf8mb4_unicode_ci',
	`phone` VARCHAR(255) NULL COLLATE 'utf8mb4_unicode_ci',
	`office_email` VARCHAR(255) NULL COLLATE 'utf8mb4_unicode_ci',
	`personal_email` VARCHAR(255) NULL COLLATE 'utf8mb4_unicode_ci',
	`npwp` VARCHAR(255) NULL COLLATE 'utf8mb4_unicode_ci',
	`bpjs_tk` VARCHAR(255) NULL COLLATE 'utf8mb4_unicode_ci',
	`bpjs_health` VARCHAR(255) NULL COLLATE 'utf8mb4_unicode_ci',
	`ktp_number` VARCHAR(255) NULL COLLATE 'utf8mb4_unicode_ci',
	`rfid_number` VARCHAR(255) NULL COLLATE 'utf8mb4_unicode_ci',
	`created_at` TIMESTAMP NULL,
	`updated_at` TIMESTAMP NULL,
	`deleted_at` TIMESTAMP NULL,
	`is_deleted` INT(10) NULL,
	`department_name` VARCHAR(255) NULL COLLATE 'utf8mb4_unicode_ci',
	`position_name` VARCHAR(255) NULL COLLATE 'utf8mb4_unicode_ci',
	`title_name` VARCHAR(255) NULL COLLATE 'utf8mb4_unicode_ci',
	`branch_name` VARCHAR(255) NULL COLLATE 'utf8mb4_unicode_ci'
) ENGINE=MyISAM;

-- Dumping structure for table e-connect_db.titles
CREATE TABLE IF NOT EXISTS `titles` (
  `id` bigint unsigned NOT NULL AUTO_INCREMENT,
  `title_name` varchar(255) CHARACTER SET utf8mb4 COLLATE utf8mb4_unicode_ci NOT NULL,
  `title_level` varchar(255) CHARACTER SET utf8mb4 COLLATE utf8mb4_unicode_ci NOT NULL,
  `created_at` timestamp NULL DEFAULT CURRENT_TIMESTAMP,
  `updated_at` timestamp NULL DEFAULT CURRENT_TIMESTAMP ON UPDATE CURRENT_TIMESTAMP,
  `deleted_at` timestamp NULL DEFAULT NULL,
  PRIMARY KEY (`id`),
  UNIQUE KEY `titles_title_name_unique` (`title_name`)
) ENGINE=InnoDB DEFAULT CHARSET=utf8mb4 COLLATE=utf8mb4_unicode_ci;

-- Dumping data for table e-connect_db.titles: ~26 rows (approximately)
DELETE FROM `titles`;
INSERT INTO `titles` (`id`, `title_name`, `title_level`, `created_at`, `updated_at`, `deleted_at`) VALUES
	(1, 'President Director', '1', '2024-12-19 12:56:46', '2024-12-19 12:56:46', NULL),
	(2, 'Director', '2', '2024-12-19 12:56:46', '2024-12-19 12:56:46', NULL),
	(3, 'Division Manager', '3', '2024-12-19 12:56:46', '2024-12-19 12:56:46', NULL),
	(4, 'Assistant Division', '3', '2024-12-19 12:56:46', '2024-12-19 12:56:46', NULL),
	(5, 'Senior Section Head', '4', '2024-12-19 12:56:46', '2024-12-19 12:56:46', NULL),
	(6, 'Section Head', '4', '2024-12-19 12:56:46', '2024-12-19 12:56:46', NULL),
	(7, 'Assisstant Section Head', '4', '2024-12-19 12:56:46', '2024-12-19 12:56:46', NULL),
	(8, 'Manager', '4', '2024-12-19 12:56:46', '2024-12-19 12:56:46', NULL),
	(9, 'Assistant Manager', '4', '2024-12-19 12:56:46', '2024-12-19 12:56:46', NULL),
	(10, 'Senior Supervisor', '5', '2024-12-19 12:56:46', '2024-12-19 12:56:46', NULL),
	(11, 'Senior Officer / Engineer', '5', '2024-12-19 12:56:46', '2024-12-19 12:56:46', NULL),
	(12, 'Supervisor', '6', '2024-12-19 12:56:47', '2024-12-19 12:56:47', NULL),
	(13, 'Officer / Engineer', '6', '2024-12-19 12:56:47', '2024-12-19 12:56:47', NULL),
	(14, 'Secretary', '6', '2024-12-19 12:56:47', '2024-12-19 12:56:47', NULL),
	(15, 'Interpreter', '6', '2024-12-19 12:56:47', '2024-12-19 12:56:47', NULL),
	(16, 'Junior Supervisor', '7', '2024-12-19 12:56:47', '2024-12-19 12:56:47', NULL),
	(17, 'Junior Officer / Engineer', '7', '2024-12-19 12:56:47', '2024-12-19 12:56:47', NULL),
	(18, 'Senior Staff', '8', '2024-12-19 12:56:47', '2024-12-19 12:56:47', NULL),
	(19, 'Leader', '8', '2024-12-19 12:56:47', '2024-12-19 12:56:47', NULL),
	(20, 'Junior Staff', '8', '2024-12-19 12:56:47', '2024-12-19 12:56:47', NULL),
	(21, 'Staff', '9', '2024-12-19 12:56:47', '2024-12-19 12:56:47', NULL),
	(22, 'Senior Operator', '9', '2024-12-19 12:56:47', '2024-12-19 12:56:47', NULL),
	(23, 'Operator', '10', '2024-12-19 12:56:47', '2024-12-19 12:56:47', NULL),
	(24, 'Operator HL', '10', '2024-12-19 12:56:47', '2024-12-19 12:56:47', NULL),
	(25, 'Admin', '10', '2024-12-19 12:56:47', '2024-12-19 12:56:47', NULL),
	(26, 'Driver', '10', '2024-12-19 12:56:47', '2024-12-19 12:56:47', NULL),
	(27, 'Security', '8', '2026-02-12 09:58:44', '2026-02-12 09:58:44', NULL);

-- Dumping structure for table e-connect_db.trucks
CREATE TABLE IF NOT EXISTS `trucks` (
  `id` int NOT NULL AUTO_INCREMENT,
  `license_plate` varchar(50) CHARACTER SET utf8mb4 COLLATE utf8mb4_unicode_ci DEFAULT NULL,
  `driver_name` varchar(100) CHARACTER SET utf8mb4 COLLATE utf8mb4_unicode_ci DEFAULT NULL,
  `driver_phone` varchar(20) CHARACTER SET utf8mb4 COLLATE utf8mb4_unicode_ci DEFAULT NULL,
  `driver_license` varchar(50) CHARACTER SET utf8mb4 COLLATE utf8mb4_unicode_ci DEFAULT NULL,
  `truck_asal` varchar(255) CHARACTER SET utf8mb4 COLLATE utf8mb4_unicode_ci DEFAULT NULL,
  `destination` varchar(255) CHARACTER SET utf8mb4 COLLATE utf8mb4_unicode_ci NOT NULL,
  `document_number` varchar(100) CHARACTER SET utf8mb4 COLLATE utf8mb4_unicode_ci DEFAULT NULL,
  `cargo_type` varchar(100) CHARACTER SET utf8mb4 COLLATE utf8mb4_unicode_ci DEFAULT NULL,
  `cargo_weight` decimal(10,2) DEFAULT NULL,
  `status` enum('scheduled','checked_in','loading','loaded','checked_out','cancelled') CHARACTER SET utf8mb4 COLLATE utf8mb4_unicode_ci NOT NULL DEFAULT 'scheduled',
  `priority` enum('low','normal','high','urgent') CHARACTER SET utf8mb4 COLLATE utf8mb4_unicode_ci NOT NULL DEFAULT 'normal',
  `scheduled_time` datetime NOT NULL,
  `check_in_time` datetime DEFAULT NULL,
  `loading_start_time` datetime DEFAULT NULL,
  `loading_end_time` datetime DEFAULT NULL,
  `check_out_time` datetime DEFAULT NULL,
  `duration_minutes` int DEFAULT NULL,
  `truck_photos` text CHARACTER SET utf8mb4 COLLATE utf8mb4_unicode_ci COMMENT 'JSON array of truck photo paths',
  `document_photos` text CHARACTER SET utf8mb4 COLLATE utf8mb4_unicode_ci COMMENT 'JSON array of document photo paths',
  `other_photos` text CHARACTER SET utf8mb4 COLLATE utf8mb4_unicode_ci COMMENT 'JSON array of other photo paths',
  `photo_path` text CHARACTER SET utf8mb4 COLLATE utf8mb4_unicode_ci,
  `notes` text CHARACTER SET utf8mb4 COLLATE utf8mb4_unicode_ci,
  `special_instructions` text CHARACTER SET utf8mb4 COLLATE utf8mb4_unicode_ci,
  `dock_number` varchar(20) CHARACTER SET utf8mb4 COLLATE utf8mb4_unicode_ci DEFAULT NULL,
  `estimated_duration` int DEFAULT '40' COMMENT 'Estimated duration in minutes',
  `created_by` int DEFAULT NULL,
  `updated_by` int DEFAULT NULL,
  `created_at` timestamp NULL DEFAULT CURRENT_TIMESTAMP,
  `updated_at` timestamp NULL DEFAULT CURRENT_TIMESTAMP ON UPDATE CURRENT_TIMESTAMP,
  `is_deleted` int NOT NULL DEFAULT '0',
  `deleted_at` varchar(50) CHARACTER SET utf8mb4 COLLATE utf8mb4_unicode_ci DEFAULT NULL,
  `cancelled_time` datetime DEFAULT NULL,
  `cancellation_reason` varchar(50) CHARACTER SET utf8mb4 COLLATE utf8mb4_unicode_ci DEFAULT NULL,
  `document_number_out` varchar(100) COLLATE utf8mb4_unicode_ci DEFAULT NULL,
  `truck_photos_out` text COLLATE utf8mb4_unicode_ci,
  `document_photos_out` text COLLATE utf8mb4_unicode_ci,
  `other_photos_out` text COLLATE utf8mb4_unicode_ci,
  `notes_out` text COLLATE utf8mb4_unicode_ci,
  PRIMARY KEY (`id`),
  KEY `idx_license_plate` (`license_plate`),
  KEY `idx_driver_name` (`driver_name`),
  KEY `idx_status` (`status`),
  KEY `idx_priority` (`priority`),
  KEY `idx_scheduled_time` (`scheduled_time`),
  KEY `idx_check_in_time` (`check_in_time`),
  KEY `idx_created_at` (`created_at`),
  KEY `idx_destination` (`destination`),
  KEY `idx_dock_number` (`dock_number`),
  KEY `created_by` (`created_by`),
  KEY `updated_by` (`updated_by`),
  CONSTRAINT `trucks_ibfk_1` FOREIGN KEY (`created_by`) REFERENCES `users` (`id`) ON DELETE SET NULL,
  CONSTRAINT `trucks_ibfk_2` FOREIGN KEY (`updated_by`) REFERENCES `users` (`id`) ON DELETE SET NULL
) ENGINE=InnoDB DEFAULT CHARSET=utf8mb4 COLLATE=utf8mb4_unicode_ci;

-- Dumping data for table e-connect_db.trucks: ~105 rows (approximately)
DELETE FROM `trucks`;
INSERT INTO `trucks` (`id`, `license_plate`, `driver_name`, `driver_phone`, `driver_license`, `truck_asal`, `destination`, `document_number`, `cargo_type`, `cargo_weight`, `status`, `priority`, `scheduled_time`, `check_in_time`, `loading_start_time`, `loading_end_time`, `check_out_time`, `duration_minutes`, `truck_photos`, `document_photos`, `other_photos`, `photo_path`, `notes`, `special_instructions`, `dock_number`, `estimated_duration`, `created_by`, `updated_by`, `created_at`, `updated_at`, `is_deleted`, `deleted_at`, `cancelled_time`, `cancellation_reason`, `document_number_out`, `truck_photos_out`, `document_photos_out`, `other_photos_out`, `notes_out`) VALUES
	(63, NULL, NULL, NULL, NULL, 'JAKARTA', 'Loading Dock 1', NULL, NULL, NULL, 'scheduled', 'normal', '2025-10-01 13:42:00', NULL, NULL, NULL, NULL, NULL, NULL, NULL, NULL, NULL, NULL, NULL, NULL, 60, NULL, NULL, '2025-10-29 06:42:30', '2025-10-30 06:12:55', 1, '2025-10-30 13:12:55', NULL, NULL, NULL, NULL, NULL, NULL, NULL),
	(64, 'B 1266 UZLA', 'Damar', '+62-823-121212169', 'SIM-A-23450169', 'BANDUNG', 'Loading Dock 2', NULL, 'Automotive', 1500.00, 'checked_out', 'normal', '2025-10-02 13:43:00', '2025-10-30 13:17:56', '2025-10-30 13:17:58', '2025-10-30 13:33:08', '2025-10-30 13:44:16', 15, NULL, NULL, NULL, NULL, NULL, NULL, NULL, 60, NULL, 1, '2025-10-29 06:43:33', '2025-10-30 06:44:16', 0, NULL, NULL, NULL, NULL, NULL, NULL, NULL, NULL),
	(65, 'B 1266 UZLA', 'CAHAYA REMBULANX', '+62-823-121212169', 'SIM-A-23450169', 'YOGYA', 'Loading Dock 3', 'CAHAYA DOCUMENT', 'Automotive', 1500.00, 'checked_out', 'normal', '2025-10-07 13:44:00', '2025-10-30 13:05:08', '2025-10-30 13:05:30', '2025-10-30 13:14:31', '2025-10-30 13:14:32', 9, NULL, NULL, NULL, NULL, 'CAHAYA MENGAMBIL BARANG', NULL, NULL, 60, NULL, 1, '2025-10-29 06:44:40', '2025-10-30 06:14:32', 0, NULL, NULL, NULL, NULL, NULL, NULL, NULL, NULL),
	(66, 'B 1266 UZLA', 'CAHAYA REMBULANX', '+62-823-121212169', 'SIM-A-23450169', 'SOLO', 'Loading Dock 4', NULL, 'Automotive', 1500.00, 'checked_out', 'normal', '2025-10-04 13:44:00', '2025-10-29 14:17:48', '2025-10-29 14:17:59', '2025-10-29 15:22:30', '2025-10-29 15:22:37', 65, NULL, NULL, NULL, NULL, NULL, NULL, NULL, 60, NULL, 1, '2025-10-29 06:44:49', '2025-10-29 08:22:37', 0, NULL, NULL, NULL, NULL, NULL, NULL, NULL, NULL),
	(67, 'B 6202 UFB', 'TONI-A', '+62-823-1212121', 'SIM-A-23450169', 'BANDUNG', 'Loading Dock 6', NULL, 'Automotive', 1500.00, 'checked_out', 'normal', '2025-10-05 13:46:00', '2025-10-29 14:12:33', '2025-10-29 14:12:44', '2025-10-29 14:17:12', '2025-10-29 14:17:17', 4, NULL, NULL, NULL, NULL, 'PENGAMBILAN SAMPLE BARANG', NULL, NULL, 60, 1, NULL, '2025-10-29 06:46:27', '2025-10-29 07:17:17', 0, NULL, NULL, NULL, NULL, NULL, NULL, NULL, NULL),
	(68, 'B 1266 UZLA', 'CAHAYA REMBULANX', '+62-823-121212169', 'SIM-A-23450169', 'JEMBER', 'Loading Dock 7', 'DOC001/01/01', 'Automotive', 1500.00, 'checked_out', 'normal', '2025-10-07 13:46:00', '2025-10-29 14:11:06', '2025-10-29 14:11:17', '2025-10-29 14:16:29', '2025-10-29 14:17:16', 5, '["/uploads/2025-10-07/JEMBER/B-1266-UZLA/truck_photos/Screenshot-2025-10-09-142741-1761721866266-773443685.jpg"]', '["/uploads/2025-10-07/JEMBER/B-1266-UZLA/document_photos/a-1761721866335-155840643.png"]', '["/uploads/2025-10-07/JEMBER/B-1266-UZLA/other_photos/WhatsApp-Image-2025-06-02-at-15.15.36_11fd8090-1761721866372-372846692.jpg"]', '{"truck_photos":["/uploads/2025-10-07/JEMBER/B-1266-UZLA/truck_photos/Screenshot-2025-10-09-142741-1761721866266-773443685.jpg"],"document_photos":["/uploads/2025-10-07/JEMBER/B-1266-UZLA/document_photos/a-1761721866335-155840643.png"],"other_photos":["/uploads/2025-10-07/JEMBER/B-1266-UZLA/other_photos/WhatsApp-Image-2025-06-02-at-15.15.36_11fd8090-1761721866372-372846692.jpg"],"sim":["/uploads/2025-10-07/JEMBER/B-1266-UZLA/sim/WhatsApp-Image-2025-06-02-at-15.15.36_11fd8090-1761721866434-897186233.jpg"]}', NULL, NULL, NULL, 60, 1, NULL, '2025-10-29 06:46:58', '2025-10-29 07:17:16', 0, NULL, NULL, NULL, NULL, NULL, NULL, NULL, NULL),
	(69, 'B 1266 UZLA', 'Damar', '+62-823-121212169', 'SIM-A-23450169', 'BANDUNG', 'Loading Dock 3', NULL, 'Automotive', 1500.00, 'checked_out', 'normal', '2025-10-12 13:19:00', '2025-10-30 13:19:58', '2025-10-30 13:19:59', '2025-10-30 13:44:21', '2025-10-30 13:44:23', 24, NULL, NULL, NULL, NULL, NULL, NULL, NULL, 60, 1, NULL, '2025-10-30 06:19:54', '2025-10-30 06:44:23', 0, NULL, NULL, NULL, NULL, NULL, NULL, NULL, NULL),
	(70, 'B 1266 UZLA', 'Damar', '+62-823-121212169', 'SIM-A-23450169', 'BANDUNG', 'Loading Dock 5', NULL, 'Automotive', 1500.00, 'checked_out', 'normal', '2025-10-09 13:24:00', '2025-10-30 13:25:25', '2025-10-30 13:25:26', '2025-10-30 13:34:58', '2025-10-30 13:35:27', 10, NULL, NULL, NULL, NULL, NULL, NULL, NULL, 5, 1, NULL, '2025-10-30 06:24:49', '2025-10-30 06:35:27', 0, NULL, NULL, NULL, NULL, NULL, NULL, NULL, NULL),
	(71, 'B 6202 UFB', 'Damar', '+62-823-121212169', 'SIM-A-23450169', 'BANDUNG', 'Loading Dock 4', NULL, 'Automotive', 1500.00, 'checked_out', 'normal', '2025-10-09 13:36:00', '2025-10-30 13:36:33', '2025-10-30 13:36:51', '2025-10-30 13:43:40', '2025-10-30 13:43:45', 7, NULL, NULL, NULL, NULL, NULL, NULL, NULL, 5, 1, NULL, '2025-10-30 06:36:30', '2025-10-30 06:43:45', 0, NULL, NULL, NULL, NULL, NULL, NULL, NULL, NULL),
	(72, 'B 1266 UZLA', 'Damar', '+62-823-121212169', 'SIM-A-23450169', 'BANDUNG', 'Loading Dock 10', NULL, 'Automotive', 1500.00, 'checked_out', 'normal', '2025-10-12 13:44:00', '2025-10-30 13:44:54', '2025-10-30 13:44:55', '2025-10-30 13:51:14', '2025-10-30 13:51:16', 6, NULL, NULL, NULL, NULL, NULL, NULL, NULL, 5, 1, NULL, '2025-10-30 06:44:51', '2025-10-30 06:51:16', 0, NULL, NULL, NULL, NULL, NULL, NULL, NULL, NULL),
	(73, 'B 1266 UZLA', 'Damar', '+62-823-121212169', 'SIM-A-23450169', 'BANDUNG', 'Loading Dock 3', NULL, 'Automotive', 1500.00, 'checked_out', 'normal', '2025-10-14 13:51:00', '2025-10-30 13:52:08', '2025-10-30 13:52:10', '2025-10-30 14:08:43', '2025-10-30 14:08:47', 17, NULL, NULL, NULL, NULL, NULL, NULL, NULL, 5, 1, NULL, '2025-10-30 06:52:00', '2025-10-30 07:08:47', 0, NULL, NULL, NULL, NULL, NULL, NULL, NULL, NULL),
	(74, 'B 1266 UZLA', 'Damar', '+62-823-121212169', 'SIM-A-23450169', 'BANDUNG', 'Loading Dock 6', NULL, 'Automotive', 1500.00, 'checked_out', 'normal', '2025-10-15 14:03:00', '2025-10-30 14:03:16', '2025-10-30 14:03:17', '2025-10-30 14:08:40', '2025-10-30 14:08:41', 5, NULL, NULL, NULL, NULL, NULL, NULL, NULL, 60, 1, NULL, '2025-10-30 07:03:14', '2025-10-30 07:08:41', 0, NULL, NULL, NULL, NULL, NULL, NULL, NULL, NULL),
	(75, 'B 9999 EFGH', 'Damar', '+62-823-121212169', 'SIM-A-23450169', 'BANDUNG', 'Loading Dock 7', NULL, 'Automotive', 1500.00, 'checked_out', 'normal', '2025-10-09 14:03:00', '2025-10-30 14:03:51', '2025-10-30 14:03:53', '2025-10-30 14:08:23', '2025-10-30 14:08:41', 5, NULL, NULL, NULL, NULL, NULL, NULL, NULL, 2, 1, NULL, '2025-10-30 07:03:49', '2025-10-30 07:08:41', 0, NULL, NULL, NULL, NULL, NULL, NULL, NULL, NULL),
	(76, 'B 9999 EFGH', 'Damar', '+62-823-121212169', 'SIM-A-23450169', 'BANDUNG', 'Loading Dock 2', NULL, 'Automotive', 1500.00, 'loaded', 'normal', '2025-10-30 14:15:00', '2025-10-30 14:15:31', '2025-10-30 14:22:51', '2025-10-30 14:28:15', NULL, 5, NULL, NULL, NULL, NULL, NULL, NULL, NULL, 2, 1, 1, '2025-10-30 07:15:29', '2025-10-31 09:09:00', 1, '2025-10-31 16:09:00', NULL, NULL, NULL, NULL, NULL, NULL, NULL),
	(77, 'B 9999 EFGH', 'Damar', '+62-823-121212169', 'SIM-A-23450169', 'BANDUNG', 'Loading Dock 9', NULL, 'Automotive', 1500.00, 'cancelled', 'normal', '2025-10-28 14:36:00', '2025-10-30 14:36:37', '2025-10-30 14:36:44', '2025-10-30 14:41:27', NULL, 5, NULL, NULL, NULL, NULL, NULL, NULL, NULL, 2, 1, NULL, '2025-10-30 07:36:34', '2025-11-03 03:05:35', 0, NULL, '2025-11-03 10:05:35', 'mobil rusak', NULL, NULL, NULL, NULL, NULL),
	(78, 'B 1266 UZLA', 'Damar', '+62-823-121212169', 'SIM-A-23450169', 'BANDUNG', 'Loading Dock 5', NULL, 'Automotive', 1500.00, 'loaded', 'normal', '2025-10-26 14:48:00', '2025-10-30 14:48:51', '2025-10-30 14:48:53', '2025-10-30 14:53:55', NULL, 5, NULL, NULL, NULL, NULL, NULL, NULL, NULL, 2, 1, 1, '2025-10-30 07:48:48', '2025-11-03 02:43:36', 1, '2025-11-03 09:43:36', NULL, NULL, NULL, NULL, NULL, NULL, NULL),
	(79, 'B 1266 UZLA', 'Damar', '+62-823-121212169', 'SIM-A-23450169', 'BANDUNG', 'Loading Dock 6', NULL, 'Automotive', 1500.00, 'loaded', 'normal', '2025-10-16 16:23:00', '2025-10-30 16:23:19', '2025-10-30 16:23:21', '2025-10-30 16:25:32', NULL, 2, NULL, NULL, NULL, NULL, NULL, NULL, NULL, 1, 1, 1, '2025-10-30 09:23:17', '2025-10-31 09:40:11', 1, '2025-10-31 16:40:11', NULL, NULL, NULL, NULL, NULL, NULL, NULL),
	(80, 'B 1266 UZLA', 'Damar', '+62-823-121212169', 'SIM-A-23450169', 'BANDUNG', 'Loading Dock 4', NULL, 'Automotive', 1500.00, 'cancelled', 'normal', '2025-10-30 16:30:00', '2025-10-30 16:30:35', '2025-10-30 16:30:36', '2025-10-30 16:31:47', NULL, 1, NULL, NULL, NULL, NULL, NULL, NULL, NULL, 1, 1, 1, '2025-10-30 09:30:33', '2025-10-31 09:24:16', 0, NULL, NULL, NULL, NULL, NULL, NULL, NULL, NULL),
	(81, 'B 1266 UZLA', 'Damar', '+62-823-121212169', 'SIM-A-23450169', 'BANDUNG', 'Loading Dock 6', NULL, 'Automotive', 1500.00, 'loaded', 'normal', '2025-10-16 17:01:00', '2025-10-30 17:02:05', '2025-10-30 17:02:07', '2025-10-30 17:04:14', NULL, 2, NULL, NULL, NULL, NULL, NULL, NULL, NULL, 1, 1, 1, '2025-10-30 10:02:01', '2025-10-31 09:12:51', 1, '2025-10-31 16:12:51', NULL, NULL, NULL, NULL, NULL, NULL, NULL),
	(82, NULL, NULL, NULL, NULL, 'SAMATOR', 'Loading Dock 1', NULL, NULL, NULL, 'scheduled', 'normal', '2025-10-19 09:03:00', NULL, NULL, NULL, NULL, NULL, NULL, NULL, NULL, NULL, NULL, NULL, NULL, 5, NULL, NULL, '2025-10-31 02:03:32', '2025-10-31 09:02:50', 1, '2025-10-31 16:02:50', NULL, NULL, NULL, NULL, NULL, NULL, NULL),
	(83, NULL, NULL, NULL, NULL, 'FUSO', 'Loading Dock 4', NULL, NULL, NULL, 'scheduled', 'normal', '2025-10-20 09:04:00', NULL, NULL, NULL, NULL, NULL, NULL, NULL, NULL, NULL, NULL, NULL, NULL, 5, NULL, NULL, '2025-10-31 02:04:54', '2025-10-31 09:02:32', 1, '2025-10-31 16:02:32', NULL, NULL, NULL, NULL, NULL, NULL, NULL),
	(84, 'B 1266 UZLA', 'Damar', '+62-823-121212169', 'SIM-A-23450169', 'MANADO', 'Loading Dock 4', NULL, 'Automotive', 1500.00, 'checked_out', 'normal', '2025-10-24 09:05:00', '2025-10-31 10:22:44', '2025-10-31 10:22:52', '2025-10-31 10:26:02', '2025-10-31 15:20:05', 3, NULL, NULL, NULL, NULL, 'PERUBAHAN JADWAL, DARI 21 KE 24', NULL, NULL, 5, NULL, 1, '2025-10-31 02:05:08', '2025-10-31 08:20:05', 0, NULL, NULL, NULL, NULL, NULL, NULL, NULL, NULL),
	(85, NULL, NULL, NULL, NULL, 'BOGOR', 'Loading Dock 1', NULL, NULL, NULL, 'cancelled', 'normal', '2025-11-01 10:13:00', NULL, NULL, NULL, NULL, NULL, NULL, NULL, NULL, NULL, NULL, NULL, NULL, 1, NULL, NULL, '2025-11-03 03:13:49', '2025-11-03 06:02:35', 0, NULL, '2025-11-03 13:02:35', 'BAN BOCOR', NULL, NULL, NULL, NULL, NULL),
	(86, NULL, NULL, NULL, NULL, 'DEPOK', 'Loading Dock 2', NULL, NULL, NULL, 'scheduled', 'normal', '2025-11-02 10:13:00', NULL, NULL, NULL, NULL, NULL, NULL, NULL, NULL, NULL, NULL, NULL, NULL, 1, NULL, NULL, '2025-11-03 03:14:04', '2025-11-03 06:02:11', 1, '2025-11-03 13:02:11', NULL, NULL, NULL, NULL, NULL, NULL, NULL),
	(87, NULL, NULL, NULL, NULL, 'SURABAYA', 'Loading Dock 3', NULL, NULL, NULL, 'scheduled', 'normal', '2025-11-03 10:14:00', NULL, NULL, NULL, NULL, NULL, NULL, NULL, NULL, NULL, NULL, NULL, NULL, 1, NULL, NULL, '2025-11-03 03:14:14', '2025-11-03 03:28:56', 1, '2025-11-03 10:28:56', NULL, NULL, NULL, NULL, NULL, NULL, NULL),
	(88, 'B 1266 UZLA', 'Damar', '+62-823-121212169', 'SIM-A-23450169', 'MANADO', 'Loading Dock 4', 'DOC/004C/11/2025', 'Automotive', 1500.00, 'checked_out', 'normal', '2025-11-04 10:14:00', '2025-11-03 10:17:37', '2025-11-03 10:18:48', '2025-11-03 10:20:23', '2025-11-03 10:20:37', 2, '["/uploads/2025-11-04/MANADO/B-1266-UZLA/truck_photos/853d5fa7ac4c2c5d4cebe14083d9f084-1762139857732-660626014.jpg"]', '["/uploads/2025-11-04/MANADO/B-1266-UZLA/document_photos/AP-jpg-1762139857769-160762519.jpg"]', '["/uploads/2025-11-04/MANADO/B-1266-UZLA/other_photos/Screenshot-2025-10-09-142741-1762139857787-204039181.jpg"]', '{"truck_photos":["/uploads/2025-11-04/MANADO/B-1266-UZLA/truck_photos/853d5fa7ac4c2c5d4cebe14083d9f084-1762139857732-660626014.jpg"],"document_photos":["/uploads/2025-11-04/MANADO/B-1266-UZLA/document_photos/AP-jpg-1762139857769-160762519.jpg"],"other_photos":["/uploads/2025-11-04/MANADO/B-1266-UZLA/other_photos/Screenshot-2025-10-09-142741-1762139857787-204039181.jpg"],"sim":["/uploads/2025-11-04/MANADO/B-1266-UZLA/sim/sim-1762139857805-547698565.jpg"]}', 'MENGAMBIL SAMPLE BARANG', NULL, NULL, 1, 1, NULL, '2025-11-03 03:14:37', '2025-11-03 03:20:37', 0, NULL, NULL, NULL, NULL, NULL, NULL, NULL, NULL),
	(89, 'B 6969 BOS', 'MATAHARI', '69696969', '6.9.6.9', 'TANGERANG', 'Loading Dock 7', NULL, 'Farmasi', 6969.00, 'checked_out', 'normal', '2025-11-02 13:11:00', '2025-11-03 13:13:47', '2025-11-03 13:13:49', '2025-11-03 13:16:15', '2025-11-03 13:16:24', 2, NULL, NULL, NULL, NULL, 'DATANG KE PABRIK', NULL, NULL, 1, NULL, 1, '2025-11-03 06:11:57', '2025-11-03 06:16:24', 0, NULL, NULL, NULL, NULL, NULL, NULL, NULL, NULL),
	(90, 'B 6969 BOS', 'MATAHARI', '69696969', '6.9.6.9', 'KOTA HUJAN', 'Loading Dock 8', 'HUJAN/001/11', 'Farmasi', 6969.00, 'checked_out', 'normal', '2025-11-03 13:29:00', '2025-11-03 13:30:29', '2025-11-03 13:30:31', '2025-11-03 13:35:42', '2025-11-03 13:35:45', 5, NULL, NULL, NULL, NULL, 'HUJAN BOS', NULL, NULL, 1, NULL, 1, '2025-11-03 06:29:11', '2025-11-03 06:35:45', 0, NULL, NULL, NULL, NULL, NULL, NULL, NULL, NULL),
	(91, 'B 6969 BOS', 'MATAHARI', '69696969', '6.9.6.9', 'KOTA BADAI', 'Loading Dock 8', NULL, 'Peralatan Kantor', 6969.00, 'checked_out', 'normal', '2025-11-03 13:49:00', '2025-11-03 13:50:25', '2025-11-03 13:50:29', '2025-11-03 13:53:12', '2025-11-03 13:53:17', 3, NULL, NULL, NULL, NULL, 'BADAI MEMBARA', NULL, NULL, 1, 1, NULL, '2025-11-03 06:50:16', '2025-11-03 06:53:17', 0, NULL, NULL, NULL, NULL, NULL, NULL, NULL, NULL),
	(92, NULL, NULL, NULL, NULL, 'HINO', 'Loading Dock 9', NULL, NULL, NULL, 'scheduled', 'normal', '2025-11-05 14:00:00', NULL, NULL, NULL, NULL, NULL, NULL, NULL, NULL, NULL, NULL, NULL, NULL, 1, NULL, NULL, '2025-11-03 07:00:58', '2025-11-03 07:13:08', 1, '2025-11-03 14:13:08', NULL, NULL, NULL, NULL, NULL, NULL, NULL),
	(93, NULL, NULL, NULL, NULL, 'FUSO', 'Loading Dock 7', NULL, NULL, NULL, 'cancelled', 'normal', '2025-11-06 14:01:00', NULL, NULL, NULL, NULL, NULL, NULL, NULL, NULL, NULL, NULL, NULL, NULL, 1, NULL, NULL, '2025-11-03 07:01:08', '2025-11-03 07:13:14', 0, NULL, '2025-11-03 14:13:14', 'BATAL', NULL, NULL, NULL, NULL, NULL),
	(94, NULL, NULL, NULL, NULL, 'SUZUKI', 'Loading Dock 6', NULL, NULL, NULL, 'scheduled', 'normal', '2025-11-08 14:01:00', NULL, NULL, NULL, NULL, NULL, NULL, NULL, NULL, NULL, NULL, NULL, NULL, 1, NULL, NULL, '2025-11-03 07:01:17', '2025-11-03 09:04:21', 1, '2025-11-03 16:04:21', NULL, NULL, NULL, NULL, NULL, NULL, NULL),
	(95, NULL, NULL, NULL, NULL, 'MITSUBISHI', 'Loading Dock 5', NULL, NULL, NULL, 'cancelled', 'normal', '2025-11-07 14:01:00', NULL, NULL, NULL, NULL, NULL, NULL, NULL, NULL, NULL, NULL, NULL, NULL, 1, NULL, NULL, '2025-11-03 07:01:33', '2025-11-03 09:04:28', 0, NULL, '2025-11-03 16:04:28', 'BATAL', NULL, NULL, NULL, NULL, NULL),
	(96, 'B 6969 BOS', 'MATAHARI', '69696969', '6.9.6.9', 'KOTA BADAI', 'Loading Dock 1', NULL, 'Peralatan Kantor', 6969.00, 'loaded', 'normal', '2025-11-03 14:35:00', '2025-11-03 16:04:38', '2025-11-03 16:45:24', '2025-11-04 10:03:03', NULL, 1038, NULL, NULL, NULL, NULL, NULL, NULL, NULL, 1, 1, NULL, '2025-11-03 07:35:55', '2025-11-04 03:03:03', 0, NULL, NULL, NULL, NULL, NULL, NULL, NULL, NULL),
	(97, 'B 1266 UZLA', 'MATAHARI', '69696969', '6.9.6.9', 'KOTA BADAI', 'Loading Dock 6', NULL, 'Peralatan Kantor', 6969.00, 'checked_out', 'normal', '2025-11-03 18:35:00', '2025-11-03 14:46:59', '2025-11-03 15:13:46', '2025-11-03 15:18:24', '2025-11-03 16:03:50', 5, NULL, NULL, NULL, NULL, NULL, NULL, NULL, 1, 1, NULL, '2025-11-03 07:36:07', '2025-11-03 09:03:50', 0, NULL, NULL, NULL, NULL, NULL, NULL, NULL, NULL),
	(98, 'B 6202 UFB', 'CAHAYA REMBULANX', '69696969', '6.9.6.9', 'KOTA BADAI', 'Loading Dock 7', NULL, 'Peralatan Kantor', 6969.00, 'checked_out', 'normal', '2025-11-03 15:11:00', '2025-11-04 14:35:54', '2025-11-04 14:35:59', '2025-11-04 14:36:03', '2025-11-04 14:36:07', 0, NULL, NULL, NULL, NULL, NULL, NULL, NULL, 1, 1, NULL, '2025-11-03 08:11:42', '2025-11-04 07:36:07', 0, NULL, NULL, NULL, NULL, NULL, NULL, NULL, NULL),
	(99, 'B 1234 CBA', 'Damar', '+62-823-121212169XZZ', 'SIM-A-234501', 'PT. PINDAD', 'Loading Dock 8', NULL, 'Makanan & Minuman', NULL, 'checked_out', 'normal', '2025-11-03 15:11:00', '2025-11-03 15:13:43', '2025-11-03 15:13:44', '2025-11-03 15:18:21', '2025-11-03 16:03:45', 5, NULL, NULL, NULL, NULL, NULL, NULL, NULL, 1, 1, NULL, '2025-11-03 08:12:02', '2025-11-03 09:03:45', 0, NULL, NULL, NULL, NULL, NULL, NULL, NULL, NULL),
	(100, 'B 1234 CBA', 'Damar', '+62-823-121212169XZZ', 'SIM-A-234501', 'PT. PINDAD', 'Loading Dock 6', NULL, 'Makanan & Minuman', NULL, 'cancelled', 'normal', '2025-11-03 15:12:00', NULL, NULL, NULL, NULL, NULL, NULL, NULL, NULL, NULL, NULL, NULL, NULL, 1, 1, NULL, '2025-11-03 08:12:49', '2025-11-04 07:49:31', 0, NULL, '2025-11-04 14:49:31', 'DI RECHEDULE ULANG OLEH PPIC', NULL, NULL, NULL, NULL, NULL),
	(101, 'B 9999 EFGD', 'TONI-A', '+62-823-121212169XZZ', 'SIM-A-234501', 'PT. PINDAD', 'Loading Dock 4', NULL, 'Makanan & Minuman', NULL, 'cancelled', 'normal', '2025-11-03 15:12:00', NULL, NULL, NULL, NULL, NULL, NULL, NULL, NULL, NULL, NULL, NULL, NULL, 1, 1, NULL, '2025-11-03 08:13:02', '2025-11-05 07:45:48', 0, NULL, '2025-11-05 14:45:48', 'TEST CANCEL', NULL, NULL, NULL, NULL, NULL),
	(102, 'B 1234 CBA', 'Bambang Sutrisno', '+62-823-121212169XZZ', 'SIM-A-234501', 'PT. PINDAD', 'Loading Dock 6', NULL, 'Makanan & Minuman', NULL, 'loaded', 'normal', '2025-11-03 15:13:00', '2025-11-06 08:21:43', '2025-11-06 08:21:49', '2025-11-06 08:26:24', NULL, 5, NULL, NULL, NULL, NULL, NULL, NULL, NULL, 1, 1, NULL, '2025-11-03 08:13:15', '2025-11-06 01:26:24', 0, NULL, NULL, NULL, NULL, NULL, NULL, NULL, NULL),
	(103, 'B 1234 CBA', 'Bambang Sutrisno', '+62-823-121212169XZZ', 'SIM-A-234501', 'PT. PINDAD', 'Loading Dock 3', 'CEK 04 Nov 2025', 'Makanan & Minuman', NULL, 'checked_out', 'normal', '2025-11-03 15:15:00', '2025-11-04 09:33:04', '2025-11-04 09:33:24', '2025-11-04 09:36:09', '2025-11-04 09:36:12', 3, NULL, NULL, NULL, NULL, NULL, NULL, NULL, 1, 1, NULL, '2025-11-03 08:15:42', '2025-11-04 02:36:12', 0, NULL, NULL, NULL, NULL, NULL, NULL, NULL, NULL),
	(104, 'B 9999 EFGD', 'Bambang Sutrisno', '+62-823-121212169XZZ', 'SIM-A-234501', 'JAKARTA', 'Loading Dock 1', NULL, 'Makanan & Minuman', 2750.00, 'checked_out', 'normal', '2025-11-04 10:01:00', '2025-11-04 10:02:26', '2025-11-04 10:02:39', '2025-11-04 11:36:40', '2025-11-04 11:36:59', 94, NULL, NULL, NULL, NULL, 'DATANG MENGAMBIL SAMPLE', NULL, NULL, 1, NULL, 1, '2025-11-04 03:01:24', '2025-11-04 04:36:59', 0, NULL, NULL, NULL, NULL, NULL, NULL, NULL, NULL),
	(105, 'B 0001 CNI', 'Gugun Gondrong', '+62-823-121212169XZZ', 'SIM-A-234501', 'BOGOR', 'Loading Dock 5', 'DOC 001/11/2025', 'Makanan & Minuman', 2750.00, 'checked_out', 'normal', '2025-11-06 09:24:00', '2025-11-05 09:26:37', '2025-11-05 09:26:51', '2025-11-05 09:28:14', '2025-11-05 09:28:27', 1, NULL, NULL, NULL, NULL, NULL, NULL, NULL, 1, NULL, 1, '2025-11-05 02:24:52', '2025-11-05 02:28:27', 0, NULL, NULL, NULL, NULL, NULL, NULL, NULL, NULL),
	(106, 'B 9999 EFGD', 'Damar', '+62-823-1212121', 'SIM-A-234501', 'TOMADA', 'Loading Dock 2', 'DOC/001C', 'Plastik', 3500.00, 'checked_out', 'normal', '2025-11-05 13:18:00', '2025-11-05 13:23:54', '2025-11-05 13:24:16', '2025-11-05 13:26:51', '2025-11-05 13:27:12', 3, '["/uploads/2025-11-05/TOMADA/B-9999-EFGD/truck_photos/truck-1762323834509-941965919.jpg"]', NULL, NULL, '{"truck_photos":["/uploads/2025-11-05/TOMADA/B-9999-EFGD/truck_photos/truck-1762323834509-941965919.jpg"]}', NULL, NULL, NULL, 1, NULL, 1, '2025-11-05 06:19:04', '2025-11-05 06:27:12', 0, NULL, NULL, NULL, NULL, NULL, NULL, NULL, NULL),
	(107, NULL, NULL, NULL, NULL, 'SERAYU', 'Loading Dock 3', NULL, NULL, NULL, 'cancelled', 'normal', '2025-11-05 13:19:00', NULL, NULL, NULL, NULL, NULL, NULL, NULL, NULL, NULL, NULL, NULL, NULL, 1, NULL, NULL, '2025-11-05 06:19:53', '2025-11-05 06:31:47', 0, NULL, '2025-11-05 13:31:47', 'TRUK MOGOK', NULL, NULL, NULL, NULL, NULL),
	(108, NULL, NULL, NULL, NULL, 'CKU', 'Loading Dock 1', NULL, NULL, NULL, 'scheduled', 'normal', '2025-11-05 13:20:00', NULL, NULL, NULL, NULL, NULL, NULL, NULL, NULL, NULL, NULL, NULL, NULL, 1, NULL, NULL, '2025-11-05 06:20:21', '2025-11-05 06:28:40', 1, '2025-11-05 13:28:40', NULL, NULL, NULL, NULL, NULL, NULL, NULL),
	(109, 'B 9999 EFGD', 'Damar', '+62-823-1212121', 'SIM-A-234501', 'YOGYA', 'Loading Dock 5', NULL, 'Plastik', 3500.00, 'checked_out', 'normal', '2025-11-05 15:24:00', '2025-11-05 15:25:00', '2025-11-05 15:25:01', '2025-11-05 15:33:05', '2025-11-05 16:44:26', 8, NULL, NULL, NULL, NULL, NULL, NULL, NULL, 1, NULL, 1, '2025-11-05 08:24:42', '2025-11-05 09:44:26', 0, NULL, NULL, NULL, NULL, NULL, NULL, NULL, NULL),
	(110, 'B 6969 BOS', 'Damar', '+62-823-1212121', 'SIM-A-234501', 'SOLO', 'Loading Dock 5', NULL, 'Plastik', 3500.00, 'loaded', 'normal', '2025-11-05 16:43:00', '2025-11-05 16:43:58', '2025-11-05 16:44:00', '2025-11-05 16:49:33', NULL, 6, NULL, NULL, NULL, NULL, NULL, NULL, NULL, 1, NULL, 1, '2025-11-05 09:43:27', '2025-11-05 09:49:33', 0, NULL, NULL, NULL, NULL, NULL, NULL, NULL, NULL),
	(111, 'B 0001 CNI', 'Gugun Gondrong', '+62-823-121212169XZZ', 'SIM-A-234501', 'SERAYU', 'Loading Dock 5', NULL, 'Makanan & Minuman', 2750.00, 'checked_out', 'normal', '2025-11-06 08:08:00', '2025-11-06 08:09:10', '2025-11-06 08:09:23', '2025-11-06 08:12:03', '2025-11-06 08:12:07', 3, NULL, NULL, NULL, NULL, NULL, NULL, NULL, 1, NULL, 1, '2025-11-06 01:08:37', '2025-11-06 01:12:07', 0, NULL, NULL, NULL, NULL, NULL, NULL, NULL, NULL),
	(112, 'B 9999 EFGH', 'Gugun Gondrong', '+62-823-121212169XZZ', 'SIM-A-234501', 'SERAYU', 'Loading Dock 4', NULL, 'Makanan & Minuman', 2750.00, 'checked_out', 'normal', '2025-11-06 08:12:00', '2025-11-06 08:12:36', '2025-11-06 08:12:38', '2025-11-06 08:12:47', '2025-11-06 09:18:00', 0, NULL, NULL, NULL, NULL, NULL, NULL, NULL, 1, 1, NULL, '2025-11-06 01:12:30', '2025-11-06 02:18:00', 0, NULL, NULL, NULL, NULL, NULL, NULL, NULL, NULL),
	(113, 'B 6202 UFB', 'CAHAYA REMBULANX', '+62-823-121212169XZZ', 'SIM-A-234501', 'PT. PINDAD', 'Loading Dock 8', NULL, 'Automotive', 777.00, 'checked_out', 'normal', '2025-11-06 08:14:00', '2025-11-06 08:15:31', '2025-11-06 08:15:32', '2025-11-06 08:19:58', '2025-11-06 08:20:00', 4, NULL, NULL, NULL, NULL, NULL, NULL, NULL, 1, 1, NULL, '2025-11-06 01:15:28', '2025-11-06 01:20:00', 0, NULL, NULL, NULL, NULL, NULL, NULL, NULL, NULL),
	(114, 'B 6202 UFB', 'CAHAYA REMBULANX', '+62-823-121212169XZZ', 'SIM-A-234501', 'PT. PINDAD', 'Loading Dock 9', NULL, 'Automotive', 777.00, 'checked_out', 'normal', '2025-11-06 08:26:00', '2025-11-06 08:26:47', '2025-11-06 08:26:49', '2025-11-06 08:29:15', '2025-11-06 09:17:58', 2, NULL, NULL, NULL, NULL, NULL, NULL, NULL, 1, 1, NULL, '2025-11-06 01:26:44', '2025-11-06 02:17:58', 0, NULL, NULL, NULL, NULL, NULL, NULL, NULL, NULL),
	(115, 'B 9999 EFGH', 'CAHAYA REMBULANX', '+62-823-121212169XZZ', 'SIM-A-234501', 'PT. PINDAD', 'Loading Dock 8', NULL, 'Automotive', 777.00, 'checked_out', 'normal', '2025-11-06 08:37:00', '2025-11-06 08:38:02', '2025-11-06 08:38:04', '2025-11-06 09:01:11', '2025-11-06 09:17:23', 23, NULL, NULL, NULL, NULL, NULL, NULL, NULL, 1, 1, NULL, '2025-11-06 01:38:00', '2025-11-06 02:17:23', 0, NULL, NULL, NULL, NULL, NULL, NULL, NULL, NULL),
	(116, 'B 9999 EFGH', 'CAHAYA REMBULANX', '+62-823-121212169XZZ', 'SIM-A-234501', 'PT. PINDAD', 'Loading Dock 5', NULL, 'Automotive', 777.00, 'checked_out', 'normal', '2025-11-06 09:07:00', '2025-11-06 09:07:21', '2025-11-06 09:07:23', '2025-11-06 09:17:09', '2025-11-06 09:17:21', 10, NULL, NULL, NULL, NULL, NULL, NULL, NULL, 1, 1, NULL, '2025-11-06 02:07:19', '2025-11-06 02:17:21', 0, NULL, NULL, NULL, NULL, NULL, NULL, NULL, NULL),
	(117, 'B 1266 UZLA', 'CAHAYA REMBULANX', '+62-823-121212169XZZ', 'SIM-A-234501', 'PT. PINDAD', 'Loading Dock 9', NULL, 'Automotive', 777.00, 'checked_out', 'normal', '2025-11-06 09:08:00', '2025-11-06 09:08:17', '2025-11-06 09:08:18', '2025-11-06 09:17:08', '2025-11-06 09:17:20', 9, NULL, NULL, NULL, NULL, NULL, NULL, NULL, 1, 1, NULL, '2025-11-06 02:08:13', '2025-11-06 02:17:20', 0, NULL, NULL, NULL, NULL, NULL, NULL, NULL, NULL),
	(118, 'B 1266 UZLA', 'CAHAYA REMBULANX', '+62-823-121212169XZZ', 'SIM-A-234501', 'PT. PINDAD', 'Loading Dock 5', NULL, 'Automotive', 777.00, 'loaded', 'normal', '2025-11-06 09:39:00', '2025-11-06 09:39:39', '2025-11-06 09:39:41', '2025-11-06 09:43:36', NULL, 4, NULL, NULL, NULL, NULL, NULL, NULL, NULL, 1, 1, NULL, '2025-11-06 02:39:37', '2025-11-06 02:43:36', 0, NULL, NULL, NULL, NULL, NULL, NULL, NULL, NULL),
	(119, 'B 9999 EFGD', 'CAHAYA REMBULANX', '+62-823-121212169XZZ', 'SIM-A-234501', 'PT. PINDAD', 'Loading Dock 3', NULL, 'Automotive', 777.00, 'loaded', 'normal', '2025-11-06 09:42:00', '2025-11-06 09:42:11', '2025-11-06 09:42:12', '2025-11-06 09:43:35', NULL, 1, NULL, NULL, NULL, NULL, NULL, NULL, NULL, 1, 1, NULL, '2025-11-06 02:42:08', '2025-11-06 02:43:35', 0, NULL, NULL, NULL, NULL, NULL, NULL, NULL, NULL),
	(120, 'B 9999 EFGD', 'CAHAYA REMBULANX', '+62-823-121212169XZZ', 'SIM-A-234501', 'PT. PINDAD', 'Loading Dock 3', NULL, 'Automotive', 777.00, 'loaded', 'normal', '2025-11-06 10:15:00', '2025-11-06 10:15:29', '2025-11-06 10:15:30', '2025-11-06 10:21:51', NULL, 6, NULL, NULL, NULL, NULL, NULL, NULL, NULL, 1, 1, NULL, '2025-11-06 03:15:25', '2025-11-06 03:21:51', 0, NULL, NULL, NULL, NULL, NULL, NULL, NULL, NULL),
	(121, 'B 9999 EFGD', 'CAHAYA REMBULANX', '+62-823-121212169XZZ', 'SIM-A-234501', 'PT. PINDAD', 'Loading Dock 6', NULL, 'Automotive', 777.00, 'loaded', 'normal', '2025-11-06 11:21:00', '2025-11-06 11:21:23', '2025-11-06 11:21:33', '2025-11-06 11:23:15', NULL, 2, NULL, NULL, NULL, NULL, NULL, NULL, NULL, 1, 1, NULL, '2025-11-06 04:21:14', '2025-11-06 04:23:15', 0, NULL, NULL, NULL, NULL, NULL, NULL, NULL, NULL),
	(122, 'B 9999 EFGD', 'CAHAYA REMBULANX', '+62-823-121212169XZZ', 'SIM-A-234501', 'PT. PINDAD', 'Loading Dock 7', NULL, 'Automotive', 777.00, 'checked_out', 'normal', '2025-11-06 14:44:00', '2025-11-06 14:44:24', '2025-11-06 14:44:29', '2025-11-06 14:46:25', '2025-11-06 14:46:29', 2, NULL, NULL, NULL, NULL, NULL, NULL, NULL, 1, 1, NULL, '2025-11-06 07:44:18', '2025-11-06 07:46:29', 0, NULL, NULL, NULL, NULL, NULL, NULL, NULL, NULL),
	(123, 'B 9999 EFGD', 'CAHAYA REMBULANX', '+62-823-121212169XZZ', 'SIM-A-234501', 'PT. PINDAD', 'Loading Dock 4', NULL, 'Automotive', 777.00, 'checked_out', 'normal', '2025-11-07 09:40:00', '2025-11-07 09:41:04', '2025-11-07 09:41:05', '2025-11-07 10:00:54', '2025-11-07 10:00:57', 20, NULL, NULL, NULL, NULL, NULL, NULL, NULL, 1, 1, NULL, '2025-11-07 02:40:59', '2025-11-07 03:00:57', 0, NULL, NULL, NULL, NULL, NULL, NULL, NULL, NULL),
	(124, 'B 9999 EFGH', 'user coba', '+6208888', NULL, 'MANADO', 'Loading Dock 8', NULL, 'Elektronik', NULL, 'scheduled', 'normal', '2025-11-12 04:25:00', NULL, NULL, NULL, NULL, NULL, NULL, NULL, NULL, NULL, NULL, NULL, NULL, 1, 1, 1, '2025-11-12 04:25:38', '2025-11-12 04:50:43', 0, NULL, NULL, NULL, NULL, NULL, NULL, NULL, NULL),
	(125, 'B 9999 EFGH', 'user coba', '+6208888', NULL, 'DEPOK', 'Loading Dock 8', NULL, 'Elektronik', NULL, 'scheduled', 'normal', '2025-11-12 04:25:00', NULL, NULL, NULL, NULL, NULL, NULL, NULL, NULL, NULL, NULL, NULL, NULL, 1, 1, 1, '2025-11-12 04:26:07', '2025-11-12 04:50:35', 0, NULL, NULL, NULL, NULL, NULL, NULL, NULL, NULL),
	(126, 'B 1266 UZLA', 'Manager Logistik', '+62212345678', NULL, 'SOLO', 'Loading Dock 6', NULL, 'Makanan & Minuman', 6000.00, 'scheduled', 'normal', '2025-11-12 04:27:00', NULL, NULL, NULL, NULL, NULL, NULL, NULL, NULL, NULL, '6000 TEST', NULL, NULL, 1, 1, 1, '2025-11-12 04:28:03', '2025-11-12 04:50:28', 0, NULL, NULL, NULL, NULL, NULL, NULL, NULL, NULL),
	(127, 'B 9999 EFGD', 'Damar', '+62-823-121212169XZZ', 'SIM-A-23450169', 'YOGYAKARTA', 'Loading Dock 9', NULL, 'Plastik', 3333.00, 'scheduled', 'normal', '2025-11-12 04:29:00', NULL, NULL, NULL, NULL, NULL, NULL, NULL, NULL, NULL, '3333 COBA', NULL, NULL, 1, 1, 1, '2025-11-12 04:30:28', '2025-11-12 04:50:16', 0, NULL, NULL, NULL, NULL, NULL, NULL, NULL, NULL),
	(128, 'B 6202 UFB', 'Damar', '+62-823-121212169XZZ', 'SIM-A-23450169', 'BANDUNG', 'Loading Dock 9', NULL, 'Farmasi', 3333.00, 'loaded', 'normal', '2025-11-12 11:45:00', '2025-11-18 11:06:53', '2025-11-18 11:06:57', '2025-11-18 11:07:04', NULL, 0, NULL, NULL, NULL, NULL, 'BANDUNG TES', NULL, NULL, 1, 1, NULL, '2025-11-12 04:48:07', '2025-11-18 04:07:04', 0, NULL, NULL, NULL, NULL, NULL, NULL, NULL, NULL),
	(129, 'B 1234 CBA', 'TONI-A', '+62-823-121212169', 'SIM-A-23450169', 'KAMPUNG', 'Loading Dock 3', 'KAM/X11/12/25', 'Makanan & Minuman', 1597.00, 'checked_out', 'normal', '2025-11-11 21:55:00', '2025-11-12 11:57:48', '2025-11-12 11:58:32', '2025-11-12 12:36:04', '2025-11-12 12:36:07', 38, '["/uploads/2025-11-11/KAMPUNG/B-1234-CBA/truck_photos/853d5fa7ac4c2c5d4cebe14083d9f084-1762923468612-834730866.jpg"]', '["/uploads/2025-11-11/KAMPUNG/B-1234-CBA/document_photos/AP-jpg-1762923468649-165455656.jpg"]', '["/uploads/2025-11-11/KAMPUNG/B-1234-CBA/other_photos/Screenshot-2025-10-09-142741-1762923468662-67219249.jpg"]', '{"truck_photos":["/uploads/2025-11-11/KAMPUNG/B-1234-CBA/truck_photos/853d5fa7ac4c2c5d4cebe14083d9f084-1762923468612-834730866.jpg"],"document_photos":["/uploads/2025-11-11/KAMPUNG/B-1234-CBA/document_photos/AP-jpg-1762923468649-165455656.jpg"],"other_photos":["/uploads/2025-11-11/KAMPUNG/B-1234-CBA/other_photos/Screenshot-2025-10-09-142741-1762923468662-67219249.jpg"],"sim":["/uploads/2025-11-11/KAMPUNG/B-1234-CBA/sim/sim-1762923468681-39302372.jpg"]}', 'KAMPUNG JANDA', NULL, NULL, 1, NULL, 1, '2025-11-12 04:55:29', '2025-11-12 05:36:07', 0, NULL, NULL, NULL, NULL, NULL, NULL, NULL, NULL),
	(130, 'B 1266 UZLa', 'Suryaaaa', '+62-823-1212', 'SIM-A-23450169aa', 'YOGYAaa', 'Loading Dock 6', NULL, 'Makanan & Minuman', 2000.00, 'checked_out', 'high', '2025-11-16 00:14:00', '2025-11-17 21:42:25', '2025-11-17 21:42:36', '2025-11-17 21:43:44', '2025-11-17 21:43:58', 1, NULL, NULL, NULL, NULL, 'test darkaa', NULL, NULL, 1, 1, 1, '2025-11-17 14:15:20', '2025-11-17 14:43:58', 0, NULL, NULL, NULL, NULL, NULL, NULL, NULL, NULL),
	(131, 'B 9999 EFGD', 'Damar', '+62-823-121212169XZZ', 'SIM-A-23450169', 'YOGYAKARTA', 'Loading Dock 9', NULL, 'Plastik', 3333.00, 'checked_in', 'high', '2025-11-19 14:57:00', '2025-12-10 09:42:32', NULL, NULL, NULL, NULL, '["/uploads/trucks/2025-11-19/YOGYAKARTA/B-9999-EFGD/truck_photos/Screenshot-2025-12-09-092709-1765334552098-530681191.png"]', '["/uploads/trucks/2025-11-19/YOGYAKARTA/B-9999-EFGD/document_photos/Screenshot-2025-12-08-141904-1765334552110-736432266.png"]', '["/uploads/trucks/2025-11-19/YOGYAKARTA/B-9999-EFGD/other_photos/Screenshot-2025-12-03-113354-1765334552135-819166770.png"]', '{"truck_photos":["/uploads/trucks/2025-11-19/YOGYAKARTA/B-9999-EFGD/truck_photos/Screenshot-2025-12-09-092709-1765334552098-530681191.png"],"document_photos":["/uploads/trucks/2025-11-19/YOGYAKARTA/B-9999-EFGD/document_photos/Screenshot-2025-12-08-141904-1765334552110-736432266.png"],"other_photos":["/uploads/trucks/2025-11-19/YOGYAKARTA/B-9999-EFGD/other_photos/Screenshot-2025-12-03-113354-1765334552135-819166770.png"],"sim":["/uploads/trucks/2025-11-19/YOGYAKARTA/B-9999-EFGD/sim/Screenshot-2025-12-03-135149-1765334552163-881205147.png"]}', 'test', NULL, NULL, 1, 1, NULL, '2025-11-19 07:57:31', '2025-12-10 02:42:32', 0, NULL, NULL, NULL, NULL, NULL, NULL, NULL, NULL),
	(132, 'B 9999 EFGH', 'CAHAYA REMBULANX', '+62-823-121212169XZZ', 'SIM-A-23450169X', 'PT. PINDAD', 'Loading Dock 9', NULL, 'Automotive', 3000.00, 'checked_out', 'normal', '2025-11-20 15:01:00', '2025-12-09 14:45:31', NULL, NULL, '2025-12-09 15:59:08', NULL, '["/uploads/2025-11-20/PT--PINDAD/B-9999-EFGH/truck_photos/TUV-1765266331507-999827477.png"]', NULL, NULL, '{"truck_photos":["/uploads/2025-11-20/PT--PINDAD/B-9999-EFGH/truck_photos/TUV-1765266331507-999827477.png"]}', 'PINDAD TEST', NULL, NULL, 1, 1, NULL, '2025-11-20 08:02:12', '2025-12-09 08:59:08', 0, NULL, NULL, NULL, NULL, NULL, NULL, NULL, NULL),
	(133, 'B 1266 UZLA', 'TONI-A', '+62-823-1212121', 'SIM-A-234501', 'SOLOOOO', 'Loading Dock 2', 'BBBBB', 'Peralatan Kantor', 33333.00, 'checked_out', 'normal', '2025-11-20 08:59:00', '2025-11-20 16:01:10', '2025-11-20 16:01:36', '2025-11-20 16:05:16', '2025-11-20 16:05:18', 4, '["/uploads/2025-11-20/SOLOOOO/B-1266-UZLA/truck_photos/logo-1763629270465-807055319.png"]', '["/uploads/2025-11-20/SOLOOOO/B-1266-UZLA/document_photos/hazmatseal-1763629270476-400386123.jpg"]', '["/uploads/2025-11-20/SOLOOOO/B-1266-UZLA/other_photos/truckimagetruckimage-1763629270488-973489561.jpg"]', '{"truck_photos":["/uploads/2025-11-20/SOLOOOO/B-1266-UZLA/truck_photos/logo-1763629270465-807055319.png"],"document_photos":["/uploads/2025-11-20/SOLOOOO/B-1266-UZLA/document_photos/hazmatseal-1763629270476-400386123.jpg"],"other_photos":["/uploads/2025-11-20/SOLOOOO/B-1266-UZLA/other_photos/truckimagetruckimage-1763629270488-973489561.jpg"],"sim":["/uploads/2025-11-20/SOLOOOO/B-1266-UZLA/sim/background-dark-1763629270497-4391506.jpg"]}', 'soloooOOOO', NULL, NULL, 1, NULL, 1, '2025-11-20 08:59:20', '2025-11-20 09:05:18', 0, NULL, NULL, NULL, NULL, NULL, NULL, NULL, NULL),
	(134, 'B 6202 UFB', 'Damar', '+62-823-1212121', 'SIM-A-234501', 'yogya', 'Loading Dock 10', NULL, 'Bahan Bangunan', 33333.00, 'checked_in', 'high', '2025-11-20 03:08:00', '2025-12-10 09:39:46', NULL, NULL, NULL, NULL, '["/uploads/2025-11-20/yogya/B-6202-UFB/truck_photos/iatf_16949-1765334386395-22086355.png"]', '["/uploads/2025-11-20/yogya/B-6202-UFB/document_photos/WhatsApp-Image-2025-10-31-at-14.30.35_f2c89815-1765334386414-162936901.jpg"]', '["/uploads/2025-11-20/yogya/B-6202-UFB/other_photos/WhatsApp-Image-2025-06-02-at-15.15.36_11fd8090-1765334386432-623595441.jpg"]', '{"truck_photos":["/uploads/2025-11-20/yogya/B-6202-UFB/truck_photos/iatf_16949-1765334386395-22086355.png"],"document_photos":["/uploads/2025-11-20/yogya/B-6202-UFB/document_photos/WhatsApp-Image-2025-10-31-at-14.30.35_f2c89815-1765334386414-162936901.jpg"],"other_photos":["/uploads/2025-11-20/yogya/B-6202-UFB/other_photos/WhatsApp-Image-2025-06-02-at-15.15.36_11fd8090-1765334386432-623595441.jpg"],"sim":["/uploads/2025-11-20/yogya/B-6202-UFB/sim/download-1765334386486-449167224.png"]}', 'damar mengantar barang', NULL, NULL, 1, NULL, 1, '2025-11-20 10:09:02', '2025-12-10 02:39:46', 0, NULL, NULL, NULL, NULL, NULL, NULL, NULL, NULL),
	(135, 'B 6202 UFB', 'Damar', '+62-823-1212121', 'SIM-A-234501', 'yogya', 'Loading Dock 10', NULL, 'Bahan Bangunan', 33333.00, 'scheduled', 'normal', '2025-11-21 08:15:00', NULL, NULL, NULL, NULL, NULL, NULL, NULL, NULL, NULL, NULL, NULL, NULL, 1, 1, NULL, '2025-11-21 01:15:33', '2025-11-21 01:46:23', 1, '2025-11-21 08:46:23', NULL, NULL, NULL, NULL, NULL, NULL, NULL),
	(136, 'B 6202 UFB', 'Damar', '+62-823-1212121', 'SIM-A-234501', 'KOTA KENANGAN', 'Loading Dock 1', 'KOTA/COC/001', 'Bahan Bangunan', 33333.00, 'checked_out', 'normal', '2025-11-21 03:05:00', '2025-11-21 10:07:13', '2025-11-21 10:07:35', '2025-11-21 10:13:28', '2025-11-21 10:13:30', 6, NULL, NULL, NULL, NULL, NULL, NULL, NULL, 1, NULL, 1, '2025-11-21 03:06:00', '2025-11-21 03:13:30', 0, NULL, NULL, NULL, NULL, NULL, NULL, NULL, NULL),
	(137, 'B 123 COBA', 'Damar', '+62-823-121212169', 'SIM-A-234501', 'PINDAD', 'Loading Dock 1', NULL, 'Bahan Bangunan', NULL, 'checked_out', 'normal', '2025-11-24 00:27:00', '2025-11-24 11:42:07', '2025-11-24 11:42:08', '2025-11-24 12:19:59', '2025-11-24 12:20:03', 38, NULL, NULL, NULL, NULL, NULL, NULL, NULL, 1, NULL, 1, '2025-11-24 04:27:50', '2025-11-24 05:20:03', 0, NULL, NULL, NULL, NULL, NULL, NULL, NULL, NULL),
	(138, 'B 9999 EFGH', 'Damar', '+62-823-121212169', 'SIM-A-234501', 'TOMADA', 'Loading Dock 1', NULL, 'Bahan Bangunan', NULL, 'checked_out', 'normal', '2025-12-09 10:14:00', '2025-12-09 14:23:57', '2025-12-09 14:24:23', '2025-12-09 14:28:47', '2025-12-09 14:30:47', 4, NULL, NULL, NULL, NULL, NULL, NULL, NULL, 1, NULL, 19, '2025-12-09 07:14:48', '2025-12-09 07:30:47', 0, NULL, NULL, NULL, NULL, NULL, NULL, NULL, NULL),
	(139, NULL, NULL, NULL, NULL, 'SERAYU', 'Loading Dock 4', NULL, NULL, NULL, 'scheduled', 'normal', '2025-12-10 09:00:00', NULL, NULL, NULL, NULL, NULL, NULL, NULL, NULL, NULL, NULL, NULL, NULL, 1, NULL, NULL, '2025-12-09 07:16:45', '2025-12-09 07:34:10', 1, '2025-12-09 14:34:10', NULL, NULL, NULL, NULL, NULL, NULL, NULL),
	(140, NULL, NULL, NULL, NULL, 'SERAYU', 'Loading Dock 9', NULL, NULL, NULL, 'cancelled', 'normal', '2025-12-09 14:20:00', NULL, NULL, NULL, NULL, NULL, NULL, NULL, NULL, NULL, NULL, NULL, NULL, 1, NULL, NULL, '2025-12-09 07:20:32', '2025-12-09 07:35:17', 0, NULL, '2025-12-09 14:35:17', 'RECHEDULE KE MINGGU DEPAN', NULL, NULL, NULL, NULL, NULL),
	(141, 'B 6202 UFB', 'Damar', '+62-823-1212121', 'SIM-A-234501', 'PINDAD', 'Loading Dock 8', NULL, 'Bahan Bangunan', 33333.00, 'checked_in', 'normal', '2025-12-10 02:45:00', '2025-12-10 09:46:12', NULL, NULL, NULL, NULL, '["/uploads/trucks/2025-12-10/PINDAD/B-6202-UFB/truck_photos/Screenshot-2025-11-25-075301-1765334772720-321247385.png"]', '["/uploads/trucks/2025-12-10/PINDAD/B-6202-UFB/document_photos/Screenshot-2025-12-09-112720-1765334772755-198990647.png"]', '["/uploads/trucks/2025-12-10/PINDAD/B-6202-UFB/other_photos/Screenshot-2025-12-08-141904-1765334772762-505040751.png"]', '{"truck_photos":["/uploads/trucks/2025-12-10/PINDAD/B-6202-UFB/truck_photos/Screenshot-2025-11-25-075301-1765334772720-321247385.png"],"document_photos":["/uploads/trucks/2025-12-10/PINDAD/B-6202-UFB/document_photos/Screenshot-2025-12-09-112720-1765334772755-198990647.png"],"other_photos":["/uploads/trucks/2025-12-10/PINDAD/B-6202-UFB/other_photos/Screenshot-2025-12-08-141904-1765334772762-505040751.png"],"sim":["/uploads/trucks/2025-12-10/PINDAD/B-6202-UFB/sim/Screenshot-2025-12-09-092709-1765334772771-668249023.png"]}', NULL, NULL, NULL, 1, NULL, 19, '2025-12-10 02:45:16', '2025-12-10 02:46:12', 0, NULL, NULL, NULL, NULL, NULL, NULL, NULL, NULL),
	(142, 'B 9999 EFGH', 'CAHAYA REMBULANX', '+62-823-1212121', 'SIM-A-234501', 'SERAYU', 'Loading Dock 4', NULL, 'Bahan Bangunan', 33333.00, 'checked_in', 'normal', '2025-12-09 17:50:00', '2025-12-10 09:51:18', NULL, NULL, NULL, NULL, '["/uploads/trucks/2025-12-09/SERAYU/B-9999-EFGH/truck_photos/Screenshot-2025-12-02-085842-1765335078462-206350207.png"]', '["/uploads/trucks/2025-12-09/SERAYU/B-9999-EFGH/document_photos/Screenshot-2025-12-02-154714-1765335078485-909882098.png"]', '["/uploads/trucks/2025-12-09/SERAYU/B-9999-EFGH/other_photos/Screenshot-2025-12-03-113354-1765335078522-664820607.png"]', '{"truck_photos":["/uploads/trucks/2025-12-09/SERAYU/B-9999-EFGH/truck_photos/Screenshot-2025-12-02-085842-1765335078462-206350207.png"],"document_photos":["/uploads/trucks/2025-12-09/SERAYU/B-9999-EFGH/document_photos/Screenshot-2025-12-02-154714-1765335078485-909882098.png"],"other_photos":["/uploads/trucks/2025-12-09/SERAYU/B-9999-EFGH/other_photos/Screenshot-2025-12-03-113354-1765335078522-664820607.png"],"sim":["/uploads/trucks/2025-12-09/SERAYU/B-9999-EFGH/sim/Screenshot-2025-12-09-092709-1765335078547-673848025.png"]}', NULL, NULL, NULL, 1, NULL, 19, '2025-12-10 02:50:18', '2025-12-10 02:51:18', 0, NULL, NULL, NULL, NULL, NULL, NULL, NULL, NULL),
	(143, 'B 9999 EFG', 'CAHAYA REMBULANX', '+62-823-1212121', 'SIM-A-234501', 'KIP', 'Loading Dock 5', NULL, 'Bahan Bangunan', 33333.00, 'checked_in', 'normal', '2025-12-10 02:55:00', '2025-12-10 09:56:53', NULL, NULL, NULL, NULL, '["/uploads/trucks/2025-12-10/KIP/B-9999-EFG/truck_photos/Screenshot-2025-11-14-164006-1765335413202-57919981.png"]', '["/uploads/trucks/2025-12-10/KIP/B-9999-EFG/document_photos/Screenshot-2025-12-09-092709-1765335413215-107459455.png"]', '["/uploads/trucks/2025-12-10/KIP/B-9999-EFG/other_photos/Screenshot-2025-12-09-112720-1765335413220-911895750.png"]', '{"truck_photos":["/uploads/trucks/2025-12-10/KIP/B-9999-EFG/truck_photos/Screenshot-2025-11-14-164006-1765335413202-57919981.png"],"document_photos":["/uploads/trucks/2025-12-10/KIP/B-9999-EFG/document_photos/Screenshot-2025-12-09-092709-1765335413215-107459455.png"],"other_photos":["/uploads/trucks/2025-12-10/KIP/B-9999-EFG/other_photos/Screenshot-2025-12-09-112720-1765335413220-911895750.png"],"sim":["/uploads/trucks/2025-12-10/KIP/B-9999-EFG/sim/Screenshot-2025-12-08-090243-1765335413223-605765869.png"]}', NULL, NULL, NULL, 1, NULL, 19, '2025-12-10 02:55:45', '2025-12-10 02:56:53', 0, NULL, NULL, NULL, NULL, NULL, NULL, NULL, NULL),
	(144, 'B 9999 EFG', 'CAHAYA REMBULANX', '+62-823-1212121', 'SIM-A-234501', 'BANDUNG', 'Loading Dock 5', NULL, 'Bahan Bangunan', 33333.00, 'checked_in', 'normal', '2025-12-10 03:02:00', '2025-12-10 10:03:37', NULL, NULL, NULL, NULL, '["/uploads/trucks/2025-12-10/BANDUNG/B-9999-EFG/truck_photos/Screenshot-2025-12-09-112720-1765335817209-559674008.png"]', '["/uploads/trucks/2025-12-10/BANDUNG/B-9999-EFG/document_photos/Screenshot-2025-12-09-092709-1765335817219-527082998.png"]', '["/uploads/trucks/2025-12-10/BANDUNG/B-9999-EFG/other_photos/Screenshot-2025-12-08-102604-1765335817230-201363471.png"]', '{"truck_photos":["/uploads/trucks/2025-12-10/BANDUNG/B-9999-EFG/truck_photos/Screenshot-2025-12-09-112720-1765335817209-559674008.png"],"document_photos":["/uploads/trucks/2025-12-10/BANDUNG/B-9999-EFG/document_photos/Screenshot-2025-12-09-092709-1765335817219-527082998.png"],"other_photos":["/uploads/trucks/2025-12-10/BANDUNG/B-9999-EFG/other_photos/Screenshot-2025-12-08-102604-1765335817230-201363471.png"],"sim":["/uploads/trucks/2025-12-10/BANDUNG/B-9999-EFG/sim/Screenshot-2025-12-08-141904-1765335817247-449637029.png"]}', NULL, NULL, NULL, 1, NULL, 19, '2025-12-10 03:02:59', '2025-12-10 04:48:49', 1, '2025-12-10 11:48:49', NULL, 'TIDAK JADI LOADING', NULL, NULL, NULL, NULL, NULL),
	(145, 'B 9999 EFGH', 'TONI-A', '+62-823-1212121', 'SIM-A-234501', 'BOGOR', 'Loading Dock 7', NULL, 'Bahan Bangunan', 33333.00, 'checked_in', 'normal', '2025-12-12 20:18:00', '2025-12-10 10:19:52', NULL, NULL, NULL, NULL, '["/uploads/trucks/2025-12-12/BOGOR/B-9999-EFGH/truck_photos/Screenshot-2025-09-26-092509-1765336792448-737330939.png"]', '["/uploads/trucks/2025-12-12/BOGOR/B-9999-EFGH/document_photos/Screenshot-2025-10-02-142027-1765336792505-552567277.png"]', '["/uploads/trucks/2025-12-12/BOGOR/B-9999-EFGH/other_photos/Screenshot-2025-10-03-152627-1765336792549-266399915.png"]', '{"truck_photos":["/uploads/trucks/2025-12-12/BOGOR/B-9999-EFGH/truck_photos/Screenshot-2025-09-26-092509-1765336792448-737330939.png"],"document_photos":["/uploads/trucks/2025-12-12/BOGOR/B-9999-EFGH/document_photos/Screenshot-2025-10-02-142027-1765336792505-552567277.png"],"other_photos":["/uploads/trucks/2025-12-12/BOGOR/B-9999-EFGH/other_photos/Screenshot-2025-10-03-152627-1765336792549-266399915.png"],"sim":["/uploads/trucks/2025-12-12/BOGOR/B-9999-EFGH/sim/Screenshot-2025-10-15-084517-1765336792568-326121760.png"]}', NULL, NULL, NULL, 1, NULL, 19, '2025-12-10 03:18:06', '2025-12-10 04:43:06', 1, '2025-12-10 11:43:06', NULL, NULL, NULL, NULL, NULL, NULL, NULL),
	(146, 'B 9999 EFGH', 'TONI-A', '+62-823-1212121', 'SIM-A-234501sss', 'BANDUNG', 'Loading Dock 2', NULL, 'Bahan Bangunan', 33333.00, 'cancelled', 'normal', '2025-12-11 03:49:00', NULL, NULL, NULL, NULL, NULL, NULL, NULL, NULL, NULL, NULL, NULL, NULL, 1, 19, 19, '2025-12-10 03:49:21', '2025-12-10 04:44:21', 0, NULL, '2025-12-10 11:44:21', 'BATAL', NULL, NULL, NULL, NULL, NULL),
	(147, 'B 1111 UJ', 'CONTOH', NULL, NULL, 'TOMODA', 'Loading Dock 2', NULL, NULL, NULL, 'checked_out', 'normal', '2026-01-08 07:23:00', '2026-01-08 13:29:00', '2026-01-08 13:32:47', '2026-01-08 13:34:47', '2026-01-08 13:41:55', 2, NULL, NULL, NULL, NULL, NULL, NULL, NULL, 1, NULL, 19, '2026-01-08 06:23:15', '2026-01-08 06:41:55', 0, NULL, NULL, NULL, NULL, NULL, NULL, NULL, NULL),
	(148, 'B 9999 EFGH', 'Damar', NULL, NULL, 'SERAYU', 'Loading Dock 3', NULL, NULL, NULL, 'checked_out', 'normal', '2026-01-08 07:24:00', '2026-01-08 13:49:55', '2026-01-08 13:50:21', '2026-01-08 13:51:00', '2026-01-08 13:51:23', 1, NULL, NULL, NULL, NULL, NULL, NULL, NULL, 1, NULL, 19, '2026-01-08 06:24:56', '2026-01-08 06:51:23', 0, NULL, NULL, NULL, NULL, NULL, NULL, NULL, NULL),
	(149, 'B 0', 'CONTOH', NULL, NULL, 'TOMADA', 'Loading Dock 1', NULL, NULL, NULL, 'scheduled', 'normal', '2026-01-08 06:44:00', NULL, NULL, NULL, NULL, NULL, NULL, NULL, NULL, NULL, NULL, NULL, NULL, 1, NULL, 19, '2026-01-08 06:44:55', '2026-01-08 06:53:02', 1, '2026-01-08 13:53:02', NULL, 'SALAH SCHEDULE', NULL, NULL, NULL, NULL, NULL),
	(150, NULL, NULL, NULL, NULL, 'TOMADA', 'Loading Dock 2', NULL, NULL, NULL, 'cancelled', 'normal', '2026-01-08 13:53:00', NULL, NULL, NULL, NULL, NULL, NULL, NULL, NULL, NULL, NULL, NULL, NULL, 1, NULL, NULL, '2026-01-08 06:53:50', '2026-01-08 06:54:09', 0, NULL, '2026-01-08 13:54:09', 'TRUK KECELAKAAN', NULL, NULL, NULL, NULL, NULL),
	(151, 'B 9999 EFGH', 'CAHAYA REMBULANX', NULL, NULL, 'BOGOR', 'Loading Dock 1 (CKG-GAS AREA)', NULL, NULL, NULL, 'checked_out', 'normal', '2026-01-09 06:34:00', '2026-01-09 13:59:58', NULL, NULL, '2026-01-09 14:00:04', NULL, '["/uploads/trucks/2026-01-09/BOGOR/B-9999-EFGH/truck_photos/shutterstock_2256099935-1-1024x713-1767941998262-422069939.jpg"]', NULL, NULL, '{"truck_photos":["/uploads/trucks/2026-01-09/BOGOR/B-9999-EFGH/truck_photos/shutterstock_2256099935-1-1024x713-1767941998262-422069939.jpg"]}', NULL, NULL, NULL, 1, NULL, 19, '2026-01-09 06:34:47', '2026-01-09 07:00:04', 0, NULL, NULL, NULL, NULL, NULL, NULL, NULL, NULL),
	(152, 'B 9999 EFGH', 'CAHAYA REMBULANX', '+628561033256', 'SIM-A-23450169X', 'bogor', 'Loading Dock 3 (KIP-SECURITY AREA)', NULL, NULL, NULL, 'checked_out', 'normal', '2026-01-09 07:04:00', '2026-01-09 16:11:53', '2026-01-09 16:12:18', '2026-01-09 16:13:42', '2026-01-09 16:24:17', 1, '["/uploads/trucks/2026-01-09/bogor/B-9999-EFGH/truck_photos/shutterstock_2256099935-1-1024x713-1767949901157-225519204.jpg","/uploads/trucks/2026-01-09/bogor/B-9999-EFGH/truck_photos/shutterstock_2256099935-1-1024x713-1767949901157-225519204.jpg"]', '["/uploads/trucks/2026-01-09/bogor/B-9999-EFGH/document_photos/IATF-Logo-1767949901161-688244561.gif","/uploads/trucks/2026-01-09/bogor/B-9999-EFGH/document_photos/IATF-Logo-1767949901161-688244561.gif"]', '["/uploads/trucks/2026-01-09/bogor/B-9999-EFGH/other_photos/Biru-Lowongan-Pekerjaan-Keuangan-Perusahaan-Instagram-Post-(6)-1767949901164-372682791.png","/uploads/trucks/2026-01-09/bogor/B-9999-EFGH/other_photos/Biru-Lowongan-Pekerjaan-Keuangan-Perusahaan-Instagram-Post-(6)-1767949901164-372682791.png"]', '{"truck_photos":["/uploads/trucks/2026-01-09/bogor/B-9999-EFGH/truck_photos/shutterstock_2256099935-1-1024x713-1767949901157-225519204.jpg"],"document_photos":["/uploads/trucks/2026-01-09/bogor/B-9999-EFGH/document_photos/IATF-Logo-1767949901161-688244561.gif"],"other_photos":["/uploads/trucks/2026-01-09/bogor/B-9999-EFGH/other_photos/Biru-Lowongan-Pekerjaan-Keuangan-Perusahaan-Instagram-Post-(6)-1767949901164-372682791.png"],"sim":["/uploads/trucks/2026-01-09/bogor/B-9999-EFGH/sim/WhatsApp-Image-2025-12-21-at-7.33.31-AM-1767949901173-593354401.jpeg"]}', 'test isi update data', NULL, NULL, 1, NULL, 19, '2026-01-09 07:04:29', '2026-01-09 09:24:17', 0, NULL, NULL, NULL, NULL, NULL, NULL, NULL, NULL),
	(153, 'B 1266 UZLA', 'Manager Logistik', '+62212345678', NULL, 'test', 'Loading Dock 3 (KIP-SECURITY AREA)', NULL, NULL, NULL, 'checked_out', 'normal', '2026-01-09 08:02:00', '2026-01-09 16:25:07', '2026-01-09 16:25:16', '2026-01-09 16:26:31', '2026-01-09 16:27:10', 1, '["/uploads/trucks/2026-01-09/test/B-1266-UZLA/truck_photos/shutterstock_2256099935-1-1024x713-1767950697330-949186738.jpg","/uploads/trucks/2026-01-09/test/B-1266-UZLA/truck_photos/shutterstock_2256099935-1-1024x713-1767950697330-949186738.jpg"]', '["/uploads/trucks/2026-01-09/test/B-1266-UZLA/document_photos/download-1767950697490-616019904.png","/uploads/trucks/2026-01-09/test/B-1266-UZLA/document_photos/download-1767950697490-616019904.png"]', '["/uploads/trucks/2026-01-09/test/B-1266-UZLA/other_photos/WhatsApp-Image-2025-12-18-at-6.12.10-AM-1767950697516-75047313.jpeg","/uploads/trucks/2026-01-09/test/B-1266-UZLA/other_photos/WhatsApp-Image-2025-12-18-at-6.12.10-AM-1767950697516-75047313.jpeg"]', '{"truck_photos":["/uploads/trucks/2026-01-09/test/B-1266-UZLA/truck_photos/shutterstock_2256099935-1-1024x713-1767950697330-949186738.jpg"],"document_photos":["/uploads/trucks/2026-01-09/test/B-1266-UZLA/document_photos/download-1767950697490-616019904.png"],"other_photos":["/uploads/trucks/2026-01-09/test/B-1266-UZLA/other_photos/WhatsApp-Image-2025-12-18-at-6.12.10-AM-1767950697516-75047313.jpeg"],"sim":["/uploads/trucks/2026-01-09/test/B-1266-UZLA/sim/WhatsApp-Image-2025-12-21-at-7.33.31-AM-1767950697525-977404530.jpeg"]}', NULL, NULL, NULL, 1, NULL, 19, '2026-01-09 08:02:37', '2026-01-09 09:27:10', 0, NULL, NULL, NULL, NULL, NULL, NULL, NULL, NULL),
	(154, 'B 9999 EFGH', 'CAHAYA REMBULANX', NULL, 'SIM-A-23450169', 'test', 'Loading Dock 2 (CKG-INCOMING AREA)', NULL, NULL, NULL, 'checked_in', 'normal', '2026-06-16 08:18:00', '2026-01-09 16:36:58', NULL, NULL, NULL, NULL, NULL, NULL, NULL, NULL, NULL, NULL, NULL, 1, NULL, 19, '2026-01-09 08:18:44', '2026-01-09 09:36:58', 0, NULL, NULL, NULL, NULL, NULL, NULL, NULL, NULL),
	(155, 'B 9999 EFGH', 'CAHAYA REMBULANX', '+628561033256', NULL, 'COBA COBA', 'Loading Dock 2 (CKG-INCOMING AREA)', NULL, NULL, NULL, 'loaded', 'normal', '2026-01-09 09:48:00', '2026-01-09 16:49:11', '2026-01-09 17:03:42', '2026-01-09 17:05:09', NULL, 1, NULL, NULL, NULL, NULL, NULL, NULL, NULL, 1, NULL, 19, '2026-01-09 09:48:17', '2026-01-09 10:05:09', 0, NULL, NULL, NULL, NULL, NULL, NULL, NULL, NULL),
	(156, 'B 9999 EFGH', 'Abdul Amjad Jaelani', '+6285710430285', NULL, 'KIP COBA', 'Loading Dock 4 (KIP-INCOMING AREA)', NULL, NULL, NULL, 'scheduled', 'normal', '2026-01-09 09:48:00', NULL, NULL, NULL, NULL, NULL, NULL, NULL, NULL, NULL, NULL, NULL, NULL, 1, NULL, 19, '2026-01-09 09:48:58', '2026-01-09 09:49:34', 0, NULL, NULL, NULL, NULL, NULL, NULL, NULL, NULL),
	(157, 'B 1234 CBA', 'Robby Prima Siregar', '+6287711060459', 'SIM-A-23450169X', 'SUNTER', 'Loading Dock 1 (CKG-GAS AREA)', NULL, NULL, NULL, 'checked_out', 'normal', '2026-01-12 03:47:00', '2026-01-12 13:41:47', '2026-01-12 13:41:52', '2026-01-12 13:44:50', '2026-01-12 13:44:54', 3, NULL, NULL, NULL, NULL, NULL, NULL, NULL, 1, NULL, 19, '2026-01-12 02:49:48', '2026-01-12 06:44:54', 0, NULL, NULL, NULL, NULL, NULL, NULL, NULL, NULL),
	(158, 'B 9999 EFGD', 'Himawan Aji Saputro', '+6282110877149', 'SIM-A-23450169', 'SURABAYA', 'Loading Dock 4 (KIP-INCOMING AREA)', NULL, NULL, NULL, 'checked_out', 'normal', '2026-01-12 13:45:00', '2026-01-12 13:46:14', '2026-01-12 13:46:15', '2026-01-12 13:46:23', '2026-01-12 13:46:25', 0, NULL, NULL, NULL, NULL, NULL, NULL, NULL, 1, 19, NULL, '2026-01-12 06:45:38', '2026-01-12 06:46:25', 0, NULL, NULL, NULL, NULL, NULL, NULL, NULL, NULL),
	(159, 'B 6202 UFB', 'CIPTA', '08561033256', NULL, 'PINDAD', 'Loading Dock 3 (KIP-SECURITY AREA)', NULL, NULL, NULL, 'checked_out', 'normal', '2026-01-19 04:36:00', '2026-01-19 11:39:23', '2026-01-19 11:39:28', '2026-01-19 11:41:15', '2026-01-19 11:41:19', 2, NULL, NULL, NULL, '', NULL, NULL, NULL, 1, NULL, 26, '2026-01-19 04:36:49', '2026-01-26 09:31:19', 0, NULL, NULL, NULL, NULL, NULL, NULL, NULL, NULL),
	(160, 'B 9677 KCC', 'DARNO', NULL, 'SIM B 133', 'MILKRUN ARMAS ADM SAP', 'Loading Dock 3 (KIP-SECURITY AREA)', 'DOC 123/365', NULL, NULL, 'checked_out', 'normal', '2026-01-26 16:37:00', '2026-01-26 16:37:43', '2026-01-26 16:37:44', '2026-01-26 16:37:45', '2026-01-26 16:42:26', 5, '["/uploads/trucks/160/160_CI_truck_01_20260126T163738.jpg","/uploads/trucks/160/160_CI_truck_01_20260126T163738.jpg"]', '["/uploads/trucks/160/160_CI_document_01_20260126T163738.png","/uploads/trucks/160/160_CI_document_01_20260126T163738.png"]', '["/uploads/trucks/160/160_CI_other_01_20260126T163738.jpg","/uploads/trucks/160/160_CI_other_01_20260126T163738.jpg"]', '{"truck_photos":["/uploads/trucks/160/160_CI_truck_01_20260126T163738.jpg"],"document_photos":["/uploads/trucks/160/160_CI_document_01_20260126T163738.png"],"other_photos":["/uploads/trucks/160/160_CI_other_01_20260126T163738.jpg"],"sim":["/uploads/trucks/160/160_CI_sim_01_20260126T163738.jpg"]}', 'TRUK KOSONG', NULL, NULL, 1, NULL, 19, '2026-01-26 02:55:33', '2026-01-26 09:42:26', 0, NULL, NULL, NULL, 'KOSONG ADALAH ISI', '["/uploads/trucks/160/160_CO_truck_01_20260126T164226.png"]', '["/uploads/trucks/160/160_CO_document_01_20260126T164226.jpg"]', '["/uploads/trucks/160/160_CO_other_01_20260126T164226.jpg"]', 'ISI ADALAH KOSONG'),
	(161, 'B 7777 EFGH', 'Abdul Amjad Jaelani', '+6285710430285', 'SIM-A-23450169', 'BOGOR', 'Loading Dock 3 (KIP-SECURITY AREA)', 'B11111', NULL, NULL, 'scheduled', 'normal', '2026-01-26 16:06:00', '2026-01-26 16:07:02', '2026-01-26 16:07:03', '2026-01-26 16:07:05', '2026-01-26 16:07:25', 0, '', '', '', '', '', NULL, NULL, 1, NULL, 19, '2026-01-26 03:20:28', '2026-01-26 09:30:37', 0, NULL, NULL, NULL, NULL, NULL, NULL, NULL, NULL),
	(162, 'B 9999 EFGH', 'Surya Sunaryo', '+6285710430285', 'SIM-A-23450169', 'popa', 'Loading Dock 4 (KIP-INCOMING AREA)', 'B11111', NULL, NULL, 'checked_out', 'normal', '2026-01-26 16:40:00', '2026-01-26 16:41:16', '2026-01-26 16:41:18', '2026-01-26 16:41:19', '2026-01-26 16:41:43', 0, '["/uploads/trucks/162/162_CI_truck_01_20260126T164105.png","/uploads/trucks/162/162_CI_truck_01_20260126T164105.png"]', '["/uploads/trucks/162/162_CI_document_01_20260126T164105.png","/uploads/trucks/162/162_CI_document_01_20260126T164105.png"]', '["/uploads/trucks/162/162_CI_other_01_20260126T164105.jpg","/uploads/trucks/162/162_CI_other_01_20260126T164105.jpg"]', '{"truck_photos":["/uploads/trucks/162/162_CI_truck_01_20260126T164105.png"],"document_photos":["/uploads/trucks/162/162_CI_document_01_20260126T164105.png"],"other_photos":["/uploads/trucks/162/162_CI_other_01_20260126T164105.jpg"],"sim":["/uploads/trucks/162/162_CI_sim_01_20260126T164105.jpg"]}', 'ini truk kosong', NULL, NULL, 1, NULL, 19, '2026-01-26 03:52:36', '2026-01-26 09:41:43', 0, NULL, NULL, NULL, 'isi isi', '["/uploads/trucks/162/162_CO_truck_01_20260126T164143.jpg"]', '["/uploads/trucks/162/162_CO_document_01_20260126T164143.jpg"]', '["/uploads/trucks/162/162_CO_other_01_20260126T164143.jpg"]', 'ini truk isi '),
	(163, 'B 7676 ML', 'Lukman Nulhakim', '+6282114053722', 'SIM-A-23450169X', 'JAKARTA-SUBCON', 'Loading Dock 1 (CKG-GAS AREA)', 'BIN KOSONG', NULL, NULL, 'checked_out', 'normal', '2026-01-26 16:31:00', '2026-01-26 16:32:20', '2026-01-26 16:32:21', '2026-01-26 16:32:22', '2026-01-26 16:32:43', 0, '["/uploads/trucks/163/163_CI_truck_01_20260126T163202.jpg","/uploads/trucks/163/163_CI_truck_01_20260126T163202.jpg"]', '["/uploads/trucks/163/163_CI_document_01_20260126T163202.png","/uploads/trucks/163/163_CI_document_01_20260126T163202.png"]', '["/uploads/trucks/163/163_CI_other_01_20260126T163202.jpg","/uploads/trucks/163/163_CI_other_01_20260126T163202.jpg"]', '{"truck_photos":["/uploads/trucks/163/163_CI_truck_01_20260126T163202.jpg"],"document_photos":["/uploads/trucks/163/163_CI_document_01_20260126T163202.png"],"other_photos":["/uploads/trucks/163/163_CI_other_01_20260126T163202.jpg"],"sim":["/uploads/trucks/163/163_CI_sim_01_20260126T163203.jpg"]}', 'TRUK KOSONG', NULL, NULL, 1, NULL, 19, '2026-01-26 06:34:49', '2026-01-26 09:32:43', 0, NULL, NULL, NULL, NULL, NULL, NULL, NULL, NULL),
	(164, NULL, NULL, NULL, NULL, 'PINDAD', 'Loading Dock 1 (CKG-GAS AREA)', NULL, NULL, NULL, 'scheduled', 'normal', '2026-01-27 09:06:00', NULL, NULL, NULL, NULL, NULL, NULL, NULL, NULL, NULL, NULL, NULL, NULL, 1, NULL, NULL, '2026-01-27 02:06:53', '2026-01-27 02:06:53', 0, NULL, NULL, NULL, NULL, NULL, NULL, NULL, NULL),
	(165, NULL, NULL, NULL, NULL, 'SURABAYA', 'Loading Dock 2 (CKG-INCOMING AREA)', NULL, NULL, NULL, 'scheduled', 'normal', '2026-01-27 09:07:00', NULL, NULL, NULL, NULL, NULL, NULL, NULL, NULL, NULL, NULL, NULL, NULL, 1, NULL, NULL, '2026-01-27 02:07:05', '2026-01-27 02:07:05', 0, NULL, NULL, NULL, NULL, NULL, NULL, NULL, NULL),
	(166, 'B 9999 EFGH', 'Surya Sunaryo', '+6285710430285', 'SIM-A-23450169', 'SUBCONT PALET', 'Loading Dock 3 (KIP-SECURITY AREA)', 'B 123', NULL, NULL, 'loaded', 'normal', '2026-01-27 13:38:00', '2026-01-27 13:39:19', '2026-01-27 13:39:23', '2026-01-27 13:39:24', NULL, 0, '["/uploads/trucks/166/166_CI_truck_01_20260127T133915.jpg","/uploads/trucks/166/166_CI_truck_01_20260127T133915.jpg"]', '["/uploads/trucks/166/166_CI_document_01_20260127T133915.png","/uploads/trucks/166/166_CI_document_01_20260127T133915.png"]', '["/uploads/trucks/166/166_CI_other_01_20260127T133915.jpg","/uploads/trucks/166/166_CI_other_01_20260127T133915.jpg"]', '{"truck_photos":["/uploads/trucks/166/166_CI_truck_01_20260127T133915.jpg"],"document_photos":["/uploads/trucks/166/166_CI_document_01_20260127T133915.png"],"other_photos":["/uploads/trucks/166/166_CI_other_01_20260127T133915.jpg"],"sim":["/uploads/trucks/166/166_CI_sim_01_20260127T133915.jpg"]}', 'KOSONG', NULL, NULL, 1, NULL, 19, '2026-01-27 02:07:34', '2026-01-27 06:39:24', 0, NULL, NULL, NULL, NULL, NULL, NULL, NULL, NULL),
	(167, 'B 1111 AA', 'JOKO', '+6282114053722', 'SIM-A-23450169X', 'SUBCONT PLAT', 'Loading Dock 4 (KIP-INCOMING AREA)', 'TRUK KOSONG', NULL, NULL, 'checked_out', 'normal', '2026-01-27 09:08:00', '2026-01-27 09:09:14', '2026-01-27 09:21:18', '2026-01-27 09:21:20', '2026-01-27 09:21:47', 13, '["/uploads/trucks/167/167_CI_truck_01_20260127T090900.jpg","/uploads/trucks/167/167_CI_truck_01_20260127T090900.jpg"]', '["/uploads/trucks/167/167_CI_document_01_20260127T090900.png","/uploads/trucks/167/167_CI_document_01_20260127T090900.png"]', '["/uploads/trucks/167/167_CI_other_01_20260127T090900.jpg","/uploads/trucks/167/167_CI_other_01_20260127T090900.jpg"]', '{"truck_photos":["/uploads/trucks/167/167_CI_truck_01_20260127T090900.jpg"],"document_photos":["/uploads/trucks/167/167_CI_document_01_20260127T090900.png"],"other_photos":["/uploads/trucks/167/167_CI_other_01_20260127T090900.jpg"],"sim":["/uploads/trucks/167/167_CI_sim_01_20260127T090900.jpg"]}', 'TRUK KOSONG', NULL, NULL, 1, NULL, 19, '2026-01-27 02:07:47', '2026-01-27 02:21:47', 0, NULL, NULL, NULL, 'DOC123', '["/uploads/trucks/167/167_CO_truck_01_20260127T092147.png"]', '["/uploads/trucks/167/167_CO_document_01_20260127T092147.jpg"]', '["/uploads/trucks/167/167_CO_other_01_20260127T092147.jpg"]', 'TRUK ISI');

-- Dumping structure for table e-connect_db.users
CREATE TABLE IF NOT EXISTS `users` (
  `id` int NOT NULL AUTO_INCREMENT,
  `username` varchar(50) CHARACTER SET utf8mb4 COLLATE utf8mb4_unicode_ci NOT NULL,
  `password` varchar(255) CHARACTER SET utf8mb4 COLLATE utf8mb4_unicode_ci NOT NULL,
  `menu_groups` varchar(255) CHARACTER SET utf8mb4 COLLATE utf8mb4_unicode_ci DEFAULT NULL,
  `role` varchar(10) COLLATE utf8mb4_unicode_ci DEFAULT NULL,
  `role_id` varchar(50) COLLATE utf8mb4_unicode_ci DEFAULT NULL,
  `menu_access` varchar(255) CHARACTER SET utf8mb4 COLLATE utf8mb4_unicode_ci DEFAULT NULL,
  `menu_permissions` json DEFAULT NULL,
  `full_name` varchar(100) CHARACTER SET utf8mb4 COLLATE utf8mb4_unicode_ci NOT NULL,
  `email` varchar(100) CHARACTER SET utf8mb4 COLLATE utf8mb4_unicode_ci DEFAULT NULL,
  `profile_picture` varchar(255) COLLATE utf8mb4_unicode_ci DEFAULT NULL,
  `bypass_face_detection` tinyint(1) DEFAULT '0',
  `phone` varchar(20) CHARACTER SET utf8mb4 COLLATE utf8mb4_unicode_ci DEFAULT NULL,
  `is_online` tinyint(1) DEFAULT '0',
  `last_activity` datetime DEFAULT NULL,
  `is_active` tinyint(1) DEFAULT '1',
  `last_login` datetime DEFAULT NULL,
  `login_attempts` int DEFAULT '0',
  `locked_until` datetime DEFAULT NULL,
  `created_at` timestamp NULL DEFAULT CURRENT_TIMESTAMP,
  `updated_at` timestamp NULL DEFAULT CURRENT_TIMESTAMP ON UPDATE CURRENT_TIMESTAMP,
  `deleted_at` timestamp NULL DEFAULT NULL,
  `is_deleted` int DEFAULT NULL,
  PRIMARY KEY (`id`),
  UNIQUE KEY `username` (`username`),
  UNIQUE KEY `email` (`email`),
  KEY `idx_username` (`username`),
  KEY `idx_role` (`role`),
  KEY `idx_email` (`email`),
  KEY `idx_is_active` (`is_active`)
) ENGINE=InnoDB DEFAULT CHARSET=utf8mb4 COLLATE=utf8mb4_unicode_ci;

-- Dumping data for table e-connect_db.users: ~317 rows (approximately)
DELETE FROM `users`;
INSERT INTO `users` (`id`, `username`, `password`, `menu_groups`, `role`, `role_id`, `menu_access`, `menu_permissions`, `full_name`, `email`, `profile_picture`, `bypass_face_detection`, `phone`, `is_online`, `last_activity`, `is_active`, `last_login`, `login_attempts`, `locked_until`, `created_at`, `updated_at`, `deleted_at`, `is_deleted`) VALUES
	(1, 'admin', '$2a$10$RJR8YmhjcdusdcCbmfABPupct8X3N5WGMZNDORmXVIj0iK3rxEvlO', NULL, 'admin', '1', NULL, NULL, 'System Administrator', 'admin@company.com', '/uploads/employees/test.jpg', 0, '+62-21-1234567', 0, '2026-02-13 10:12:27', 1, '2026-02-13 10:11:59', 0, NULL, '2025-10-21 03:19:39', '2026-02-16 05:12:12', '2025-12-04 02:55:28', NULL),
	(19, '2019149', '$2a$10$RJR8YmhjcdusdcCbmfABPupct8X3N5WGMZNDORmXVIj0iK3rxEvlO', 'My Dashboard,Master Data,RFID System,Vehicle System,Authorization', 'admin', NULL, 'My Dashboard,News,NewsDetail,Work Calendar,RFID Display,RFID Log,RFID Report,RFID Setup,Calendar,Dashboard,Display,Truck Report,User Management,User Roles,User Activity,Activity Log', '{"News": ["C", "R", "U", "D"], "Display": ["C", "R", "U", "D"], "Calendar": ["C", "R", "U", "D"], "RFID Log": ["C", "R", "U", "D"], "Dashboard": ["C", "R", "U", "D"], "NewsDetail": ["C", "R", "U", "D"], "RFID Setup": ["C", "R", "U", "D"], "User Roles": ["C", "R", "U", "D"], "RFID Report": ["C", "R", "U", "D"], "Activity Log": ["C", "R", "U", "D"], "My Dashboard": ["C", "R", "U", "D"], "RFID Display": ["C", "R", "U", "D"], "Truck Report": ["C", "R", "U", "D"], "User Activity": ["C", "R", "U", "D"], "Work Calendar": ["C", "R", "U", "D"], "User Management": ["C", "R", "U", "D"]}', 'Surya Sunaryo', 'Surya@ciptasaksama.co.id', '/uploads/employees/profile-1771216368234-973935362.jpg', 0, '08561033256', 1, '2026-02-18 16:54:19', 1, '2026-02-18 16:52:49', 0, NULL, '2025-12-06 07:46:23', '2026-02-18 09:54:19', NULL, NULL),
	(20, 'CNI0715067', '$2a$10$gC/iBy0MNMNEnIr0.0kz4eVGXB1/BK6p9btBL80ptIPz.c3vFZ5/K', 'Vehicle System,My Dashboard,Master Data', '22', NULL, 'Calendar,Dashboard,Display,My Dashboard,News,NewsDetail,Work Calendar,CreateNews', '{"News": ["R", "C", "U", "D"], "Display": ["R"], "Calendar": ["C", "R", "U", "D"], "Dashboard": ["C", "R", "U", "D"], "CreateNews": ["R", "C", "U", "D"], "NewsDetail": ["R", "C", "U", "D"], "My Dashboard": ["R"], "Work Calendar": ["R"]}', 'Robby Prima Siregar', 'robby.prima@ciptanissin.co.id', NULL, 0, '087711060459', 0, NULL, 1, '2026-01-12 15:26:36', 0, NULL, '2025-12-08 07:56:59', '2026-02-13 09:41:15', NULL, NULL),
	(22, 'CNI0715089', '$2a$10$vaYsLAYmtyEorqUmEDV4YOhT7iycJ6yeciUfu.XxJeOlzfnDstIjy', 'My Dashboard,Vehicle System,Master Data', '6', NULL, 'My Dashboard,Dashboard,Display,Truck Report,Work Calendar,Calendar', '{"Display": ["R"], "Calendar": ["C", "R", "U", "D"], "Dashboard": ["C", "R", "U"], "My Dashboard": ["R"], "Truck Report": ["C", "R", "U", "D"], "Work Calendar": ["R"]}', 'Aminudin', 'aminudin@ciptanissin.co.id', NULL, 0, '02190273055', 0, '2026-01-27 10:43:11', 1, '2026-01-26 10:47:02', 0, NULL, '2026-01-12 08:38:48', '2026-02-13 09:41:15', NULL, NULL),
	(23, 'CNI0717005', '$2a$10$yvswY4jByVONHGZDm4E8CeKTquAj8fMvU5RaTb8db.wUeyG.d69m6', 'My Dashboard,Vehicle System,Master Data', '6', NULL, 'My Dashboard,Calendar,Dashboard,Truck Report,Work Calendar', '{"Calendar": ["C", "R", "U"], "Dashboard": ["C", "R", "U"], "My Dashboard": ["R"], "Truck Report": ["R"], "Work Calendar": ["R"]}', 'Ardi Pribadi', 'ardi.pribadi@ciptanissin.co.id', NULL, 0, '085289904445', 0, NULL, 1, '2026-01-19 10:24:28', 0, NULL, '2026-01-19 02:55:02', '2026-02-13 09:41:15', NULL, NULL),
	(24, 'CNI0716244', '$2a$10$457fYtNh8VTq6b1/7by2EOFcKSN102o.IpVhJi1gcfdDuFLt8dp/e', 'My Dashboard,Vehicle System,Master Data', '6', NULL, 'My Dashboard,Calendar,Dashboard,Truck Report,Work Calendar', '{"Calendar": ["R", "C", "U"], "Dashboard": ["R", "U", "C"], "My Dashboard": ["R"], "Truck Report": ["R"], "Work Calendar": ["R"]}', 'Sukma Wibowo', 'sukmawibowo803@gmail.com', NULL, 0, '088214073688', 0, '2026-01-27 10:43:11', 1, '2026-01-26 10:47:13', 0, NULL, '2026-01-19 03:26:08', '2026-02-13 09:41:15', NULL, NULL),
	(26, 'CNI0716594', '$2a$10$KBRqEXXJkXbAdeNa/lzWdeEh2IADmzLeWjcqzA.omKuBLjWj2IXdq', 'My Dashboard,Vehicle System,Master Data', '5', NULL, 'My Dashboard,Calendar,Dashboard,Display,Truck Report,Work Calendar', '{"Display": ["C", "R", "U", "D"], "Calendar": ["C", "R", "U", "D"], "Dashboard": ["C", "R", "U", "D"], "My Dashboard": ["R"], "Truck Report": ["C", "R", "U", "D"], "Work Calendar": ["R"]}', 'Ugra Dwi Malintang Kurniawan', 'ugra.dwi@ciptanissin.co.id', NULL, 0, '085697797522', 0, '2026-02-13 17:05:00', 1, '2026-02-13 16:29:33', 0, NULL, '2026-01-19 03:29:52', '2026-02-13 10:05:00', NULL, NULL),
	(27, 'CNI0716122', '$2a$10$xdmR7j3BvptmEEFEDGEL..gmniOYLrtzZvx8iB2a2caV8bHj8Io/.', 'My Dashboard,Vehicle System', '5', NULL, 'My Dashboard,Calendar,Dashboard,Display,Truck Report', '{"Display": ["C", "R", "U", "D"], "Calendar": ["C", "R", "U", "D"], "Dashboard": ["C", "R", "U", "D"], "My Dashboard": ["R"], "Truck Report": ["C", "R", "U", "D"]}', 'Antonius Adrianto', 'antonius.adrianto@ciptanissin.co.id', NULL, 0, '081283923659', 0, '2026-01-19 16:18:27', 1, '2026-01-19 16:18:22', 0, NULL, '2026-01-19 06:41:18', '2026-02-13 09:41:15', NULL, NULL),
	(28, 'CNI0716871', '$2a$10$PBCbVSXY7nwS5zbTb5lGSeS9TalLMlZ7Va6Qlcx5EmEd8Kux6S6CO', 'My Dashboard,Vehicle System,Master Data', '6', NULL, 'My Dashboard,Calendar,Dashboard,Truck Report,Work Calendar', '{"Calendar": ["R"], "Dashboard": ["R"], "My Dashboard": ["R"], "Truck Report": ["R"], "Work Calendar": ["R"]}', 'Ferohati Zebua', 'ferohati.zebua@ciptanissin.co.id', NULL, 0, '081286591570', 0, '2026-01-28 16:27:56', 1, '2026-01-28 16:05:44', 0, NULL, '2026-01-19 06:41:42', '2026-02-13 09:41:15', NULL, NULL),
	(29, 'CNI0716267', '$2a$10$j.IfXPxTx.jDZtrTcqXdKe3LMjsCeFAeBfXKSsiaXcY9yyGL2q8ca', 'My Dashboard,Vehicle System,Master Data', '6', NULL, 'My Dashboard,Calendar,Dashboard,Truck Report,Work Calendar', '{"Calendar": ["C", "R", "U"], "Dashboard": ["C", "R", "U"], "My Dashboard": ["R"], "Truck Report": ["R"], "Work Calendar": ["R"]}', 'Asep Suryana', 'asep.suryana@ciptanissin.co.id', NULL, 0, '085320775865', 0, '2026-01-29 13:42:39', 1, '2026-01-29 10:01:46', 0, NULL, '2026-01-19 06:41:57', '2026-02-13 09:41:15', NULL, NULL),
	(30, 'CNI0716038', '$2a$10$OXScBJ8x.YAhEDPin32Au.ImP9jzGlUv7qXKJw57YnE6xSORSnNi6', 'My Dashboard,Vehicle System,Master Data', '6', NULL, 'My Dashboard,Calendar,Dashboard,Truck Report,Work Calendar', '{"Calendar": ["C", "R", "U"], "Dashboard": ["C", "R", "U"], "My Dashboard": ["R"], "Truck Report": ["R"], "Work Calendar": ["C", "R", "U", "D"]}', 'Dhany Firdaus', 'dhani.firdaus@ciptanissin.co.id', NULL, 0, '08158080644', 0, '2026-01-29 09:49:12', 1, '2026-01-28 16:36:40', 0, NULL, '2026-01-19 06:42:10', '2026-02-13 09:41:15', NULL, NULL),
	(32, '2019127', '$2a$10$cXgTe5zzzvIolGVjGfXy5.QlCI7TABrTOCATH6rucwHFKoqMXiBPK', 'My Dashboard,Master Data', '12', NULL, 'Work Calendar,My Dashboard,News,CreateNews,NewsDetail', '{"News": ["C", "R", "U", "D"], "CreateNews": ["C", "R", "U", "D"], "NewsDetail": ["C", "R", "U", "D"], "My Dashboard": ["R"], "Work Calendar": ["R"]}', 'Lukman Nulhakim', 'lukman@ciptasaksama.co.id', NULL, 0, '082114053722', 0, '2026-02-06 18:21:43', 1, '2026-02-06 17:19:53', 0, NULL, '2026-01-21 03:28:02', '2026-02-13 09:41:15', NULL, NULL),
	(33, '0214062', '$2a$10$wlP4MpDKoc6m7Rh.hV/wT.cN3mahsyJZl0hLaXHq8UZQb2wOwBzI.', 'My Dashboard,Vehicle System,Master Data', '23', NULL, 'My Dashboard,News,CreateNews,NewsDetail,Calendar,Dashboard,Display,Truck Report,Work Calendar', '{"News": ["R"], "Display": ["R"], "Calendar": ["R"], "Dashboard": ["R"], "CreateNews": ["R"], "NewsDetail": ["R"], "My Dashboard": ["R"], "Truck Report": ["R"], "Work Calendar": ["R"]}', 'Damar Septian Purbowo', 'damar.septian@ciptasaksama.co.id', NULL, 0, '083890430664', 0, '2026-01-30 16:49:57', 1, '2026-01-30 16:25:11', 0, NULL, '2026-01-21 03:40:34', '2026-02-13 09:41:15', NULL, NULL),
	(34, '2019154', '$2a$10$6xAaQ.Gg6fUMXZAjYBcEjOkBBQ7FJkjkz/NqmFXtjznXBeOuRs5C.', 'My Dashboard,Master Data', '31', NULL, 'My Dashboard,News,NewsDetail,Work Calendar', '{"News": ["R"], "NewsDetail": ["R"], "My Dashboard": ["R"], "Work Calendar": ["R"]}', 'Asep Sutrisna', 'asep.sutrisna@ciptasaksama.co.id', NULL, 0, '087787638673', 0, NULL, 1, NULL, 0, NULL, '2026-01-29 06:58:27', '2026-02-13 09:41:15', NULL, NULL),
	(35, '2019115', '$2a$10$6xAaQ.Gg6fUMXZAjYBcEjOkBBQ7FJkjkz/NqmFXtjznXBeOuRs5C.', 'My Dashboard,Master Data', '31', NULL, 'My Dashboard,News,NewsDetail,Work Calendar', '{"News": ["R"], "NewsDetail": ["R"], "My Dashboard": ["R"], "Work Calendar": ["R"]}', 'Bachtiar Pratama', 'bachtiar.pratama@ciptasaksama.co.id', NULL, 0, '081228445773', 0, NULL, 1, NULL, 0, NULL, '2026-01-29 06:58:27', '2026-02-13 09:41:15', NULL, NULL),
	(36, '2019148', '$2a$10$6xAaQ.Gg6fUMXZAjYBcEjOkBBQ7FJkjkz/NqmFXtjznXBeOuRs5C.', 'My Dashboard,Master Data', '31', NULL, 'My Dashboard,News,NewsDetail,Work Calendar', '{"News": ["R"], "NewsDetail": ["R"], "My Dashboard": ["R"], "Work Calendar": ["R"]}', 'Denis Hanif Prasetya', 'denis@ciptasaksama.co.id', NULL, 0, '0813 1922 9466', 0, NULL, 1, NULL, 0, NULL, '2026-01-29 06:58:27', '2026-02-13 09:41:15', NULL, NULL),
	(37, '2019121', '$2a$10$6xAaQ.Gg6fUMXZAjYBcEjOkBBQ7FJkjkz/NqmFXtjznXBeOuRs5C.', 'My Dashboard,Master Data', '31', NULL, 'My Dashboard,News,NewsDetail,Work Calendar', '{"News": ["R"], "NewsDetail": ["R"], "My Dashboard": ["R"], "Work Calendar": ["R"]}', 'Dety Artianingtyas Cahyawati', 'detyacahya@ciptasaksama.co.id', NULL, 0, '08121820365', 0, '2026-01-30 16:24:43', 1, '2026-01-30 15:13:23', 0, NULL, '2026-01-29 06:58:27', '2026-02-13 09:41:15', NULL, NULL),
	(38, '2019155', '$2a$10$6xAaQ.Gg6fUMXZAjYBcEjOkBBQ7FJkjkz/NqmFXtjznXBeOuRs5C.', 'My Dashboard,Master Data', '31', NULL, 'My Dashboard,News,NewsDetail,Work Calendar', '{"News": ["R"], "NewsDetail": ["R"], "My Dashboard": ["R"], "Work Calendar": ["R"]}', 'Hartoyo', 'hartoyo338@gmail.com', NULL, 0, '087888260228', 0, NULL, 1, NULL, 0, NULL, '2026-01-29 06:58:27', '2026-02-13 09:41:15', NULL, NULL),
	(39, '2019151', '$2a$10$6xAaQ.Gg6fUMXZAjYBcEjOkBBQ7FJkjkz/NqmFXtjznXBeOuRs5C.', 'My Dashboard,Master Data', '31', NULL, 'My Dashboard,News,NewsDetail,Work Calendar', '{"News": ["R"], "NewsDetail": ["R"], "My Dashboard": ["R"], "Work Calendar": ["R"]}', 'Helmi Cristina Hasugian', 'emi@ciptasaksama.co.id', NULL, 0, '08179147160', 0, NULL, 1, NULL, 0, NULL, '2026-01-29 06:58:27', '2026-02-13 09:41:15', NULL, NULL),
	(40, '1691021', '$2a$10$6xAaQ.Gg6fUMXZAjYBcEjOkBBQ7FJkjkz/NqmFXtjznXBeOuRs5C.', 'My Dashboard,Master Data', '31', NULL, 'My Dashboard,News,NewsDetail,Work Calendar', '{"News": ["R"], "NewsDetail": ["R"], "My Dashboard": ["R"], "Work Calendar": ["R"]}', 'Heti Sri Ruswati', 'hetty.sri@ciptasaksama.co.id', NULL, 0, '0218825382', 0, NULL, 1, NULL, 0, NULL, '2026-01-29 06:58:27', '2026-02-13 09:41:15', NULL, NULL),
	(41, '2019141', '$2a$10$6xAaQ.Gg6fUMXZAjYBcEjOkBBQ7FJkjkz/NqmFXtjznXBeOuRs5C.', 'My Dashboard,Master Data', '31', NULL, 'My Dashboard,News,NewsDetail,Work Calendar', '{"News": ["R"], "NewsDetail": ["R"], "My Dashboard": ["R"], "Work Calendar": ["R"]}', 'Ikbal Alamahdi', 'ikbalalamahdi@gmail.com', NULL, 0, '081225961877', 0, NULL, 1, NULL, 0, NULL, '2026-01-29 06:58:27', '2026-02-13 09:41:15', NULL, NULL),
	(42, '2019145', '$2a$10$6xAaQ.Gg6fUMXZAjYBcEjOkBBQ7FJkjkz/NqmFXtjznXBeOuRs5C.', 'My Dashboard,Master Data', '31', NULL, 'My Dashboard,News,NewsDetail,Work Calendar', '{"News": ["R"], "NewsDetail": ["R"], "My Dashboard": ["R"], "Work Calendar": ["R"]}', 'James Kambuno Wekin', 'James.Kambuno@ciptasaksama.co.id', NULL, 0, '081392464201', 0, NULL, 1, NULL, 0, NULL, '2026-01-29 06:58:27', '2026-02-13 09:41:15', NULL, NULL),
	(43, '1', '$2a$10$6xAaQ.Gg6fUMXZAjYBcEjOkBBQ7FJkjkz/NqmFXtjznXBeOuRs5C.', 'My Dashboard,Master Data', '31', NULL, 'My Dashboard,News,NewsDetail,Work Calendar', '{"News": ["R"], "NewsDetail": ["R"], "My Dashboard": ["R"], "Work Calendar": ["R"]}', 'Leo Kosasih', 'leo@ciptasaksama.co.id', NULL, 0, '', 0, NULL, 1, NULL, 0, NULL, '2026-01-29 06:58:27', '2026-02-13 09:41:15', NULL, NULL),
	(44, '2019101', '$2a$10$6xAaQ.Gg6fUMXZAjYBcEjOkBBQ7FJkjkz/NqmFXtjznXBeOuRs5C.', 'My Dashboard,Master Data', '31', NULL, 'My Dashboard,News,NewsDetail,Work Calendar', '{"News": ["R"], "NewsDetail": ["R"], "My Dashboard": ["R"], "Work Calendar": ["R"]}', 'Maranatha Agustina', 'maranatha.agustina@ciptasaksama.co.id', NULL, 0, '081287946774', 0, NULL, 1, NULL, 0, NULL, '2026-01-29 06:58:27', '2026-02-13 09:41:15', NULL, NULL),
	(45, '2016006', '$2a$10$6xAaQ.Gg6fUMXZAjYBcEjOkBBQ7FJkjkz/NqmFXtjznXBeOuRs5C.', 'My Dashboard,Master Data', '31', NULL, 'My Dashboard,News,NewsDetail,Work Calendar', '{"News": ["R"], "NewsDetail": ["R"], "My Dashboard": ["R"], "Work Calendar": ["R"]}', 'Muhamad Samsul Bakhri', 'samsul@ciptasaksama.co.id', NULL, 0, '085725746335', 0, NULL, 1, NULL, 0, NULL, '2026-01-29 06:58:27', '2026-02-13 09:41:15', NULL, NULL),
	(46, '1617077', '$2a$10$6xAaQ.Gg6fUMXZAjYBcEjOkBBQ7FJkjkz/NqmFXtjznXBeOuRs5C.', 'My Dashboard,Master Data', '31', NULL, 'My Dashboard,News,NewsDetail,Work Calendar', '{"News": ["R"], "NewsDetail": ["R"], "My Dashboard": ["R"], "Work Calendar": ["R"]}', 'Noveliyanti', 'noveliyanti@ciptasaksama.co.id', NULL, 0, '082312467421', 0, NULL, 1, NULL, 0, NULL, '2026-01-29 06:58:27', '2026-02-13 09:41:15', NULL, NULL),
	(47, '2019126', '$2a$10$6xAaQ.Gg6fUMXZAjYBcEjOkBBQ7FJkjkz/NqmFXtjznXBeOuRs5C.', 'My Dashboard,Master Data', '31', NULL, 'My Dashboard,News,NewsDetail,Work Calendar', '{"News": ["R"], "NewsDetail": ["R"], "My Dashboard": ["R"], "Work Calendar": ["R"]}', 'Novina W. Sitanggang', 'Novina.sitanggang@ciptasaksama.co.id', NULL, 0, '082122158372', 0, NULL, 1, NULL, 0, NULL, '2026-01-29 06:58:27', '2026-02-13 09:41:15', NULL, NULL),
	(48, '2019153', '$2a$10$6xAaQ.Gg6fUMXZAjYBcEjOkBBQ7FJkjkz/NqmFXtjznXBeOuRs5C.', 'My Dashboard,Master Data', '31', NULL, 'My Dashboard,News,NewsDetail,Work Calendar', '{"News": ["R"], "NewsDetail": ["R"], "My Dashboard": ["R"], "Work Calendar": ["R"]}', 'Rahadi Pramana', 'Rahadi@ciptasaksama.co.id', NULL, 0, '081289194939', 0, NULL, 1, NULL, 0, NULL, '2026-01-29 06:58:27', '2026-02-13 09:41:15', NULL, NULL),
	(49, '2019152', '$2a$10$6xAaQ.Gg6fUMXZAjYBcEjOkBBQ7FJkjkz/NqmFXtjznXBeOuRs5C.', 'My Dashboard,Master Data', '31', NULL, 'My Dashboard,News,NewsDetail,Work Calendar', '{"News": ["R"], "NewsDetail": ["R"], "My Dashboard": ["R"], "Work Calendar": ["R"]}', 'Ronna Mery Haro', 'ronna.mery@ciptasaksama.co.id', NULL, 0, '082211398962', 0, NULL, 1, NULL, 0, NULL, '2026-01-29 06:58:27', '2026-02-13 09:41:15', NULL, NULL),
	(50, '2019107', '$2a$10$6xAaQ.Gg6fUMXZAjYBcEjOkBBQ7FJkjkz/NqmFXtjznXBeOuRs5C.', 'My Dashboard,Master Data', '31', NULL, 'My Dashboard,News,NewsDetail,Work Calendar', '{"News": ["R"], "NewsDetail": ["R"], "My Dashboard": ["R"], "Work Calendar": ["R"]}', 'Sartika Boru Purba', 'sartika.purba@ciptasaksama.co.id', NULL, 0, '082311168504', 0, NULL, 1, NULL, 0, NULL, '2026-01-29 06:58:27', '2026-02-13 09:41:15', NULL, NULL),
	(51, '2018091', '$2a$10$6xAaQ.Gg6fUMXZAjYBcEjOkBBQ7FJkjkz/NqmFXtjznXBeOuRs5C.', 'My Dashboard,Master Data', '31', NULL, 'My Dashboard,News,NewsDetail,Work Calendar', '{"News": ["R"], "NewsDetail": ["R"], "My Dashboard": ["R"], "Work Calendar": ["R"]}', 'Sri Pratini Dewi Eunike', 'dewi@ciptasaksama.co.id', NULL, 0, '087780736641', 0, NULL, 1, NULL, 0, NULL, '2026-01-29 06:58:27', '2026-02-13 09:41:15', NULL, NULL),
	(52, '114061', '$2a$10$6xAaQ.Gg6fUMXZAjYBcEjOkBBQ7FJkjkz/NqmFXtjznXBeOuRs5C.', 'My Dashboard,Master Data', '31', NULL, 'My Dashboard,News,NewsDetail,Work Calendar', '{"News": ["R"], "NewsDetail": ["R"], "My Dashboard": ["R"], "Work Calendar": ["R"]}', 'Tarsisius Tartiadi', 'tarsisius.tartiadi@ciptasaksama.co.id', NULL, 0, '082110577996', 0, NULL, 1, NULL, 0, NULL, '2026-01-29 06:58:27', '2026-02-13 09:41:15', NULL, NULL),
	(53, '1617081', '$2a$10$6xAaQ.Gg6fUMXZAjYBcEjOkBBQ7FJkjkz/NqmFXtjznXBeOuRs5C.', 'My Dashboard,Master Data', '31', NULL, 'My Dashboard,News,NewsDetail,Work Calendar', '{"News": ["R"], "NewsDetail": ["R"], "My Dashboard": ["R"], "Work Calendar": ["R"]}', 'Yohan Saputra', 'yohan.saputra@ciptasaksama.co.id', NULL, 0, '087880794422', 0, NULL, 1, NULL, 0, NULL, '2026-01-29 06:58:27', '2026-02-13 09:41:15', NULL, NULL),
	(54, 'CNI0717765', '$2a$10$6xAaQ.Gg6fUMXZAjYBcEjOkBBQ7FJkjkz/NqmFXtjznXBeOuRs5C.', 'My Dashboard,Master Data', '31', NULL, 'My Dashboard,News,NewsDetail,Work Calendar', '{"News": ["R"], "NewsDetail": ["R"], "My Dashboard": ["R"], "Work Calendar": ["R"]}', 'Abdul Amjad Jaelani', 'penyasjaelani@gmail.com', NULL, 0, '085710430285', 0, NULL, 1, NULL, 0, NULL, '2026-01-29 06:58:27', '2026-02-13 09:41:15', NULL, NULL),
	(55, 'CNI0717800', '$2a$10$6xAaQ.Gg6fUMXZAjYBcEjOkBBQ7FJkjkz/NqmFXtjznXBeOuRs5C.', 'My Dashboard,Master Data', '31', NULL, 'My Dashboard,News,NewsDetail,Work Calendar', '{"News": ["R"], "NewsDetail": ["R"], "My Dashboard": ["R"], "Work Calendar": ["R"]}', 'Abdul Rosid', 'arosid418@gmail.com', NULL, 0, '085890279811', 0, NULL, 1, NULL, 0, NULL, '2026-01-29 06:58:27', '2026-02-13 09:41:15', NULL, NULL),
	(56, 'CNI0717745', '$2a$10$6xAaQ.Gg6fUMXZAjYBcEjOkBBQ7FJkjkz/NqmFXtjznXBeOuRs5C.', 'My Dashboard,Master Data', '31', NULL, 'My Dashboard,News,NewsDetail,Work Calendar', '{"News": ["R"], "NewsDetail": ["R"], "My Dashboard": ["R"], "Work Calendar": ["R"]}', 'Abdul Sholeh', 'abdulsholeh596@gmail.com', NULL, 0, '083805551038', 0, NULL, 1, NULL, 0, NULL, '2026-01-29 06:58:27', '2026-02-13 09:41:15', NULL, NULL),
	(57, 'CNI0716250', '$2a$10$6xAaQ.Gg6fUMXZAjYBcEjOkBBQ7FJkjkz/NqmFXtjznXBeOuRs5C.', 'My Dashboard,Master Data', '31', NULL, 'My Dashboard,News,NewsDetail,Work Calendar', '{"News": ["R"], "NewsDetail": ["R"], "My Dashboard": ["R"], "Work Calendar": ["R"]}', 'Abel Sutrisno', 'abel.sutrisno@ciptanissin.co.id', NULL, 0, '081905622234', 0, NULL, 1, NULL, 0, NULL, '2026-01-29 06:58:27', '2026-02-13 09:41:15', NULL, NULL),
	(58, 'CNI0716149', '$2a$10$6xAaQ.Gg6fUMXZAjYBcEjOkBBQ7FJkjkz/NqmFXtjznXBeOuRs5C.', 'My Dashboard,Master Data', '31', NULL, 'My Dashboard,News,NewsDetail,Work Calendar', '{"News": ["R"], "NewsDetail": ["R"], "My Dashboard": ["R"], "Work Calendar": ["R"]}', 'Achmad Rifian', 'achmad.rivian.76@gmail.com', NULL, 0, '081310093084', 0, NULL, 1, NULL, 0, NULL, '2026-01-29 06:58:27', '2026-02-13 09:41:15', NULL, NULL),
	(59, 'CNI0717452', '$2a$10$6xAaQ.Gg6fUMXZAjYBcEjOkBBQ7FJkjkz/NqmFXtjznXBeOuRs5C.', 'My Dashboard,Master Data', '31', NULL, 'My Dashboard,News,NewsDetail,Work Calendar', '{"News": ["R"], "NewsDetail": ["R"], "My Dashboard": ["R"], "Work Calendar": ["R"]}', 'Achmad Syaifulloh', 'achmadsyaifulloh29@gmail.com', NULL, 0, '087718070772', 0, NULL, 1, NULL, 0, NULL, '2026-01-29 06:58:27', '2026-02-13 09:41:15', NULL, NULL),
	(60, 'CNI0717815', '$2a$10$6xAaQ.Gg6fUMXZAjYBcEjOkBBQ7FJkjkz/NqmFXtjznXBeOuRs5C.', 'My Dashboard,Master Data', '31', NULL, 'My Dashboard,News,NewsDetail,Work Calendar', '{"News": ["R"], "NewsDetail": ["R"], "My Dashboard": ["R"], "Work Calendar": ["R"]}', 'Ade Abdul Azis', 'adeabdulazis878@gmail.com', NULL, 0, '088223707606', 0, NULL, 1, NULL, 0, NULL, '2026-01-29 06:58:27', '2026-02-13 09:41:15', NULL, NULL),
	(61, 'CNI0715077', '$2a$10$6xAaQ.Gg6fUMXZAjYBcEjOkBBQ7FJkjkz/NqmFXtjznXBeOuRs5C.', 'My Dashboard,Master Data', '31', NULL, 'My Dashboard,News,NewsDetail,Work Calendar', '{"News": ["R"], "NewsDetail": ["R"], "My Dashboard": ["R"], "Work Calendar": ["R"]}', 'Ade Indra Hendrawan', 'ade.indra@ciptanissin.co.id', NULL, 0, '085714343665', 0, NULL, 1, NULL, 0, NULL, '2026-01-29 06:58:27', '2026-02-13 09:41:15', NULL, NULL),
	(62, 'CNI0717761', '$2a$10$6xAaQ.Gg6fUMXZAjYBcEjOkBBQ7FJkjkz/NqmFXtjznXBeOuRs5C.', 'My Dashboard,Master Data', '31', NULL, 'My Dashboard,News,NewsDetail,Work Calendar', '{"News": ["R"], "NewsDetail": ["R"], "My Dashboard": ["R"], "Work Calendar": ["R"]}', 'Ade Kurnia Wijaya', 'adekurnia78@gmail.com', NULL, 0, '087755560611', 0, NULL, 1, NULL, 0, NULL, '2026-01-29 06:58:27', '2026-02-13 09:41:15', NULL, NULL),
	(63, 'CNI0717248', '$2a$10$6xAaQ.Gg6fUMXZAjYBcEjOkBBQ7FJkjkz/NqmFXtjznXBeOuRs5C.', 'My Dashboard,Master Data', '31', NULL, 'My Dashboard,News,NewsDetail,Work Calendar', '{"News": ["R"], "NewsDetail": ["R"], "My Dashboard": ["R"], "Work Calendar": ["R"]}', 'Adi Priyanto', 'adi.priyanto@ciptanissin.co.id', NULL, 0, '085286438235', 0, NULL, 1, NULL, 0, NULL, '2026-01-29 06:58:27', '2026-02-13 09:41:15', NULL, NULL),
	(64, 'CNI0717294', '$2a$10$6xAaQ.Gg6fUMXZAjYBcEjOkBBQ7FJkjkz/NqmFXtjznXBeOuRs5C.', 'My Dashboard,Master Data', '31', NULL, 'My Dashboard,News,NewsDetail,Work Calendar', '{"News": ["R"], "NewsDetail": ["R"], "My Dashboard": ["R"], "Work Calendar": ["R"]}', 'Aditya Bayu Pratama', 'aditya.bayu@ciptanissin.co.id', NULL, 0, '081779570838', 0, NULL, 1, NULL, 0, NULL, '2026-01-29 06:58:27', '2026-02-13 09:41:15', NULL, NULL),
	(65, 'CNI0717601', '$2a$10$6xAaQ.Gg6fUMXZAjYBcEjOkBBQ7FJkjkz/NqmFXtjznXBeOuRs5C.', 'My Dashboard,Master Data', '31', NULL, 'My Dashboard,News,NewsDetail,Work Calendar', '{"News": ["R"], "NewsDetail": ["R"], "My Dashboard": ["R"], "Work Calendar": ["R"]}', 'Aditya Chandra Setiawan', 'aditya.cs9999@gmail.com', NULL, 0, '088291918424', 0, NULL, 1, NULL, 0, NULL, '2026-01-29 06:58:27', '2026-02-13 09:41:15', NULL, NULL),
	(66, 'CNI0716773', '$2a$10$6xAaQ.Gg6fUMXZAjYBcEjOkBBQ7FJkjkz/NqmFXtjznXBeOuRs5C.', 'My Dashboard,Master Data', '31', NULL, 'My Dashboard,News,NewsDetail,Work Calendar', '{"News": ["R"], "NewsDetail": ["R"], "My Dashboard": ["R"], "Work Calendar": ["R"]}', 'Afif Fazri', 'afif.fazri@ciptanissin.co.id', NULL, 0, '08119157853', 0, NULL, 1, NULL, 0, NULL, '2026-01-29 06:58:27', '2026-02-13 09:41:15', NULL, NULL),
	(67, 'CNI0717600', '$2a$10$6xAaQ.Gg6fUMXZAjYBcEjOkBBQ7FJkjkz/NqmFXtjznXBeOuRs5C.', 'My Dashboard,Master Data', '31', NULL, 'My Dashboard,News,NewsDetail,Work Calendar', '{"News": ["R"], "NewsDetail": ["R"], "My Dashboard": ["R"], "Work Calendar": ["R"]}', 'Afrizal Aprilianto', 'valdoerdi@gmail.com', NULL, 0, '0895360936442', 0, NULL, 1, NULL, 0, NULL, '2026-01-29 06:58:27', '2026-02-13 09:41:15', NULL, NULL),
	(68, 'CNI0716941', '$2a$10$6xAaQ.Gg6fUMXZAjYBcEjOkBBQ7FJkjkz/NqmFXtjznXBeOuRs5C.', 'My Dashboard,Master Data', '31', NULL, 'My Dashboard,News,NewsDetail,Work Calendar', '{"News": ["R"], "NewsDetail": ["R"], "My Dashboard": ["R"], "Work Calendar": ["R"]}', 'Agil Gustianto', 'Agilgustianto31@gmail.com', NULL, 0, '089666679466', 0, NULL, 1, NULL, 0, NULL, '2026-01-29 06:58:27', '2026-02-13 09:41:15', NULL, NULL),
	(69, 'CNI0715048', '$2a$10$6xAaQ.Gg6fUMXZAjYBcEjOkBBQ7FJkjkz/NqmFXtjznXBeOuRs5C.', 'My Dashboard,Master Data', '31', NULL, 'My Dashboard,News,NewsDetail,Work Calendar', '{"News": ["R"], "NewsDetail": ["R"], "My Dashboard": ["R"], "Work Calendar": ["R"]}', 'Agung Guntur', 'agungguntur1213@gmail.com', NULL, 0, '082211433342', 0, NULL, 1, NULL, 0, NULL, '2026-01-29 06:58:27', '2026-02-13 09:41:15', NULL, NULL),
	(70, 'CNI0717839', '$2a$10$6xAaQ.Gg6fUMXZAjYBcEjOkBBQ7FJkjkz/NqmFXtjznXBeOuRs5C.', 'My Dashboard,Master Data', '31', NULL, 'My Dashboard,News,NewsDetail,Work Calendar', '{"News": ["R"], "NewsDetail": ["R"], "My Dashboard": ["R"], "Work Calendar": ["R"]}', 'Agung Hartanto', 'agunghartanto547@gmail.com', NULL, 0, '083145993961', 0, NULL, 1, NULL, 0, NULL, '2026-01-29 06:58:27', '2026-02-13 09:41:15', NULL, NULL),
	(71, 'CNI0717198', '$2a$10$6xAaQ.Gg6fUMXZAjYBcEjOkBBQ7FJkjkz/NqmFXtjznXBeOuRs5C.', 'My Dashboard,Master Data', '31', NULL, 'My Dashboard,News,NewsDetail,Work Calendar', '{"News": ["R"], "NewsDetail": ["R"], "My Dashboard": ["R"], "Work Calendar": ["R"]}', 'Agus Andi Antoro', 'agus_andiantoro@yahoo.com', NULL, 0, '087777943062', 0, NULL, 1, NULL, 0, NULL, '2026-01-29 06:58:27', '2026-02-13 09:41:15', NULL, NULL),
	(72, 'CNI0716471', '$2a$10$6xAaQ.Gg6fUMXZAjYBcEjOkBBQ7FJkjkz/NqmFXtjznXBeOuRs5C.', 'My Dashboard,Master Data', '31', NULL, 'My Dashboard,News,NewsDetail,Work Calendar', '{"News": ["R"], "NewsDetail": ["R"], "My Dashboard": ["R"], "Work Calendar": ["R"]}', 'Agus Budiyanto', 'agusbudhyyanto@gmail.com', NULL, 0, '081387630666', 0, NULL, 1, NULL, 0, NULL, '2026-01-29 06:58:27', '2026-02-13 09:41:15', NULL, NULL),
	(73, 'CNI0717199', '$2a$10$6xAaQ.Gg6fUMXZAjYBcEjOkBBQ7FJkjkz/NqmFXtjznXBeOuRs5C.', 'My Dashboard,Master Data', '31', NULL, 'My Dashboard,News,NewsDetail,Work Calendar', '{"News": ["R"], "NewsDetail": ["R"], "My Dashboard": ["R"], "Work Calendar": ["R"]}', 'Agus Saputra Sutomo', 'saputraagus1128@gmail.com', NULL, 0, '082242250638', 0, NULL, 1, NULL, 0, NULL, '2026-01-29 06:58:27', '2026-02-13 09:41:15', NULL, NULL),
	(74, 'CNI0716880', '$2a$10$6xAaQ.Gg6fUMXZAjYBcEjOkBBQ7FJkjkz/NqmFXtjznXBeOuRs5C.', 'My Dashboard,Master Data', '31', NULL, 'My Dashboard,News,NewsDetail,Work Calendar', '{"News": ["R"], "NewsDetail": ["R"], "My Dashboard": ["R"], "Work Calendar": ["R"]}', 'Ahmad Andi Wijaya', 'andiwijayaahmad@gmail.com', NULL, 0, '085213857079', 0, NULL, 1, NULL, 0, NULL, '2026-01-29 06:58:27', '2026-02-13 09:41:15', NULL, NULL),
	(75, 'CNI0717775', '$2a$10$6xAaQ.Gg6fUMXZAjYBcEjOkBBQ7FJkjkz/NqmFXtjznXBeOuRs5C.', 'My Dashboard,Master Data', '31', NULL, 'My Dashboard,News,NewsDetail,Work Calendar', '{"News": ["R"], "NewsDetail": ["R"], "My Dashboard": ["R"], "Work Calendar": ["R"]}', 'Ahmad Anggi Sitorus', 'anggisitorus17@gmail.com', NULL, 0, '085782559806', 0, NULL, 1, NULL, 0, NULL, '2026-01-29 06:58:27', '2026-02-13 09:41:15', NULL, NULL),
	(76, 'CNI0716764', '$2a$10$6xAaQ.Gg6fUMXZAjYBcEjOkBBQ7FJkjkz/NqmFXtjznXBeOuRs5C.', 'My Dashboard,Master Data', '31', NULL, 'My Dashboard,News,NewsDetail,Work Calendar', '{"News": ["R"], "NewsDetail": ["R"], "My Dashboard": ["R"], "Work Calendar": ["R"]}', 'Ahmad Badri', 'ahmad.badri@ciptanissin.co.id', NULL, 0, '081289693929', 0, NULL, 1, NULL, 0, NULL, '2026-01-29 06:58:27', '2026-02-13 09:41:15', NULL, NULL),
	(77, 'CNI0717858', '$2a$10$6xAaQ.Gg6fUMXZAjYBcEjOkBBQ7FJkjkz/NqmFXtjznXBeOuRs5C.', 'My Dashboard,Master Data', '31', NULL, 'My Dashboard,News,NewsDetail,Work Calendar', '{"News": ["R"], "NewsDetail": ["R"], "My Dashboard": ["R"], "Work Calendar": ["R"]}', 'Ahmad Buchori', 'buchoriizoel80@gmail.com', NULL, 0, '087886589775', 0, NULL, 1, NULL, 0, NULL, '2026-01-29 06:58:27', '2026-02-13 09:41:15', NULL, NULL),
	(78, 'CNI0717484', '$2a$10$6xAaQ.Gg6fUMXZAjYBcEjOkBBQ7FJkjkz/NqmFXtjznXBeOuRs5C.', 'My Dashboard,Master Data', '31', NULL, 'My Dashboard,News,NewsDetail,Work Calendar', '{"News": ["R"], "NewsDetail": ["R"], "My Dashboard": ["R"], "Work Calendar": ["R"]}', 'Ahmad Farid Wardiansyah', 'ahmadfarid3328@gmail.com', NULL, 0, '082313130299', 0, NULL, 1, NULL, 0, NULL, '2026-01-29 06:58:27', '2026-02-13 09:41:15', NULL, NULL),
	(79, 'CNI0717686', '$2a$10$6xAaQ.Gg6fUMXZAjYBcEjOkBBQ7FJkjkz/NqmFXtjznXBeOuRs5C.', 'My Dashboard,Master Data', '31', NULL, 'My Dashboard,News,NewsDetail,Work Calendar', '{"News": ["R"], "NewsDetail": ["R"], "My Dashboard": ["R"], "Work Calendar": ["R"]}', 'Ahmad Fauzan Fahmi', 'ahmadfauzanfahmi93@gmail.com', NULL, 0, '083815772919', 0, NULL, 1, NULL, 0, NULL, '2026-01-29 06:58:27', '2026-02-13 09:41:15', NULL, NULL),
	(80, 'CNI0717234', '$2a$10$6xAaQ.Gg6fUMXZAjYBcEjOkBBQ7FJkjkz/NqmFXtjznXBeOuRs5C.', 'My Dashboard,Master Data', '31', NULL, 'My Dashboard,News,NewsDetail,Work Calendar', '{"News": ["R"], "NewsDetail": ["R"], "My Dashboard": ["R"], "Work Calendar": ["R"]}', 'Ahmad Fudoli', 'ahmadfudoli119@gmail.com', NULL, 0, '08569908950', 0, NULL, 1, NULL, 0, NULL, '2026-01-29 06:58:27', '2026-02-13 09:41:15', NULL, NULL),
	(81, 'CNI0717629', '$2a$10$6xAaQ.Gg6fUMXZAjYBcEjOkBBQ7FJkjkz/NqmFXtjznXBeOuRs5C.', 'My Dashboard,Master Data', '31', NULL, 'My Dashboard,News,NewsDetail,Work Calendar', '{"News": ["R"], "NewsDetail": ["R"], "My Dashboard": ["R"], "Work Calendar": ["R"]}', 'Ahmad Hidayat Rangkuti', 'ahmad.hidayat@ciptanissin.co.id', NULL, 0, '081289444343', 0, NULL, 1, NULL, 0, NULL, '2026-01-29 06:58:27', '2026-02-13 09:41:15', NULL, NULL),
	(82, 'CNI0717778', '$2a$10$6xAaQ.Gg6fUMXZAjYBcEjOkBBQ7FJkjkz/NqmFXtjznXBeOuRs5C.', 'My Dashboard,Master Data', '31', NULL, 'My Dashboard,News,NewsDetail,Work Calendar', '{"News": ["R"], "NewsDetail": ["R"], "My Dashboard": ["R"], "Work Calendar": ["R"]}', 'Ahmad Rifai', 'faibae751@gmail.com', NULL, 0, '083119221255', 0, NULL, 1, NULL, 0, NULL, '2026-01-29 06:58:27', '2026-02-13 09:41:15', NULL, NULL),
	(83, 'CNI0717825', '$2a$10$6xAaQ.Gg6fUMXZAjYBcEjOkBBQ7FJkjkz/NqmFXtjznXBeOuRs5C.', 'My Dashboard,Master Data', '31', NULL, 'My Dashboard,News,NewsDetail,Work Calendar', '{"News": ["R"], "NewsDetail": ["R"], "My Dashboard": ["R"], "Work Calendar": ["R"]}', 'Ajat Setiawan', 'setiawanazat@gmail.com', NULL, 0, '081212275515', 0, NULL, 1, NULL, 0, NULL, '2026-01-29 06:58:27', '2026-02-13 09:41:15', NULL, NULL),
	(84, 'CNI0717832', '$2a$10$6xAaQ.Gg6fUMXZAjYBcEjOkBBQ7FJkjkz/NqmFXtjznXBeOuRs5C.', 'My Dashboard,Master Data', '31', NULL, 'My Dashboard,News,NewsDetail,Work Calendar', '{"News": ["R"], "NewsDetail": ["R"], "My Dashboard": ["R"], "Work Calendar": ["R"]}', 'Akhmad Zaeni', 'akhmadzaelani27@gmail.com', NULL, 0, '085715676124', 0, NULL, 1, NULL, 0, NULL, '2026-01-29 06:58:27', '2026-02-13 09:41:15', NULL, NULL),
	(85, 'CNI0717779', '$2a$10$6xAaQ.Gg6fUMXZAjYBcEjOkBBQ7FJkjkz/NqmFXtjznXBeOuRs5C.', 'My Dashboard,Master Data', '31', NULL, 'My Dashboard,News,NewsDetail,Work Calendar', '{"News": ["R"], "NewsDetail": ["R"], "My Dashboard": ["R"], "Work Calendar": ["R"]}', 'Alamsyah Putra', 'alamsyah.putra23@gmail.com', NULL, 0, '089660695776', 0, NULL, 1, NULL, 0, NULL, '2026-01-29 06:58:27', '2026-02-13 09:41:15', NULL, NULL),
	(86, 'CNI0717790', '$2a$10$6xAaQ.Gg6fUMXZAjYBcEjOkBBQ7FJkjkz/NqmFXtjznXBeOuRs5C.', 'My Dashboard,Master Data', '31', NULL, 'My Dashboard,News,NewsDetail,Work Calendar', '{"News": ["R"], "NewsDetail": ["R"], "My Dashboard": ["R"], "Work Calendar": ["R"]}', 'Aldi Rahman Sach', 'amriaizar007@gmail.com', NULL, 0, '0895374594831', 0, NULL, 1, NULL, 0, NULL, '2026-01-29 06:58:27', '2026-02-13 09:41:15', NULL, NULL),
	(87, 'CNI0717787', '$2a$10$6xAaQ.Gg6fUMXZAjYBcEjOkBBQ7FJkjkz/NqmFXtjznXBeOuRs5C.', 'My Dashboard,Master Data', '31', NULL, 'My Dashboard,News,NewsDetail,Work Calendar', '{"News": ["R"], "NewsDetail": ["R"], "My Dashboard": ["R"], "Work Calendar": ["R"]}', 'Aldi Resta Suryandri', 'aldiansyahaldy56@gmail.com', NULL, 0, '085886651689', 0, NULL, 1, NULL, 0, NULL, '2026-01-29 06:58:27', '2026-02-13 09:41:15', NULL, NULL),
	(88, 'CNI0717726', '$2a$10$6xAaQ.Gg6fUMXZAjYBcEjOkBBQ7FJkjkz/NqmFXtjznXBeOuRs5C.', 'My Dashboard,Master Data', '31', NULL, 'My Dashboard,News,NewsDetail,Work Calendar', '{"News": ["R"], "NewsDetail": ["R"], "My Dashboard": ["R"], "Work Calendar": ["R"]}', 'Alpian Muharom', 'alpianmuharrom@gmail.com', NULL, 0, '087894086991', 0, NULL, 1, NULL, 0, NULL, '2026-01-29 06:58:27', '2026-02-13 09:41:15', NULL, NULL),
	(89, 'CNI0717801', '$2a$10$6xAaQ.Gg6fUMXZAjYBcEjOkBBQ7FJkjkz/NqmFXtjznXBeOuRs5C.', 'My Dashboard,Master Data', '31', NULL, 'My Dashboard,News,NewsDetail,Work Calendar', '{"News": ["R"], "NewsDetail": ["R"], "My Dashboard": ["R"], "Work Calendar": ["R"]}', 'Alvian Fathoni Ramaditya', 'alvianfathoniramaditya@gmail.com', NULL, 0, '085893101015', 0, NULL, 1, NULL, 0, NULL, '2026-01-29 06:58:27', '2026-02-13 09:41:15', NULL, NULL),
	(90, 'CNI0717746', '$2a$10$6xAaQ.Gg6fUMXZAjYBcEjOkBBQ7FJkjkz/NqmFXtjznXBeOuRs5C.', 'My Dashboard,Master Data', '31', NULL, 'My Dashboard,News,NewsDetail,Work Calendar', '{"News": ["R"], "NewsDetail": ["R"], "My Dashboard": ["R"], "Work Calendar": ["R"]}', 'Andi Febrian Maulana', 'maulanaandifebrian@gmail.com', NULL, 0, '089502301977', 0, NULL, 1, NULL, 0, NULL, '2026-01-29 06:58:27', '2026-02-13 09:41:15', NULL, NULL),
	(91, 'CNI0717848', '$2a$10$6xAaQ.Gg6fUMXZAjYBcEjOkBBQ7FJkjkz/NqmFXtjznXBeOuRs5C.', 'My Dashboard,Master Data', '31', NULL, 'My Dashboard,News,NewsDetail,Work Calendar', '{"News": ["R"], "NewsDetail": ["R"], "My Dashboard": ["R"], "Work Calendar": ["R"]}', 'Andika Dwi Riyanto', 'andhikadwi060@gmail.com', NULL, 0, '0895348019602', 0, NULL, 1, NULL, 0, NULL, '2026-01-29 06:58:27', '2026-02-13 09:41:15', NULL, NULL),
	(92, 'CNI0717791', '$2a$10$6xAaQ.Gg6fUMXZAjYBcEjOkBBQ7FJkjkz/NqmFXtjznXBeOuRs5C.', 'My Dashboard,Master Data', '31', NULL, 'My Dashboard,News,NewsDetail,Work Calendar', '{"News": ["R"], "NewsDetail": ["R"], "My Dashboard": ["R"], "Work Calendar": ["R"]}', 'Andre Darmawan', 'andredarmawan817@gmail.com', NULL, 0, '083894490729', 0, NULL, 1, NULL, 0, NULL, '2026-01-29 06:58:27', '2026-02-13 09:41:15', NULL, NULL),
	(93, 'CNI0717520', '$2a$10$6xAaQ.Gg6fUMXZAjYBcEjOkBBQ7FJkjkz/NqmFXtjznXBeOuRs5C.', 'My Dashboard,Master Data', '31', NULL, 'My Dashboard,News,NewsDetail,Work Calendar', '{"News": ["R"], "NewsDetail": ["R"], "My Dashboard": ["R"], "Work Calendar": ["R"]}', 'Andri Widodo', 'andriwidodo739@gmail.com', NULL, 0, '081388388783', 0, NULL, 1, NULL, 0, NULL, '2026-01-29 06:58:27', '2026-02-13 09:41:15', NULL, NULL),
	(94, 'CNI0717828', '$2a$10$6xAaQ.Gg6fUMXZAjYBcEjOkBBQ7FJkjkz/NqmFXtjznXBeOuRs5C.', 'My Dashboard,Master Data', '31', NULL, 'My Dashboard,News,NewsDetail,Work Calendar', '{"News": ["R"], "NewsDetail": ["R"], "My Dashboard": ["R"], "Work Calendar": ["R"]}', 'Anggi Dwi Andhika Putra', 'anggidwiandhika03@gmail.com', NULL, 0, '085693575761', 0, NULL, 1, NULL, 0, NULL, '2026-01-29 06:58:27', '2026-02-13 09:41:15', NULL, NULL),
	(95, 'CNI0717709', '$2a$10$6xAaQ.Gg6fUMXZAjYBcEjOkBBQ7FJkjkz/NqmFXtjznXBeOuRs5C.', 'My Dashboard,Master Data', '31', NULL, 'My Dashboard,News,NewsDetail,Work Calendar', '{"News": ["R"], "NewsDetail": ["R"], "My Dashboard": ["R"], "Work Calendar": ["R"]}', 'Anjar Priyatun', 'anjarpriya27@gmail.com', NULL, 0, '081317070684', 0, NULL, 1, NULL, 0, NULL, '2026-01-29 06:58:27', '2026-02-13 09:41:15', NULL, NULL),
	(96, 'CNI0717236', '$2a$10$6xAaQ.Gg6fUMXZAjYBcEjOkBBQ7FJkjkz/NqmFXtjznXBeOuRs5C.', 'My Dashboard,Master Data', '31', NULL, 'My Dashboard,News,NewsDetail,Work Calendar', '{"News": ["R"], "NewsDetail": ["R"], "My Dashboard": ["R"], "Work Calendar": ["R"]}', 'Anjar Yunianto', 'anjaryunianto92@gmail.com', NULL, 0, '082210101378', 0, NULL, 1, NULL, 0, NULL, '2026-01-29 06:58:27', '2026-02-13 09:41:15', NULL, NULL),
	(97, 'CNI0717851', '$2a$10$6xAaQ.Gg6fUMXZAjYBcEjOkBBQ7FJkjkz/NqmFXtjznXBeOuRs5C.', 'My Dashboard,Master Data', '31', NULL, 'My Dashboard,News,NewsDetail,Work Calendar', '{"News": ["R"], "NewsDetail": ["R"], "My Dashboard": ["R"], "Work Calendar": ["R"]}', 'Anjay', 'anjay7050@gmail.com', NULL, 0, '085782896794', 0, NULL, 1, NULL, 0, NULL, '2026-01-29 06:58:27', '2026-02-13 09:41:15', NULL, NULL),
	(98, 'CNI0717742', '$2a$10$6xAaQ.Gg6fUMXZAjYBcEjOkBBQ7FJkjkz/NqmFXtjznXBeOuRs5C.', 'My Dashboard,Master Data', '31', NULL, 'My Dashboard,News,NewsDetail,Work Calendar', '{"News": ["R"], "NewsDetail": ["R"], "My Dashboard": ["R"], "Work Calendar": ["R"]}', 'Ari Anggoro', 'arieanggara602@gmail.com', NULL, 0, '083805551038', 0, NULL, 1, NULL, 0, NULL, '2026-01-29 06:58:27', '2026-02-13 09:41:15', NULL, NULL),
	(99, 'CNI0717692', '$2a$10$6xAaQ.Gg6fUMXZAjYBcEjOkBBQ7FJkjkz/NqmFXtjznXBeOuRs5C.', 'My Dashboard,Master Data', '31', NULL, 'My Dashboard,News,NewsDetail,Work Calendar', '{"News": ["R"], "NewsDetail": ["R"], "My Dashboard": ["R"], "Work Calendar": ["R"]}', 'Ari Riyandi', 'aririyandi29526@gmail.com', NULL, 0, '0895344506039', 0, NULL, 1, NULL, 0, NULL, '2026-01-29 06:58:27', '2026-02-13 09:41:15', NULL, NULL),
	(100, 'CNI0717431', '$2a$10$6xAaQ.Gg6fUMXZAjYBcEjOkBBQ7FJkjkz/NqmFXtjznXBeOuRs5C.', 'My Dashboard,Master Data', '31', NULL, 'My Dashboard,News,NewsDetail,Work Calendar', '{"News": ["R"], "NewsDetail": ["R"], "My Dashboard": ["R"], "Work Calendar": ["R"]}', 'Arief Wahyu Prayoga', 'ariefwahyuprayoga123@gmail.com', NULL, 0, '081282323367', 0, NULL, 1, NULL, 0, NULL, '2026-01-29 06:58:27', '2026-02-13 09:41:15', NULL, NULL),
	(101, 'CNI0716583', '$2a$10$6xAaQ.Gg6fUMXZAjYBcEjOkBBQ7FJkjkz/NqmFXtjznXBeOuRs5C.', 'My Dashboard,Master Data', '31', NULL, 'My Dashboard,News,NewsDetail,Work Calendar', '{"News": ["R"], "NewsDetail": ["R"], "My Dashboard": ["R"], "Work Calendar": ["R"]}', 'Arif Hidayatuloh', 'arif.boement01@gmail.com', NULL, 0, '081806640434', 0, NULL, 1, NULL, 0, NULL, '2026-01-29 06:58:27', '2026-02-13 09:41:15', NULL, NULL),
	(102, 'CNI0717541', '$2a$10$6xAaQ.Gg6fUMXZAjYBcEjOkBBQ7FJkjkz/NqmFXtjznXBeOuRs5C.', 'My Dashboard,Master Data', '31', NULL, 'My Dashboard,News,NewsDetail,Work Calendar', '{"News": ["R"], "NewsDetail": ["R"], "My Dashboard": ["R"], "Work Calendar": ["R"]}', 'Arif Rudianto', 'arif.rudianto@ciptanissin.co.id', NULL, 0, '0895803063400', 0, NULL, 1, NULL, 0, NULL, '2026-01-29 06:58:27', '2026-02-13 09:41:15', NULL, NULL),
	(103, 'CNI0717748', '$2a$10$6xAaQ.Gg6fUMXZAjYBcEjOkBBQ7FJkjkz/NqmFXtjznXBeOuRs5C.', 'My Dashboard,Master Data', '31', NULL, 'My Dashboard,News,NewsDetail,Work Calendar', '{"News": ["R"], "NewsDetail": ["R"], "My Dashboard": ["R"], "Work Calendar": ["R"]}', 'Asep Komarudin', 'cepotkomarudin86@gmail.com', NULL, 0, '081210287782', 0, NULL, 1, NULL, 0, NULL, '2026-01-29 06:58:27', '2026-02-13 09:41:15', NULL, NULL),
	(104, 'CNI0716255', '$2a$10$6xAaQ.Gg6fUMXZAjYBcEjOkBBQ7FJkjkz/NqmFXtjznXBeOuRs5C.', 'My Dashboard,Master Data', '31', NULL, 'My Dashboard,News,NewsDetail,Work Calendar', '{"News": ["R"], "NewsDetail": ["R"], "My Dashboard": ["R"], "Work Calendar": ["R"]}', 'Bambang Suryadi', 'bambang.suryadi@ciptanissin.co.id', NULL, 0, '081389395539', 0, NULL, 1, NULL, 0, NULL, '2026-01-29 06:58:27', '2026-02-13 09:41:15', NULL, NULL),
	(105, 'CNI0717461', '$2a$10$6xAaQ.Gg6fUMXZAjYBcEjOkBBQ7FJkjkz/NqmFXtjznXBeOuRs5C.', 'My Dashboard,Master Data', '31', NULL, 'My Dashboard,News,NewsDetail,Work Calendar', '{"News": ["R"], "NewsDetail": ["R"], "My Dashboard": ["R"], "Work Calendar": ["R"]}', 'Beni Herdiyanto', 'beniherdiyanto@gmail.com', NULL, 0, '08978842916', 0, NULL, 1, NULL, 0, NULL, '2026-01-29 06:58:27', '2026-02-13 09:41:15', NULL, NULL),
	(106, 'CNI0717433', '$2a$10$6xAaQ.Gg6fUMXZAjYBcEjOkBBQ7FJkjkz/NqmFXtjznXBeOuRs5C.', 'My Dashboard,Master Data', '31', NULL, 'My Dashboard,News,NewsDetail,Work Calendar', '{"News": ["R"], "NewsDetail": ["R"], "My Dashboard": ["R"], "Work Calendar": ["R"]}', 'Beni Setiyadi Saputro', 'bensyd566@gmail.com', NULL, 0, '089653231856', 0, NULL, 1, NULL, 0, NULL, '2026-01-29 06:58:27', '2026-02-13 09:41:15', NULL, NULL),
	(107, 'CNI0716601', '$2a$10$6xAaQ.Gg6fUMXZAjYBcEjOkBBQ7FJkjkz/NqmFXtjznXBeOuRs5C.', 'My Dashboard,Master Data', '31', NULL, 'My Dashboard,News,NewsDetail,Work Calendar', '{"News": ["R"], "NewsDetail": ["R"], "My Dashboard": ["R"], "Work Calendar": ["R"]}', 'Bima Tommy Septian Gultom', 'bima.tommy@ciptanissin.co.id', NULL, 0, '082110938013', 0, NULL, 1, NULL, 0, NULL, '2026-01-29 06:58:27', '2026-02-13 09:41:15', NULL, NULL),
	(108, 'CNI0717444', '$2a$10$6xAaQ.Gg6fUMXZAjYBcEjOkBBQ7FJkjkz/NqmFXtjznXBeOuRs5C.', 'My Dashboard,Master Data', '31', NULL, 'My Dashboard,News,NewsDetail,Work Calendar', '{"News": ["R"], "NewsDetail": ["R"], "My Dashboard": ["R"], "Work Calendar": ["R"]}', 'Budi Santoso', 'minartimegga@gmail.com', NULL, 0, '081314733213', 0, NULL, 1, NULL, 0, NULL, '2026-01-29 06:58:27', '2026-02-13 09:41:15', NULL, NULL),
	(109, 'CNI0716111', '$2a$10$6xAaQ.Gg6fUMXZAjYBcEjOkBBQ7FJkjkz/NqmFXtjznXBeOuRs5C.', 'My Dashboard,Master Data', '31', NULL, 'My Dashboard,News,NewsDetail,Work Calendar', '{"News": ["R"], "NewsDetail": ["R"], "My Dashboard": ["R"], "Work Calendar": ["R"]}', 'Budi Setiyawan', 'budisetiyawan902@gmail.com', NULL, 0, '08128080978', 0, NULL, 1, NULL, 0, NULL, '2026-01-29 06:58:27', '2026-02-13 09:41:15', NULL, NULL),
	(110, 'CNI0717666', '$2a$10$6xAaQ.Gg6fUMXZAjYBcEjOkBBQ7FJkjkz/NqmFXtjznXBeOuRs5C.', 'My Dashboard,Master Data', '31', NULL, 'My Dashboard,News,NewsDetail,Work Calendar', '{"News": ["R"], "NewsDetail": ["R"], "My Dashboard": ["R"], "Work Calendar": ["R"]}', 'Candra Sirait', 'candrasirait3005@gmail.com', NULL, 0, '081299371618', 0, NULL, 1, NULL, 0, NULL, '2026-01-29 06:58:27', '2026-02-13 09:41:15', NULL, NULL),
	(111, 'CNI0717820', '$2a$10$6xAaQ.Gg6fUMXZAjYBcEjOkBBQ7FJkjkz/NqmFXtjznXBeOuRs5C.', 'My Dashboard,Master Data', '31', NULL, 'My Dashboard,News,NewsDetail,Work Calendar', '{"News": ["R"], "NewsDetail": ["R"], "My Dashboard": ["R"], "Work Calendar": ["R"]}', 'Carwanto', 'carwanto1995@gmail.com', NULL, 0, '085892129901', 0, NULL, 1, NULL, 0, NULL, '2026-01-29 06:58:27', '2026-02-13 09:41:15', NULL, NULL),
	(112, 'CNI0716208', '$2a$10$6xAaQ.Gg6fUMXZAjYBcEjOkBBQ7FJkjkz/NqmFXtjznXBeOuRs5C.', 'My Dashboard,Master Data', '31', NULL, 'My Dashboard,News,NewsDetail,Work Calendar', '{"News": ["R"], "NewsDetail": ["R"], "My Dashboard": ["R"], "Work Calendar": ["R"]}', 'Cecep Rizki', 'rizkychibox74@gmail.com', NULL, 0, '087832694414', 0, NULL, 1, NULL, 0, NULL, '2026-01-29 06:58:27', '2026-02-13 09:41:15', NULL, NULL),
	(113, 'CNI0717374', '$2a$10$6xAaQ.Gg6fUMXZAjYBcEjOkBBQ7FJkjkz/NqmFXtjznXBeOuRs5C.', 'My Dashboard,Master Data', '31', NULL, 'My Dashboard,News,NewsDetail,Work Calendar', '{"News": ["R"], "NewsDetail": ["R"], "My Dashboard": ["R"], "Work Calendar": ["R"]}', 'Chandra Aulia Purdwiranto', 'chandra.aulia@ciptanissin.co.id', NULL, 0, '082114578404', 0, NULL, 1, NULL, 0, NULL, '2026-01-29 06:58:27', '2026-02-13 09:41:15', NULL, NULL),
	(114, 'CNI0717667', '$2a$10$6xAaQ.Gg6fUMXZAjYBcEjOkBBQ7FJkjkz/NqmFXtjznXBeOuRs5C.', 'My Dashboard,Master Data', '31', NULL, 'My Dashboard,News,NewsDetail,Work Calendar', '{"News": ["R"], "NewsDetail": ["R"], "My Dashboard": ["R"], "Work Calendar": ["R"]}', 'Cliff Moranco De Fevrier', 'Cliff@ciptanissin.co.id', NULL, 0, '081410308623', 0, NULL, 1, NULL, 0, NULL, '2026-01-29 06:58:27', '2026-02-13 09:41:15', NULL, NULL),
	(115, 'CNI0717491', '$2a$10$6xAaQ.Gg6fUMXZAjYBcEjOkBBQ7FJkjkz/NqmFXtjznXBeOuRs5C.', 'My Dashboard,Master Data', '31', NULL, 'My Dashboard,News,NewsDetail,Work Calendar', '{"News": ["R"], "NewsDetail": ["R"], "My Dashboard": ["R"], "Work Calendar": ["R"]}', 'Daniel Fernando Purba', 'Daniel.fernando@ciptanissin.co.id', NULL, 0, '081274947573', 0, NULL, 1, NULL, 0, NULL, '2026-01-29 06:58:27', '2026-02-13 09:41:15', NULL, NULL),
	(116, 'CNI0716339', '$2a$10$6xAaQ.Gg6fUMXZAjYBcEjOkBBQ7FJkjkz/NqmFXtjznXBeOuRs5C.', 'My Dashboard,Master Data', '31', NULL, 'My Dashboard,News,NewsDetail,Work Calendar', '{"News": ["R"], "NewsDetail": ["R"], "My Dashboard": ["R"], "Work Calendar": ["R"]}', 'Daniel Marojahan Hutauruk', 'daniel.marojahan@ciptanissin.co.id', NULL, 0, '081282009810', 0, NULL, 1, NULL, 0, NULL, '2026-01-29 06:58:27', '2026-02-13 09:41:15', NULL, NULL),
	(117, 'CNI0716157', '$2a$10$6xAaQ.Gg6fUMXZAjYBcEjOkBBQ7FJkjkz/NqmFXtjznXBeOuRs5C.', 'My Dashboard,Master Data', '31', NULL, 'My Dashboard,News,NewsDetail,Work Calendar', '{"News": ["R"], "NewsDetail": ["R"], "My Dashboard": ["R"], "Work Calendar": ["R"]}', 'Dede Hardiatmoko', 'Dedehardi69@gmail.com', NULL, 0, '089681629215', 0, NULL, 1, NULL, 0, NULL, '2026-01-29 06:58:27', '2026-02-13 09:41:15', NULL, NULL),
	(118, 'CNI0717757', '$2a$10$6xAaQ.Gg6fUMXZAjYBcEjOkBBQ7FJkjkz/NqmFXtjznXBeOuRs5C.', 'My Dashboard,Master Data', '31', NULL, 'My Dashboard,News,NewsDetail,Work Calendar', '{"News": ["R"], "NewsDetail": ["R"], "My Dashboard": ["R"], "Work Calendar": ["R"]}', 'Dede Ivan Arifin', 'ivanarifin07@gmail.com', NULL, 0, '085156300387', 0, NULL, 1, NULL, 0, NULL, '2026-01-29 06:58:27', '2026-02-13 09:41:15', NULL, NULL),
	(119, 'CNI0716194', '$2a$10$6xAaQ.Gg6fUMXZAjYBcEjOkBBQ7FJkjkz/NqmFXtjznXBeOuRs5C.', 'My Dashboard,Master Data', '31', NULL, 'My Dashboard,News,NewsDetail,Work Calendar', '{"News": ["R"], "NewsDetail": ["R"], "My Dashboard": ["R"], "Work Calendar": ["R"]}', 'Dede Kurniadi', 'dede.kurniadi@ciptanissin.co.id', NULL, 0, '0895331560493', 0, NULL, 1, NULL, 0, NULL, '2026-01-29 06:58:27', '2026-02-13 09:41:15', NULL, NULL),
	(120, 'CNI0717837', '$2a$10$6xAaQ.Gg6fUMXZAjYBcEjOkBBQ7FJkjkz/NqmFXtjznXBeOuRs5C.', 'My Dashboard,Master Data', '31', NULL, 'My Dashboard,News,NewsDetail,Work Calendar', '{"News": ["R"], "NewsDetail": ["R"], "My Dashboard": ["R"], "Work Calendar": ["R"]}', 'Dede Maulana Mansur', 'dedemansur58@gmail.com', NULL, 0, '085891122335', 0, NULL, 1, NULL, 0, NULL, '2026-01-29 06:58:27', '2026-02-13 09:41:15', NULL, NULL),
	(121, 'CNI0716542', '$2a$10$6xAaQ.Gg6fUMXZAjYBcEjOkBBQ7FJkjkz/NqmFXtjznXBeOuRs5C.', 'My Dashboard,Master Data', '31', NULL, 'My Dashboard,News,NewsDetail,Work Calendar', '{"News": ["R"], "NewsDetail": ["R"], "My Dashboard": ["R"], "Work Calendar": ["R"]}', 'Dede Ruspandi', 'dendirpd@gmail.com', NULL, 0, '081213852199', 0, NULL, 1, NULL, 0, NULL, '2026-01-29 06:58:27', '2026-02-13 09:41:15', NULL, NULL),
	(122, 'CNI0717764', '$2a$10$6xAaQ.Gg6fUMXZAjYBcEjOkBBQ7FJkjkz/NqmFXtjznXBeOuRs5C.', 'My Dashboard,Master Data', '31', NULL, 'My Dashboard,News,NewsDetail,Work Calendar', '{"News": ["R"], "NewsDetail": ["R"], "My Dashboard": ["R"], "Work Calendar": ["R"]}', 'Dendi Agus Winanto', 'dendiagus5@gmail.com', NULL, 0, '081225987337', 0, NULL, 1, NULL, 0, NULL, '2026-01-29 06:58:27', '2026-02-13 09:41:15', NULL, NULL),
	(123, 'CNI0716131', '$2a$10$6xAaQ.Gg6fUMXZAjYBcEjOkBBQ7FJkjkz/NqmFXtjznXBeOuRs5C.', 'My Dashboard,Master Data', '31', NULL, 'My Dashboard,News,NewsDetail,Work Calendar', '{"News": ["R"], "NewsDetail": ["R"], "My Dashboard": ["R"], "Work Calendar": ["R"]}', 'Dendi Aryandi', 'dendiaryandi1694@gmail.com', NULL, 0, '08993999968', 0, NULL, 1, NULL, 0, NULL, '2026-01-29 06:58:27', '2026-02-13 09:41:15', NULL, NULL),
	(124, 'CNI0716726', '$2a$10$6xAaQ.Gg6fUMXZAjYBcEjOkBBQ7FJkjkz/NqmFXtjznXBeOuRs5C.', 'My Dashboard,Master Data', '31', NULL, 'My Dashboard,News,NewsDetail,Work Calendar', '{"News": ["R"], "NewsDetail": ["R"], "My Dashboard": ["R"], "Work Calendar": ["R"]}', 'Deni', 'deni@ciptanissin.co.id', NULL, 0, '085711463574', 0, NULL, 1, NULL, 0, NULL, '2026-01-29 06:58:27', '2026-02-13 09:41:15', NULL, NULL),
	(125, 'CNI0715081', '$2a$10$6xAaQ.Gg6fUMXZAjYBcEjOkBBQ7FJkjkz/NqmFXtjznXBeOuRs5C.', 'My Dashboard,Master Data', '31', NULL, 'My Dashboard,News,NewsDetail,Work Calendar', '{"News": ["R"], "NewsDetail": ["R"], "My Dashboard": ["R"], "Work Calendar": ["R"]}', 'Deni Hardiansyah', 'deni.hardiansyah@ciptanissin.co.id', NULL, 0, '082258947873', 0, NULL, 1, NULL, 0, NULL, '2026-01-29 06:58:27', '2026-02-13 09:41:15', NULL, NULL),
	(126, 'CNI0717833', '$2a$10$6xAaQ.Gg6fUMXZAjYBcEjOkBBQ7FJkjkz/NqmFXtjznXBeOuRs5C.', 'My Dashboard,Master Data', '31', NULL, 'My Dashboard,News,NewsDetail,Work Calendar', '{"News": ["R"], "NewsDetail": ["R"], "My Dashboard": ["R"], "Work Calendar": ["R"]}', 'Deni Priyatna', 'denipriyatna93@gmail.com', NULL, 0, '0895415100172', 0, NULL, 1, NULL, 0, NULL, '2026-01-29 06:58:27', '2026-02-13 09:41:15', NULL, NULL),
	(127, 'CNI0717861', '$2a$10$6xAaQ.Gg6fUMXZAjYBcEjOkBBQ7FJkjkz/NqmFXtjznXBeOuRs5C.', 'My Dashboard,Master Data', '31', NULL, 'My Dashboard,News,NewsDetail,Work Calendar', '{"News": ["R"], "NewsDetail": ["R"], "My Dashboard": ["R"], "Work Calendar": ["R"]}', 'Dicky Suhendra', 'dickysuhendra144@gmail.com', NULL, 0, '08988940590', 0, NULL, 1, NULL, 0, NULL, '2026-01-29 06:58:27', '2026-02-13 09:41:15', NULL, NULL),
	(128, 'CNI0717780', '$2a$10$6xAaQ.Gg6fUMXZAjYBcEjOkBBQ7FJkjkz/NqmFXtjznXBeOuRs5C.', 'My Dashboard,Master Data', '31', NULL, 'My Dashboard,News,NewsDetail,Work Calendar', '{"News": ["R"], "NewsDetail": ["R"], "My Dashboard": ["R"], "Work Calendar": ["R"]}', 'Dilan Abdila', 'dilanabdila77@gmail.com', NULL, 0, '082113734462', 0, NULL, 1, NULL, 0, NULL, '2026-01-29 06:58:27', '2026-02-13 09:41:15', NULL, NULL),
	(129, 'CNI0717868', '$2a$10$6xAaQ.Gg6fUMXZAjYBcEjOkBBQ7FJkjkz/NqmFXtjznXBeOuRs5C.', 'My Dashboard,Master Data', '31', NULL, 'My Dashboard,News,NewsDetail,Work Calendar', '{"News": ["R"], "NewsDetail": ["R"], "My Dashboard": ["R"], "Work Calendar": ["R"]}', 'Dimas Rizky Ramdhani', 'dimasrizky1011@gmail.com', NULL, 0, '081574350130', 0, NULL, 1, NULL, 0, NULL, '2026-01-29 06:58:27', '2026-02-13 09:41:15', NULL, NULL),
	(130, 'CNI0717482', '$2a$10$6xAaQ.Gg6fUMXZAjYBcEjOkBBQ7FJkjkz/NqmFXtjznXBeOuRs5C.', 'My Dashboard,Master Data', '31', NULL, 'My Dashboard,News,NewsDetail,Work Calendar', '{"News": ["R"], "NewsDetail": ["R"], "My Dashboard": ["R"], "Work Calendar": ["R"]}', 'Duwi Prasetiyo', 'Duwi@ciptanissin.co.id', NULL, 0, '085159188503', 0, NULL, 1, NULL, 0, NULL, '2026-01-29 06:58:27', '2026-02-13 09:41:15', NULL, NULL),
	(131, 'CNI0717720', '$2a$10$6xAaQ.Gg6fUMXZAjYBcEjOkBBQ7FJkjkz/NqmFXtjznXBeOuRs5C.', 'My Dashboard,Master Data', '31', NULL, 'My Dashboard,News,NewsDetail,Work Calendar', '{"News": ["R"], "NewsDetail": ["R"], "My Dashboard": ["R"], "Work Calendar": ["R"]}', 'Duwi Rudiyanto', 'Duwi.rudianto@ciptanissin.co.id', NULL, 0, '081394052440', 0, NULL, 1, NULL, 0, NULL, '2026-01-29 06:58:27', '2026-02-13 09:41:15', NULL, NULL),
	(132, 'CNI0717816', '$2a$10$6xAaQ.Gg6fUMXZAjYBcEjOkBBQ7FJkjkz/NqmFXtjznXBeOuRs5C.', 'My Dashboard,Master Data', '31', NULL, 'My Dashboard,News,NewsDetail,Work Calendar', '{"News": ["R"], "NewsDetail": ["R"], "My Dashboard": ["R"], "Work Calendar": ["R"]}', 'Dwi Agung Laksono', 'laksonodwiagung07@gmail.com', NULL, 0, '082111436119', 0, NULL, 1, NULL, 0, NULL, '2026-01-29 06:58:27', '2026-02-13 09:41:15', NULL, NULL),
	(133, 'CNI0716772', '$2a$10$6xAaQ.Gg6fUMXZAjYBcEjOkBBQ7FJkjkz/NqmFXtjznXBeOuRs5C.', 'My Dashboard,Master Data', '31', NULL, 'My Dashboard,News,NewsDetail,Work Calendar', '{"News": ["R"], "NewsDetail": ["R"], "My Dashboard": ["R"], "Work Calendar": ["R"]}', 'Dwi Kurniawan', 'dwi.kurniawan@ciptanissin.co.id', NULL, 0, '082297655417', 0, NULL, 1, NULL, 0, NULL, '2026-01-29 06:58:27', '2026-02-13 09:41:15', NULL, NULL),
	(134, 'CNI0717485', '$2a$10$6xAaQ.Gg6fUMXZAjYBcEjOkBBQ7FJkjkz/NqmFXtjznXBeOuRs5C.', 'My Dashboard,Master Data', '31', NULL, 'My Dashboard,News,NewsDetail,Work Calendar', '{"News": ["R"], "NewsDetail": ["R"], "My Dashboard": ["R"], "Work Calendar": ["R"]}', 'Dwi Verdiyanto', 'dwi.verdiyan@gmail.com', NULL, 0, '081287457881', 0, NULL, 1, NULL, 0, NULL, '2026-01-29 06:58:27', '2026-02-13 09:41:15', NULL, NULL),
	(135, 'CNI0717200', '$2a$10$6xAaQ.Gg6fUMXZAjYBcEjOkBBQ7FJkjkz/NqmFXtjznXBeOuRs5C.', 'My Dashboard,Master Data', '31', NULL, 'My Dashboard,News,NewsDetail,Work Calendar', '{"News": ["R"], "NewsDetail": ["R"], "My Dashboard": ["R"], "Work Calendar": ["R"]}', 'Edi Suryadi', 'eedisuryadi46@gmail.com', NULL, 0, '08990042514', 0, NULL, 1, NULL, 0, NULL, '2026-01-29 06:58:27', '2026-02-13 09:41:15', NULL, NULL),
	(136, 'CNI0717057', '$2a$10$6xAaQ.Gg6fUMXZAjYBcEjOkBBQ7FJkjkz/NqmFXtjznXBeOuRs5C.', 'My Dashboard,Master Data', '31', NULL, 'My Dashboard,News,NewsDetail,Work Calendar', '{"News": ["R"], "NewsDetail": ["R"], "My Dashboard": ["R"], "Work Calendar": ["R"]}', 'Edy Susanto', 'edy.susanto@ciptanissin.co.id', NULL, 0, '081386351993', 0, NULL, 1, NULL, 0, NULL, '2026-01-29 06:58:27', '2026-02-13 09:41:15', NULL, NULL),
	(137, 'CNI0717856', '$2a$10$6xAaQ.Gg6fUMXZAjYBcEjOkBBQ7FJkjkz/NqmFXtjznXBeOuRs5C.', 'My Dashboard,Master Data', '31', NULL, 'My Dashboard,News,NewsDetail,Work Calendar', '{"News": ["R"], "NewsDetail": ["R"], "My Dashboard": ["R"], "Work Calendar": ["R"]}', 'Egi Saepul Rohmat', 'egisaepul135@gmail.com', NULL, 0, '083195888843', 0, NULL, 1, NULL, 0, NULL, '2026-01-29 06:58:27', '2026-02-13 09:41:15', NULL, NULL),
	(138, 'CNI0717821', '$2a$10$6xAaQ.Gg6fUMXZAjYBcEjOkBBQ7FJkjkz/NqmFXtjznXBeOuRs5C.', 'My Dashboard,Master Data', '31', NULL, 'My Dashboard,News,NewsDetail,Work Calendar', '{"News": ["R"], "NewsDetail": ["R"], "My Dashboard": ["R"], "Work Calendar": ["R"]}', 'Eko Hadi Saputro', 'ekohadisaputro153@gmail.com', NULL, 0, '081314883156', 0, NULL, 1, NULL, 0, NULL, '2026-01-29 06:58:27', '2026-02-13 09:41:15', NULL, NULL),
	(139, 'CNI0717838', '$2a$10$6xAaQ.Gg6fUMXZAjYBcEjOkBBQ7FJkjkz/NqmFXtjznXBeOuRs5C.', 'My Dashboard,Master Data', '31', NULL, 'My Dashboard,News,NewsDetail,Work Calendar', '{"News": ["R"], "NewsDetail": ["R"], "My Dashboard": ["R"], "Work Calendar": ["R"]}', 'Eko Pamuji', 'ekofauzi2697@gmail.com', NULL, 0, '085814726325', 0, NULL, 1, NULL, 0, NULL, '2026-01-29 06:58:27', '2026-02-13 09:41:15', NULL, NULL),
	(140, 'CNI0717450', '$2a$10$6xAaQ.Gg6fUMXZAjYBcEjOkBBQ7FJkjkz/NqmFXtjznXBeOuRs5C.', 'My Dashboard,Master Data', '31', NULL, 'My Dashboard,News,NewsDetail,Work Calendar', '{"News": ["R"], "NewsDetail": ["R"], "My Dashboard": ["R"], "Work Calendar": ["R"]}', 'Eko Sulistyo', 'ekosu033@gmail.com', NULL, 0, '085811481610', 0, NULL, 1, NULL, 0, NULL, '2026-01-29 06:58:27', '2026-02-13 09:41:15', NULL, NULL),
	(141, 'CNI0716727', '$2a$10$6xAaQ.Gg6fUMXZAjYBcEjOkBBQ7FJkjkz/NqmFXtjznXBeOuRs5C.', 'My Dashboard,Master Data', '31', NULL, 'My Dashboard,News,NewsDetail,Work Calendar', '{"News": ["R"], "NewsDetail": ["R"], "My Dashboard": ["R"], "Work Calendar": ["R"]}', 'Endin Saepudin', 'fahriibnu2019@gmail.com', NULL, 0, '0881024268573', 0, NULL, 1, NULL, 0, NULL, '2026-01-29 06:58:27', '2026-02-13 09:41:15', NULL, NULL),
	(142, 'CNI0717869', '$2a$10$6xAaQ.Gg6fUMXZAjYBcEjOkBBQ7FJkjkz/NqmFXtjznXBeOuRs5C.', 'My Dashboard,Master Data', '31', NULL, 'My Dashboard,News,NewsDetail,Work Calendar', '{"News": ["R"], "NewsDetail": ["R"], "My Dashboard": ["R"], "Work Calendar": ["R"]}', 'Enjang Sayuti', 'esayoeti@gmail.com', NULL, 0, '083874265021', 0, NULL, 1, NULL, 0, NULL, '2026-01-29 06:58:27', '2026-02-13 09:41:15', NULL, NULL),
	(143, 'CNI0717178', '$2a$10$6xAaQ.Gg6fUMXZAjYBcEjOkBBQ7FJkjkz/NqmFXtjznXBeOuRs5C.', 'My Dashboard,Master Data', '31', NULL, 'My Dashboard,News,NewsDetail,Work Calendar', '{"News": ["R"], "NewsDetail": ["R"], "My Dashboard": ["R"], "Work Calendar": ["R"]}', 'Fachrul Rozi', 'paulbolong80@gmail.com', NULL, 0, '089665730785', 0, NULL, 1, NULL, 0, NULL, '2026-01-29 06:58:27', '2026-02-13 09:41:15', NULL, NULL),
	(144, 'CNI0717834', '$2a$10$6xAaQ.Gg6fUMXZAjYBcEjOkBBQ7FJkjkz/NqmFXtjznXBeOuRs5C.', 'My Dashboard,Master Data', '31', NULL, 'My Dashboard,News,NewsDetail,Work Calendar', '{"News": ["R"], "NewsDetail": ["R"], "My Dashboard": ["R"], "Work Calendar": ["R"]}', 'Fadlih Saputra', 'fadlihsaputra99@gmail.com', NULL, 0, '089613489134', 0, NULL, 1, NULL, 0, NULL, '2026-01-29 06:58:27', '2026-02-13 09:41:15', NULL, NULL),
	(145, 'CNI0716089', '$2a$10$6xAaQ.Gg6fUMXZAjYBcEjOkBBQ7FJkjkz/NqmFXtjznXBeOuRs5C.', 'My Dashboard,Master Data', '31', NULL, 'My Dashboard,News,NewsDetail,Work Calendar', '{"News": ["R"], "NewsDetail": ["R"], "My Dashboard": ["R"], "Work Calendar": ["R"]}', 'Fajar Saputra', 'faajarsaputra@gmail.com', NULL, 0, '089610019595', 0, NULL, 1, NULL, 0, NULL, '2026-01-29 06:58:27', '2026-02-13 09:41:15', NULL, NULL),
	(146, 'CNI0717786', '$2a$10$6xAaQ.Gg6fUMXZAjYBcEjOkBBQ7FJkjkz/NqmFXtjznXBeOuRs5C.', 'My Dashboard,Master Data', '31', NULL, 'My Dashboard,News,NewsDetail,Work Calendar', '{"News": ["R"], "NewsDetail": ["R"], "My Dashboard": ["R"], "Work Calendar": ["R"]}', 'Fajar Septiawan', 'fajar.septiawan042@gmail.com', NULL, 0, '081549636281', 0, NULL, 1, NULL, 0, NULL, '2026-01-29 06:58:27', '2026-02-13 09:41:15', NULL, NULL),
	(147, 'CNI0717817', '$2a$10$6xAaQ.Gg6fUMXZAjYBcEjOkBBQ7FJkjkz/NqmFXtjznXBeOuRs5C.', 'My Dashboard,Master Data', '31', NULL, 'My Dashboard,News,NewsDetail,Work Calendar', '{"News": ["R"], "NewsDetail": ["R"], "My Dashboard": ["R"], "Work Calendar": ["R"]}', 'Fajar Solahudin', 'fajarsolahudin001@gmail.com', NULL, 0, '088232253202', 0, NULL, 1, NULL, 0, NULL, '2026-01-29 06:58:27', '2026-02-13 09:41:15', NULL, NULL),
	(148, 'CNI0717006', '$2a$10$6xAaQ.Gg6fUMXZAjYBcEjOkBBQ7FJkjkz/NqmFXtjznXBeOuRs5C.', 'My Dashboard,Master Data', '31', NULL, 'My Dashboard,News,NewsDetail,Work Calendar', '{"News": ["R"], "NewsDetail": ["R"], "My Dashboard": ["R"], "Work Calendar": ["R"]}', 'Firman Arisando Marpaung', 'firman.arisando@ciptanissin.co.id', NULL, 0, '081219791835', 0, NULL, 1, NULL, 0, NULL, '2026-01-29 06:58:27', '2026-02-13 09:41:15', NULL, NULL),
	(149, 'CNI0717530', '$2a$10$6xAaQ.Gg6fUMXZAjYBcEjOkBBQ7FJkjkz/NqmFXtjznXBeOuRs5C.', 'My Dashboard,Master Data', '31', NULL, 'My Dashboard,News,NewsDetail,Work Calendar', '{"News": ["R"], "NewsDetail": ["R"], "My Dashboard": ["R"], "Work Calendar": ["R"]}', 'Fitra Ramdhani', 'fitra.ramdhani@ciptanissin.co.id', NULL, 0, '082297405230', 0, NULL, 1, NULL, 0, NULL, '2026-01-29 06:58:27', '2026-02-13 09:41:15', NULL, NULL),
	(150, 'CNI0717230', '$2a$10$6xAaQ.Gg6fUMXZAjYBcEjOkBBQ7FJkjkz/NqmFXtjznXBeOuRs5C.', 'My Dashboard,Master Data', '31', NULL, 'My Dashboard,News,NewsDetail,Work Calendar', '{"News": ["R"], "NewsDetail": ["R"], "My Dashboard": ["R"], "Work Calendar": ["R"]}', 'Franky Pantouw', 'frankyhutajulu8@gmail.com', NULL, 0, '083874408669', 0, NULL, 1, NULL, 0, NULL, '2026-01-29 06:58:27', '2026-02-13 09:41:15', NULL, NULL),
	(151, 'CNI0717789', '$2a$10$6xAaQ.Gg6fUMXZAjYBcEjOkBBQ7FJkjkz/NqmFXtjznXBeOuRs5C.', 'My Dashboard,Master Data', '31', NULL, 'My Dashboard,News,NewsDetail,Work Calendar', '{"News": ["R"], "NewsDetail": ["R"], "My Dashboard": ["R"], "Work Calendar": ["R"]}', 'Franssetio Riyadi', 'fransriyadi8@gmail.com', NULL, 0, '089654117276', 0, NULL, 1, NULL, 0, NULL, '2026-01-29 06:58:27', '2026-02-13 09:41:15', NULL, NULL),
	(152, 'CNI0717223', '$2a$10$6xAaQ.Gg6fUMXZAjYBcEjOkBBQ7FJkjkz/NqmFXtjznXBeOuRs5C.', 'My Dashboard,Master Data', '31', NULL, 'My Dashboard,News,NewsDetail,Work Calendar', '{"News": ["R"], "NewsDetail": ["R"], "My Dashboard": ["R"], "Work Calendar": ["R"]}', 'Fuguh Suprianto', 'fuguhsuprianto2106@gmail.com', NULL, 0, '08977452566', 0, NULL, 1, NULL, 0, NULL, '2026-01-29 06:58:27', '2026-02-13 09:41:15', NULL, NULL),
	(153, 'CNI0717631', '$2a$10$6xAaQ.Gg6fUMXZAjYBcEjOkBBQ7FJkjkz/NqmFXtjznXBeOuRs5C.', 'My Dashboard,Master Data', '31', NULL, 'My Dashboard,News,NewsDetail,Work Calendar', '{"News": ["R"], "NewsDetail": ["R"], "My Dashboard": ["R"], "Work Calendar": ["R"]}', 'Galuh Sukma', 'galuh.sukma18@gmail.com', NULL, 0, '081387628118', 0, NULL, 1, NULL, 0, NULL, '2026-01-29 06:58:27', '2026-02-13 09:41:15', NULL, NULL),
	(154, 'CNI0716541', '$2a$10$6xAaQ.Gg6fUMXZAjYBcEjOkBBQ7FJkjkz/NqmFXtjznXBeOuRs5C.', 'My Dashboard,Master Data', '31', NULL, 'My Dashboard,News,NewsDetail,Work Calendar', '{"News": ["R"], "NewsDetail": ["R"], "My Dashboard": ["R"], "Work Calendar": ["R"]}', 'Gugun Guntoro', 'evilutfitasari.GG@gmail.com', NULL, 0, '083808093448', 0, NULL, 1, NULL, 0, NULL, '2026-01-29 06:58:27', '2026-02-13 09:41:15', NULL, NULL),
	(155, '2', '$2a$10$6xAaQ.Gg6fUMXZAjYBcEjOkBBQ7FJkjkz/NqmFXtjznXBeOuRs5C.', 'My Dashboard,Master Data', '31', NULL, 'My Dashboard,News,NewsDetail,Work Calendar', '{"News": ["R"], "NewsDetail": ["R"], "My Dashboard": ["R"], "Work Calendar": ["R"]}', 'Handy Kosasih', 'handy@ciptanissin.co.id', NULL, 0, '', 0, NULL, 1, NULL, 0, NULL, '2026-01-29 06:58:27', '2026-02-13 09:41:15', NULL, NULL),
	(156, 'CNI0717432', '$2a$10$6xAaQ.Gg6fUMXZAjYBcEjOkBBQ7FJkjkz/NqmFXtjznXBeOuRs5C.', 'My Dashboard,Master Data', '31', NULL, 'My Dashboard,News,NewsDetail,Work Calendar', '{"News": ["R"], "NewsDetail": ["R"], "My Dashboard": ["R"], "Work Calendar": ["R"]}', 'Harun', 'Harun155943@gmail.com', NULL, 0, '083804802427', 0, NULL, 1, NULL, 0, NULL, '2026-01-29 06:58:27', '2026-02-13 09:41:15', NULL, NULL),
	(157, 'CNI0715058', '$2a$10$6xAaQ.Gg6fUMXZAjYBcEjOkBBQ7FJkjkz/NqmFXtjznXBeOuRs5C.', 'My Dashboard,Master Data', '31', NULL, 'My Dashboard,News,NewsDetail,Work Calendar', '{"News": ["R"], "NewsDetail": ["R"], "My Dashboard": ["R"], "Work Calendar": ["R"]}', 'Harun Purnomo', 'harunpurnomo836@gmail.com', NULL, 0, '087881776974', 0, NULL, 1, NULL, 0, NULL, '2026-01-29 06:58:27', '2026-02-13 09:41:15', NULL, NULL),
	(158, 'CNI0716929', '$2a$10$6xAaQ.Gg6fUMXZAjYBcEjOkBBQ7FJkjkz/NqmFXtjznXBeOuRs5C.', 'My Dashboard,Master Data', '31', NULL, 'My Dashboard,News,NewsDetail,Work Calendar', '{"News": ["R"], "NewsDetail": ["R"], "My Dashboard": ["R"], "Work Calendar": ["R"]}', 'Hendar Rismawan', 'hendarrismawan5@gmail.com', NULL, 0, '081317118907', 0, NULL, 1, NULL, 0, NULL, '2026-01-29 06:58:27', '2026-02-13 09:41:15', NULL, NULL),
	(159, 'CNI0716841', '$2a$10$6xAaQ.Gg6fUMXZAjYBcEjOkBBQ7FJkjkz/NqmFXtjznXBeOuRs5C.', 'My Dashboard,Master Data', '31', NULL, 'My Dashboard,News,NewsDetail,Work Calendar', '{"News": ["R"], "NewsDetail": ["R"], "My Dashboard": ["R"], "Work Calendar": ["R"]}', 'Hendra Widyatama', 'Hendra.widyatama@ciptanissin.co.id', NULL, 0, '081280540000', 0, NULL, 1, NULL, 0, NULL, '2026-01-29 06:58:27', '2026-02-13 09:41:15', NULL, NULL),
	(160, 'CNI0717625', '$2a$10$6xAaQ.Gg6fUMXZAjYBcEjOkBBQ7FJkjkz/NqmFXtjznXBeOuRs5C.', 'My Dashboard,Master Data', '31', NULL, 'My Dashboard,News,NewsDetail,Work Calendar', '{"News": ["R"], "NewsDetail": ["R"], "My Dashboard": ["R"], "Work Calendar": ["R"]}', 'Herdyant Yoga Utama', 'herdyant@ciptanissin.co.id', NULL, 0, '082112025570', 0, NULL, 1, NULL, 0, NULL, '2026-01-29 06:58:27', '2026-02-13 09:41:15', NULL, NULL),
	(161, 'CNI0717805', '$2a$10$6xAaQ.Gg6fUMXZAjYBcEjOkBBQ7FJkjkz/NqmFXtjznXBeOuRs5C.', 'My Dashboard,Master Data', '31', NULL, 'My Dashboard,News,NewsDetail,Work Calendar', '{"News": ["R"], "NewsDetail": ["R"], "My Dashboard": ["R"], "Work Calendar": ["R"]}', 'Heri Purwanto', 'heryncex56@gmail.com', NULL, 0, '089674940259', 0, NULL, 1, NULL, 0, NULL, '2026-01-29 06:58:27', '2026-02-13 09:41:15', NULL, NULL),
	(162, 'CNI0717818', '$2a$10$6xAaQ.Gg6fUMXZAjYBcEjOkBBQ7FJkjkz/NqmFXtjznXBeOuRs5C.', 'My Dashboard,Master Data', '31', NULL, 'My Dashboard,News,NewsDetail,Work Calendar', '{"News": ["R"], "NewsDetail": ["R"], "My Dashboard": ["R"], "Work Calendar": ["R"]}', 'Heri Rahman', 'herir1186@gmail.com', NULL, 0, '089531371471', 0, NULL, 1, NULL, 0, NULL, '2026-01-29 06:58:27', '2026-02-13 09:41:15', NULL, NULL),
	(163, 'CNI0717103', '$2a$10$6xAaQ.Gg6fUMXZAjYBcEjOkBBQ7FJkjkz/NqmFXtjznXBeOuRs5C.', 'My Dashboard,Master Data', '31', NULL, 'My Dashboard,News,NewsDetail,Work Calendar', '{"News": ["R"], "NewsDetail": ["R"], "My Dashboard": ["R"], "Work Calendar": ["R"]}', 'Heriek Kristianto', 'erickristianto9@gmail.com', NULL, 0, '081285956521', 0, NULL, 1, NULL, 0, NULL, '2026-01-29 06:58:27', '2026-02-13 09:41:15', NULL, NULL),
	(164, 'CNI0717809', '$2a$10$6xAaQ.Gg6fUMXZAjYBcEjOkBBQ7FJkjkz/NqmFXtjznXBeOuRs5C.', 'My Dashboard,Master Data', '31', NULL, 'My Dashboard,News,NewsDetail,Work Calendar', '{"News": ["R"], "NewsDetail": ["R"], "My Dashboard": ["R"], "Work Calendar": ["R"]}', 'Heriyanto', 'heriyanto.h51992@gmail.com', NULL, 0, '085884480946', 0, NULL, 1, NULL, 0, NULL, '2026-01-29 06:58:27', '2026-02-13 09:41:15', NULL, NULL),
	(165, 'CNI0717445', '$2a$10$6xAaQ.Gg6fUMXZAjYBcEjOkBBQ7FJkjkz/NqmFXtjznXBeOuRs5C.', 'My Dashboard,Master Data', '31', NULL, 'My Dashboard,News,NewsDetail,Work Calendar', '{"News": ["R"], "NewsDetail": ["R"], "My Dashboard": ["R"], "Work Calendar": ["R"]}', 'Heru Andika Setianto', 'heruandika454567@gmail.com', NULL, 0, '082124363342', 0, NULL, 1, NULL, 0, NULL, '2026-01-29 06:58:27', '2026-02-13 09:41:15', NULL, NULL),
	(166, 'CNI0717806', '$2a$10$6xAaQ.Gg6fUMXZAjYBcEjOkBBQ7FJkjkz/NqmFXtjznXBeOuRs5C.', 'My Dashboard,Master Data', '31', NULL, 'My Dashboard,News,NewsDetail,Work Calendar', '{"News": ["R"], "NewsDetail": ["R"], "My Dashboard": ["R"], "Work Calendar": ["R"]}', 'Husain Rifqian', 'husainrifqian912@gmail.com', NULL, 0, '085865687128', 0, NULL, 1, NULL, 0, NULL, '2026-01-29 06:58:27', '2026-02-13 09:41:15', NULL, NULL),
	(167, 'CNI0716573', '$2a$10$6xAaQ.Gg6fUMXZAjYBcEjOkBBQ7FJkjkz/NqmFXtjznXBeOuRs5C.', 'My Dashboard,Master Data', '31', NULL, 'My Dashboard,News,NewsDetail,Work Calendar', '{"News": ["R"], "NewsDetail": ["R"], "My Dashboard": ["R"], "Work Calendar": ["R"]}', 'Ibnu Sofyan Alsyaid', 'ibnu.sofyan@ciptanissin.co.id', NULL, 0, '081311465707', 0, NULL, 1, NULL, 0, NULL, '2026-01-29 06:58:27', '2026-02-13 09:41:15', NULL, NULL),
	(168, 'CNI0717416', '$2a$10$6xAaQ.Gg6fUMXZAjYBcEjOkBBQ7FJkjkz/NqmFXtjznXBeOuRs5C.', 'My Dashboard,Master Data', '31', NULL, 'My Dashboard,News,NewsDetail,Work Calendar', '{"News": ["R"], "NewsDetail": ["R"], "My Dashboard": ["R"], "Work Calendar": ["R"]}', 'Ibnu Sohib', 'duwijayantiduwi@gmail.com', NULL, 0, '082213192410', 0, NULL, 1, NULL, 0, NULL, '2026-01-29 06:58:27', '2026-02-13 09:41:15', NULL, NULL),
	(169, 'CNI0717664', '$2a$10$6xAaQ.Gg6fUMXZAjYBcEjOkBBQ7FJkjkz/NqmFXtjznXBeOuRs5C.', 'My Dashboard,Master Data', '31', NULL, 'My Dashboard,News,NewsDetail,Work Calendar', '{"News": ["R"], "NewsDetail": ["R"], "My Dashboard": ["R"], "Work Calendar": ["R"]}', 'Ignatius Irawan Sukma', 'ignatius.irawan@ciptanissin.co.id', NULL, 0, '081223470200', 0, NULL, 1, NULL, 0, NULL, '2026-01-29 06:58:27', '2026-02-13 09:41:15', NULL, NULL),
	(170, '1313018', '$2a$10$6xAaQ.Gg6fUMXZAjYBcEjOkBBQ7FJkjkz/NqmFXtjznXBeOuRs5C.', 'My Dashboard,Master Data', '31', NULL, 'My Dashboard,News,NewsDetail,Work Calendar', '{"News": ["R"], "NewsDetail": ["R"], "My Dashboard": ["R"], "Work Calendar": ["R"]}', 'Ikrar Cecep', 'ikrar.cecep@ciptanissin.co.id', NULL, 0, '08161456507', 0, NULL, 1, NULL, 0, NULL, '2026-01-29 06:58:27', '2026-02-13 09:41:15', NULL, NULL),
	(171, 'CNI0717434', '$2a$10$6xAaQ.Gg6fUMXZAjYBcEjOkBBQ7FJkjkz/NqmFXtjznXBeOuRs5C.', 'My Dashboard,Master Data', '31', NULL, 'My Dashboard,News,NewsDetail,Work Calendar', '{"News": ["R"], "NewsDetail": ["R"], "My Dashboard": ["R"], "Work Calendar": ["R"]}', 'Indra Andrian Rustandi', 'indrandrian69@gmail.com', NULL, 0, '08567267957', 0, NULL, 1, NULL, 0, NULL, '2026-01-29 06:58:27', '2026-02-13 09:41:15', NULL, NULL),
	(172, 'CNI0716347', '$2a$10$6xAaQ.Gg6fUMXZAjYBcEjOkBBQ7FJkjkz/NqmFXtjznXBeOuRs5C.', 'My Dashboard,Master Data', '31', NULL, 'My Dashboard,News,NewsDetail,Work Calendar', '{"News": ["R"], "NewsDetail": ["R"], "My Dashboard": ["R"], "Work Calendar": ["R"]}', 'Indra Irawan', 'indra.irawan@ciptanissin.co.id', NULL, 0, '085782001211', 0, NULL, 1, NULL, 0, NULL, '2026-01-29 06:58:27', '2026-02-13 09:41:15', NULL, NULL),
	(173, 'CNI0716985', '$2a$10$6xAaQ.Gg6fUMXZAjYBcEjOkBBQ7FJkjkz/NqmFXtjznXBeOuRs5C.', 'My Dashboard,Master Data', '31', NULL, 'My Dashboard,News,NewsDetail,Work Calendar', '{"News": ["R"], "NewsDetail": ["R"], "My Dashboard": ["R"], "Work Calendar": ["R"]}', 'Irfan Hamzah', 'irfanhamzah69@gmail.com', NULL, 0, '081319381776', 0, NULL, 1, NULL, 0, NULL, '2026-01-29 06:58:27', '2026-02-13 09:41:15', NULL, NULL),
	(174, 'CNI0717842', '$2a$10$6xAaQ.Gg6fUMXZAjYBcEjOkBBQ7FJkjkz/NqmFXtjznXBeOuRs5C.', 'My Dashboard,Master Data', '31', NULL, 'My Dashboard,News,NewsDetail,Work Calendar', '{"News": ["R"], "NewsDetail": ["R"], "My Dashboard": ["R"], "Work Calendar": ["R"]}', 'Irfan Sahrul Efendi', 'irfansahrul98@gmail.com', NULL, 0, '087763454585', 0, NULL, 1, NULL, 0, NULL, '2026-01-29 06:58:27', '2026-02-13 09:41:15', NULL, NULL),
	(175, 'CNI0717822', '$2a$10$6xAaQ.Gg6fUMXZAjYBcEjOkBBQ7FJkjkz/NqmFXtjznXBeOuRs5C.', 'My Dashboard,Master Data', '31', NULL, 'My Dashboard,News,NewsDetail,Work Calendar', '{"News": ["R"], "NewsDetail": ["R"], "My Dashboard": ["R"], "Work Calendar": ["R"]}', 'Ismail', 'im887056@gmail.com', NULL, 0, '087879031271', 0, NULL, 1, NULL, 0, NULL, '2026-01-29 06:58:27', '2026-02-13 09:41:15', NULL, NULL),
	(176, 'CNI0715047', '$2a$10$6xAaQ.Gg6fUMXZAjYBcEjOkBBQ7FJkjkz/NqmFXtjznXBeOuRs5C.', 'My Dashboard,Master Data', '31', NULL, 'My Dashboard,News,NewsDetail,Work Calendar', '{"News": ["R"], "NewsDetail": ["R"], "My Dashboard": ["R"], "Work Calendar": ["R"]}', 'Istiyono', 'istiyono@ciptanissin.co.id', NULL, 0, '081386068841', 0, NULL, 1, NULL, 0, NULL, '2026-01-29 06:58:27', '2026-02-13 09:41:15', NULL, NULL),
	(177, 'CNI0717788', '$2a$10$6xAaQ.Gg6fUMXZAjYBcEjOkBBQ7FJkjkz/NqmFXtjznXBeOuRs5C.', 'My Dashboard,Master Data', '31', NULL, 'My Dashboard,News,NewsDetail,Work Calendar', '{"News": ["R"], "NewsDetail": ["R"], "My Dashboard": ["R"], "Work Calendar": ["R"]}', 'Iswanto Ariansyah', 'iswantoariansyah633@gmail.com', NULL, 0, '085710710194', 0, NULL, 1, NULL, 0, NULL, '2026-01-29 06:58:27', '2026-02-13 09:41:15', NULL, NULL),
	(178, 'CNI0717829', '$2a$10$6xAaQ.Gg6fUMXZAjYBcEjOkBBQ7FJkjkz/NqmFXtjznXBeOuRs5C.', 'My Dashboard,Master Data', '31', NULL, 'My Dashboard,News,NewsDetail,Work Calendar', '{"News": ["R"], "NewsDetail": ["R"], "My Dashboard": ["R"], "Work Calendar": ["R"]}', 'Itang Gunadi', 'itanggunadi@gmail.com', NULL, 0, '081255737098', 0, NULL, 1, NULL, 0, NULL, '2026-01-29 06:58:27', '2026-02-13 09:41:15', NULL, NULL),
	(179, 'CNI0716309', '$2a$10$6xAaQ.Gg6fUMXZAjYBcEjOkBBQ7FJkjkz/NqmFXtjznXBeOuRs5C.', 'My Dashboard,Master Data', '31', NULL, 'My Dashboard,News,NewsDetail,Work Calendar', '{"News": ["R"], "NewsDetail": ["R"], "My Dashboard": ["R"], "Work Calendar": ["R"]}', 'Iud Deny Achmadi', 'iud.deny@ciptanissin.co.id', NULL, 0, '082185257411', 0, NULL, 1, NULL, 0, NULL, '2026-01-29 06:58:27', '2026-02-13 09:41:15', NULL, NULL),
	(180, 'CNI0717474', '$2a$10$6xAaQ.Gg6fUMXZAjYBcEjOkBBQ7FJkjkz/NqmFXtjznXBeOuRs5C.', 'My Dashboard,Master Data', '31', NULL, 'My Dashboard,News,NewsDetail,Work Calendar', '{"News": ["R"], "NewsDetail": ["R"], "My Dashboard": ["R"], "Work Calendar": ["R"]}', 'Ivan Adiana Edhar', 'ivan.adiana@ciptanissin.co.id', NULL, 0, '085218826403', 0, NULL, 1, NULL, 0, NULL, '2026-01-29 06:58:27', '2026-02-13 09:41:15', NULL, NULL),
	(181, 'CNI0717733', '$2a$10$6xAaQ.Gg6fUMXZAjYBcEjOkBBQ7FJkjkz/NqmFXtjznXBeOuRs5C.', 'My Dashboard,Master Data', '31', NULL, 'My Dashboard,News,NewsDetail,Work Calendar', '{"News": ["R"], "NewsDetail": ["R"], "My Dashboard": ["R"], "Work Calendar": ["R"]}', 'Ivan Sutrisno', 'ivanskuats10@gmail.com', NULL, 0, '085951353016', 0, NULL, 1, NULL, 0, NULL, '2026-01-29 06:58:27', '2026-02-13 09:41:15', NULL, NULL),
	(182, 'CNI0716500', '$2a$10$6xAaQ.Gg6fUMXZAjYBcEjOkBBQ7FJkjkz/NqmFXtjznXBeOuRs5C.', 'My Dashboard,Master Data', '31', NULL, 'My Dashboard,News,NewsDetail,Work Calendar', '{"News": ["R"], "NewsDetail": ["R"], "My Dashboard": ["R"], "Work Calendar": ["R"]}', 'Iwan Gunawan', 'iwanglatiex@gmail.com', NULL, 0, '082111190356', 0, NULL, 1, NULL, 0, NULL, '2026-01-29 06:58:27', '2026-02-13 09:41:15', NULL, NULL),
	(183, 'CNI0716240', '$2a$10$6xAaQ.Gg6fUMXZAjYBcEjOkBBQ7FJkjkz/NqmFXtjznXBeOuRs5C.', 'My Dashboard,Master Data', '31', NULL, 'My Dashboard,News,NewsDetail,Work Calendar', '{"News": ["R"], "NewsDetail": ["R"], "My Dashboard": ["R"], "Work Calendar": ["R"]}', 'Iwan Setiawan', 'iwanset1503@gmail.com', NULL, 0, '085719545040', 0, NULL, 1, NULL, 0, NULL, '2026-01-29 06:58:27', '2026-02-13 09:41:15', NULL, NULL),
	(184, 'CNI0717242', '$2a$10$6xAaQ.Gg6fUMXZAjYBcEjOkBBQ7FJkjkz/NqmFXtjznXBeOuRs5C.', 'My Dashboard,Master Data', '31', NULL, 'My Dashboard,News,NewsDetail,Work Calendar', '{"News": ["R"], "NewsDetail": ["R"], "My Dashboard": ["R"], "Work Calendar": ["R"]}', 'Jamaluddin', 'ju044332@gmail.com', NULL, 0, '083893162795', 0, NULL, 1, NULL, 0, NULL, '2026-01-29 06:58:27', '2026-02-13 09:41:15', NULL, NULL),
	(185, 'CNI0717710', '$2a$10$6xAaQ.Gg6fUMXZAjYBcEjOkBBQ7FJkjkz/NqmFXtjznXBeOuRs5C.', 'My Dashboard,Master Data', '31', NULL, 'My Dashboard,News,NewsDetail,Work Calendar', '{"News": ["R"], "NewsDetail": ["R"], "My Dashboard": ["R"], "Work Calendar": ["R"]}', 'Jepri', 'jefri182809@gmail.com', NULL, 0, '081296035676', 0, NULL, 1, NULL, 0, NULL, '2026-01-29 06:58:27', '2026-02-13 09:41:15', NULL, NULL),
	(186, 'CNI0717449', '$2a$10$6xAaQ.Gg6fUMXZAjYBcEjOkBBQ7FJkjkz/NqmFXtjznXBeOuRs5C.', 'My Dashboard,Master Data', '31', NULL, 'My Dashboard,News,NewsDetail,Work Calendar', '{"News": ["R"], "NewsDetail": ["R"], "My Dashboard": ["R"], "Work Calendar": ["R"]}', 'Julian Nur Hidayat', 'juliankikuk767@gmail.com', NULL, 0, '083101507653', 0, NULL, 1, NULL, 0, NULL, '2026-01-29 06:58:27', '2026-02-13 09:41:15', NULL, NULL),
	(187, 'CNI0717776', '$2a$10$6xAaQ.Gg6fUMXZAjYBcEjOkBBQ7FJkjkz/NqmFXtjznXBeOuRs5C.', 'My Dashboard,Master Data', '31', NULL, 'My Dashboard,News,NewsDetail,Work Calendar', '{"News": ["R"], "NewsDetail": ["R"], "My Dashboard": ["R"], "Work Calendar": ["R"]}', 'Kandiaz Surya Agisni', 'khandiaz@gmail.com', NULL, 0, '081546807502', 0, NULL, 1, NULL, 0, NULL, '2026-01-29 06:58:27', '2026-02-13 09:41:15', NULL, NULL),
	(188, 'CNI0717101', '$2a$10$6xAaQ.Gg6fUMXZAjYBcEjOkBBQ7FJkjkz/NqmFXtjznXBeOuRs5C.', 'My Dashboard,Master Data', '31', NULL, 'My Dashboard,News,NewsDetail,Work Calendar', '{"News": ["R"], "NewsDetail": ["R"], "My Dashboard": ["R"], "Work Calendar": ["R"]}', 'Karman Handian', 'handiankarman@gmail.com', NULL, 0, '085891226800', 0, NULL, 1, NULL, 0, NULL, '2026-01-29 06:58:27', '2026-02-13 09:41:15', NULL, NULL),
	(189, 'CNI0715052', '$2a$10$6xAaQ.Gg6fUMXZAjYBcEjOkBBQ7FJkjkz/NqmFXtjznXBeOuRs5C.', 'My Dashboard,Master Data', '31', NULL, 'My Dashboard,News,NewsDetail,Work Calendar', '{"News": ["R"], "NewsDetail": ["R"], "My Dashboard": ["R"], "Work Calendar": ["R"]}', 'Karsomo', 'karsomo@ciptanissin.co.id', NULL, 0, '088296331944', 0, NULL, 1, NULL, 0, NULL, '2026-01-29 06:58:27', '2026-02-13 09:41:15', NULL, NULL),
	(190, 'CNI0716486', '$2a$10$6xAaQ.Gg6fUMXZAjYBcEjOkBBQ7FJkjkz/NqmFXtjznXBeOuRs5C.', 'My Dashboard,Master Data', '31', NULL, 'My Dashboard,News,NewsDetail,Work Calendar', '{"News": ["R"], "NewsDetail": ["R"], "My Dashboard": ["R"], "Work Calendar": ["R"]}', 'Karyadi', 'karyadi14538@gmail.com', NULL, 0, '081574592558', 0, NULL, 1, NULL, 0, NULL, '2026-01-29 06:58:27', '2026-02-13 09:41:15', NULL, NULL),
	(191, 'CNI0716068', '$2a$10$6xAaQ.Gg6fUMXZAjYBcEjOkBBQ7FJkjkz/NqmFXtjznXBeOuRs5C.', 'My Dashboard,Master Data', '31', NULL, 'My Dashboard,News,NewsDetail,Work Calendar', '{"News": ["R"], "NewsDetail": ["R"], "My Dashboard": ["R"], "Work Calendar": ["R"]}', 'Komarudin', 'komarudinsarah9@gmail.com', NULL, 0, '083871004053', 0, NULL, 1, NULL, 0, NULL, '2026-01-29 06:58:27', '2026-02-13 09:41:15', NULL, NULL),
	(192, 'CNI0716844', '$2a$10$6xAaQ.Gg6fUMXZAjYBcEjOkBBQ7FJkjkz/NqmFXtjznXBeOuRs5C.', 'My Dashboard,Master Data', '31', NULL, 'My Dashboard,News,NewsDetail,Work Calendar', '{"News": ["R"], "NewsDetail": ["R"], "My Dashboard": ["R"], "Work Calendar": ["R"]}', 'Kunto Wibisono', 'chunto.wbs@gmail.com', NULL, 0, '085883011313', 0, NULL, 1, NULL, 0, NULL, '2026-01-29 06:58:27', '2026-02-13 09:41:15', NULL, NULL),
	(193, 'CNI0717766', '$2a$10$6xAaQ.Gg6fUMXZAjYBcEjOkBBQ7FJkjkz/NqmFXtjznXBeOuRs5C.', 'My Dashboard,Master Data', '31', NULL, 'My Dashboard,News,NewsDetail,Work Calendar', '{"News": ["R"], "NewsDetail": ["R"], "My Dashboard": ["R"], "Work Calendar": ["R"]}', 'Labib Yoga Rahmadjiansyah', 'labibyoga17@gmail.com', NULL, 0, '085863815029', 0, NULL, 1, NULL, 0, NULL, '2026-01-29 06:58:27', '2026-02-13 09:41:15', NULL, NULL),
	(194, 'CNI0717715', '$2a$10$6xAaQ.Gg6fUMXZAjYBcEjOkBBQ7FJkjkz/NqmFXtjznXBeOuRs5C.', 'My Dashboard,Master Data', '31', NULL, 'My Dashboard,News,NewsDetail,Work Calendar', '{"News": ["R"], "NewsDetail": ["R"], "My Dashboard": ["R"], "Work Calendar": ["R"]}', 'Lampung Deni', 'lampungdeni123@gmail.com', NULL, 0, '085893383512', 0, NULL, 1, NULL, 0, NULL, '2026-01-29 06:58:27', '2026-02-13 09:41:15', NULL, NULL),
	(195, 'CNI0717797', '$2a$10$6xAaQ.Gg6fUMXZAjYBcEjOkBBQ7FJkjkz/NqmFXtjznXBeOuRs5C.', 'My Dashboard,Master Data', '31', NULL, 'My Dashboard,News,NewsDetail,Work Calendar', '{"News": ["R"], "NewsDetail": ["R"], "My Dashboard": ["R"], "Work Calendar": ["R"]}', 'M. Ibnu Darussalam', 'ibnudarussalam997@gmail.com', NULL, 0, '085881293725', 0, NULL, 1, NULL, 0, NULL, '2026-01-29 06:58:27', '2026-02-13 09:41:15', NULL, NULL),
	(196, 'CNI0716112', '$2a$10$6xAaQ.Gg6fUMXZAjYBcEjOkBBQ7FJkjkz/NqmFXtjznXBeOuRs5C.', 'My Dashboard,Master Data', '31', NULL, 'My Dashboard,News,NewsDetail,Work Calendar', '{"News": ["R"], "NewsDetail": ["R"], "My Dashboard": ["R"], "Work Calendar": ["R"]}', 'M. Jakaria', 'zakaria@ciptanissin.co.id', NULL, 0, '08128082782', 0, NULL, 1, NULL, 0, NULL, '2026-01-29 06:58:27', '2026-02-13 09:41:15', NULL, NULL),
	(197, 'CNI0717453', '$2a$10$6xAaQ.Gg6fUMXZAjYBcEjOkBBQ7FJkjkz/NqmFXtjznXBeOuRs5C.', 'My Dashboard,Master Data', '31', NULL, 'My Dashboard,News,NewsDetail,Work Calendar', '{"News": ["R"], "NewsDetail": ["R"], "My Dashboard": ["R"], "Work Calendar": ["R"]}', 'M. Kosim', 'mkosim0307@gmail.com', NULL, 0, '085778910169', 0, NULL, 1, NULL, 0, NULL, '2026-01-29 06:58:27', '2026-02-13 09:41:15', NULL, NULL),
	(198, 'CNI0717772', '$2a$10$6xAaQ.Gg6fUMXZAjYBcEjOkBBQ7FJkjkz/NqmFXtjznXBeOuRs5C.', 'My Dashboard,Master Data', '31', NULL, 'My Dashboard,News,NewsDetail,Work Calendar', '{"News": ["R"], "NewsDetail": ["R"], "My Dashboard": ["R"], "Work Calendar": ["R"]}', 'Muhamad Riyadi Setiawan', 'riyadisetiawan313@gmail.com', NULL, 0, '081212524670', 0, NULL, 1, NULL, 0, NULL, '2026-01-29 06:58:27', '2026-02-13 09:41:15', NULL, NULL),
	(199, 'CNI0717774', '$2a$10$6xAaQ.Gg6fUMXZAjYBcEjOkBBQ7FJkjkz/NqmFXtjznXBeOuRs5C.', 'My Dashboard,Master Data', '31', NULL, 'My Dashboard,News,NewsDetail,Work Calendar', '{"News": ["R"], "NewsDetail": ["R"], "My Dashboard": ["R"], "Work Calendar": ["R"]}', 'Masuri', 'masurihurie@gmail.com', NULL, 0, '085794685965', 0, NULL, 1, NULL, 0, NULL, '2026-01-29 06:58:27', '2026-02-13 09:41:15', NULL, NULL),
	(200, 'CNI0716966', '$2a$10$6xAaQ.Gg6fUMXZAjYBcEjOkBBQ7FJkjkz/NqmFXtjznXBeOuRs5C.', 'My Dashboard,Master Data', '31', NULL, 'My Dashboard,News,NewsDetail,Work Calendar', '{"News": ["R"], "NewsDetail": ["R"], "My Dashboard": ["R"], "Work Calendar": ["R"]}', 'Maulana Aditya Perdana', 'maulana.aditya@ciptanissin.co.id', NULL, 0, '081280820086', 0, NULL, 1, NULL, 0, NULL, '2026-01-29 06:58:27', '2026-02-13 09:41:15', NULL, NULL),
	(201, 'CNI0717462', '$2a$10$6xAaQ.Gg6fUMXZAjYBcEjOkBBQ7FJkjkz/NqmFXtjznXBeOuRs5C.', 'My Dashboard,Master Data', '31', NULL, 'My Dashboard,News,NewsDetail,Work Calendar', '{"News": ["R"], "NewsDetail": ["R"], "My Dashboard": ["R"], "Work Calendar": ["R"]}', 'Mochamad Arfan Juliansyah', 'arfanjuliansyah@gmail.com', NULL, 0, '08999054369', 0, NULL, 1, NULL, 0, NULL, '2026-01-29 06:58:27', '2026-02-13 09:41:15', NULL, NULL),
	(202, 'CNI0717696', '$2a$10$6xAaQ.Gg6fUMXZAjYBcEjOkBBQ7FJkjkz/NqmFXtjznXBeOuRs5C.', 'My Dashboard,Master Data', '31', NULL, 'My Dashboard,News,NewsDetail,Work Calendar', '{"News": ["R"], "NewsDetail": ["R"], "My Dashboard": ["R"], "Work Calendar": ["R"]}', 'Mochamad Arro Jabar qoyuum', 'arro@ciptanissin.co.id', NULL, 0, '082122926428', 0, NULL, 1, NULL, 0, NULL, '2026-01-29 06:58:27', '2026-02-13 09:41:15', NULL, NULL),
	(203, 'CNI0717835', '$2a$10$6xAaQ.Gg6fUMXZAjYBcEjOkBBQ7FJkjkz/NqmFXtjznXBeOuRs5C.', 'My Dashboard,Master Data', '31', NULL, 'My Dashboard,News,NewsDetail,Work Calendar', '{"News": ["R"], "NewsDetail": ["R"], "My Dashboard": ["R"], "Work Calendar": ["R"]}', 'Moh Zikrulloh', 'm.dzikrulloh11@gmail.com', NULL, 0, '081295594647', 0, NULL, 1, NULL, 0, NULL, '2026-01-29 06:58:27', '2026-02-13 09:41:15', NULL, NULL),
	(204, 'CNI0717680', '$2a$10$6xAaQ.Gg6fUMXZAjYBcEjOkBBQ7FJkjkz/NqmFXtjznXBeOuRs5C.', 'My Dashboard,Master Data', '31', NULL, 'My Dashboard,News,NewsDetail,Work Calendar', '{"News": ["R"], "NewsDetail": ["R"], "My Dashboard": ["R"], "Work Calendar": ["R"]}', 'Mohamad Angga Saputra', 'putra.angga0512@gmail.com', NULL, 0, '087776335854', 0, NULL, 1, NULL, 0, NULL, '2026-01-29 06:58:27', '2026-02-13 09:41:15', NULL, NULL),
	(205, 'CNI0717773', '$2a$10$6xAaQ.Gg6fUMXZAjYBcEjOkBBQ7FJkjkz/NqmFXtjznXBeOuRs5C.', 'My Dashboard,Master Data', '31', NULL, 'My Dashboard,News,NewsDetail,Work Calendar', '{"News": ["R"], "NewsDetail": ["R"], "My Dashboard": ["R"], "Work Calendar": ["R"]}', 'Mohamad Nur Isnanda', 'nur.isnanda@ciptanissin.co.id', NULL, 0, '083870565037', 0, NULL, 1, NULL, 0, NULL, '2026-01-29 06:58:27', '2026-02-13 09:41:15', NULL, NULL),
	(206, 'CNI0717767', '$2a$10$6xAaQ.Gg6fUMXZAjYBcEjOkBBQ7FJkjkz/NqmFXtjznXBeOuRs5C.', 'My Dashboard,Master Data', '31', NULL, 'My Dashboard,News,NewsDetail,Work Calendar', '{"News": ["R"], "NewsDetail": ["R"], "My Dashboard": ["R"], "Work Calendar": ["R"]}', 'Mohamad Rifki Nurhadi', 'mohammadrifkibelo@gmail.com', NULL, 0, '087862157083', 0, NULL, 1, NULL, 0, NULL, '2026-01-29 06:58:27', '2026-02-13 09:41:15', NULL, NULL),
	(207, 'CNI0717763', '$2a$10$6xAaQ.Gg6fUMXZAjYBcEjOkBBQ7FJkjkz/NqmFXtjznXBeOuRs5C.', 'My Dashboard,Master Data', '31', NULL, 'My Dashboard,News,NewsDetail,Work Calendar', '{"News": ["R"], "NewsDetail": ["R"], "My Dashboard": ["R"], "Work Calendar": ["R"]}', 'Mohammad Fadhil Ilham', 'mohfadhil42@gmail.com', NULL, 0, '085173078103', 0, NULL, 1, NULL, 0, NULL, '2026-01-29 06:58:27', '2026-02-13 09:41:15', NULL, NULL),
	(208, 'CNI0717755', '$2a$10$6xAaQ.Gg6fUMXZAjYBcEjOkBBQ7FJkjkz/NqmFXtjznXBeOuRs5C.', 'My Dashboard,Master Data', '31', NULL, 'My Dashboard,News,NewsDetail,Work Calendar', '{"News": ["R"], "NewsDetail": ["R"], "My Dashboard": ["R"], "Work Calendar": ["R"]}', 'Mohammad Taedi', 'mohammadtaedi9@gmail.com', NULL, 0, '087870447975', 0, NULL, 1, NULL, 0, NULL, '2026-01-29 06:58:27', '2026-02-13 09:41:15', NULL, NULL),
	(209, 'CNI0717781', '$2a$10$6xAaQ.Gg6fUMXZAjYBcEjOkBBQ7FJkjkz/NqmFXtjznXBeOuRs5C.', 'My Dashboard,Master Data', '31', NULL, 'My Dashboard,News,NewsDetail,Work Calendar', '{"News": ["R"], "NewsDetail": ["R"], "My Dashboard": ["R"], "Work Calendar": ["R"]}', 'Muchamad Yusril Alwi', 'much.yusril22@gmail.com', NULL, 0, '08528155485', 0, NULL, 1, NULL, 0, NULL, '2026-01-29 06:58:27', '2026-02-13 09:41:15', NULL, NULL),
	(210, 'CNI0717739', '$2a$10$6xAaQ.Gg6fUMXZAjYBcEjOkBBQ7FJkjkz/NqmFXtjznXBeOuRs5C.', 'My Dashboard,Master Data', '31', NULL, 'My Dashboard,News,NewsDetail,Work Calendar', '{"News": ["R"], "NewsDetail": ["R"], "My Dashboard": ["R"], "Work Calendar": ["R"]}', 'Muhamad Bagus Dwi Saputro', 'muhamadbagusds@gmail.com', NULL, 0, '082261592494', 0, NULL, 1, NULL, 0, NULL, '2026-01-29 06:58:27', '2026-02-13 09:41:15', NULL, NULL),
	(211, 'CNI0717810', '$2a$10$6xAaQ.Gg6fUMXZAjYBcEjOkBBQ7FJkjkz/NqmFXtjznXBeOuRs5C.', 'My Dashboard,Master Data', '31', NULL, 'My Dashboard,News,NewsDetail,Work Calendar', '{"News": ["R"], "NewsDetail": ["R"], "My Dashboard": ["R"], "Work Calendar": ["R"]}', 'Muhamad Cahyo Nugroho', 'muhamadcn@gmail.com', NULL, 0, '081281848400', 0, NULL, 1, NULL, 0, NULL, '2026-01-29 06:58:27', '2026-02-13 09:41:15', NULL, NULL),
	(212, 'CNI0717852', '$2a$10$6xAaQ.Gg6fUMXZAjYBcEjOkBBQ7FJkjkz/NqmFXtjznXBeOuRs5C.', 'My Dashboard,Master Data', '31', NULL, 'My Dashboard,News,NewsDetail,Work Calendar', '{"News": ["R"], "NewsDetail": ["R"], "My Dashboard": ["R"], "Work Calendar": ["R"]}', 'Muhamad Fajar Nuryakin', 'muhamadfajarnuryakin@gmail.com', NULL, 0, '085782896794', 0, NULL, 1, NULL, 0, NULL, '2026-01-29 06:58:27', '2026-02-13 09:41:15', NULL, NULL),
	(213, 'CNI0717728', '$2a$10$6xAaQ.Gg6fUMXZAjYBcEjOkBBQ7FJkjkz/NqmFXtjznXBeOuRs5C.', 'My Dashboard,Master Data', '31', NULL, 'My Dashboard,News,NewsDetail,Work Calendar', '{"News": ["R"], "NewsDetail": ["R"], "My Dashboard": ["R"], "Work Calendar": ["R"]}', 'Muhamad Ilham', 'mwildan0230@gmail.com', NULL, 0, '083899987234', 0, NULL, 1, NULL, 0, NULL, '2026-01-29 06:58:27', '2026-02-13 09:41:15', NULL, NULL),
	(214, 'CNI0717777', '$2a$10$6xAaQ.Gg6fUMXZAjYBcEjOkBBQ7FJkjkz/NqmFXtjznXBeOuRs5C.', 'My Dashboard,Master Data', '31', NULL, 'My Dashboard,News,NewsDetail,Work Calendar', '{"News": ["R"], "NewsDetail": ["R"], "My Dashboard": ["R"], "Work Calendar": ["R"]}', 'Muhamad Indrajat', 'muhamadindrajat1324@gmail.com', NULL, 0, '085722304258', 0, NULL, 1, NULL, 0, NULL, '2026-01-29 06:58:27', '2026-02-13 09:41:15', NULL, NULL),
	(215, 'CNI0717808', '$2a$10$6xAaQ.Gg6fUMXZAjYBcEjOkBBQ7FJkjkz/NqmFXtjznXBeOuRs5C.', 'My Dashboard,Master Data', '31', NULL, 'My Dashboard,News,NewsDetail,Work Calendar', '{"News": ["R"], "NewsDetail": ["R"], "My Dashboard": ["R"], "Work Calendar": ["R"]}', 'Muhamad Ramdani', 'muhamad.ramdani0911@gmail.com', NULL, 0, '0895350700381', 0, NULL, 1, NULL, 0, NULL, '2026-01-29 06:58:27', '2026-02-13 09:41:15', NULL, NULL),
	(216, 'CNI0717811', '$2a$10$6xAaQ.Gg6fUMXZAjYBcEjOkBBQ7FJkjkz/NqmFXtjznXBeOuRs5C.', 'My Dashboard,Master Data', '31', NULL, 'My Dashboard,News,NewsDetail,Work Calendar', '{"News": ["R"], "NewsDetail": ["R"], "My Dashboard": ["R"], "Work Calendar": ["R"]}', 'Muhamad Rasidin', 'muhrasidin99@gmail.com', NULL, 0, '081296485567', 0, NULL, 1, NULL, 0, NULL, '2026-01-29 06:58:27', '2026-02-13 09:41:15', NULL, NULL),
	(217, 'CNI0717487', '$2a$10$6xAaQ.Gg6fUMXZAjYBcEjOkBBQ7FJkjkz/NqmFXtjznXBeOuRs5C.', 'My Dashboard,Master Data', '31', NULL, 'My Dashboard,News,NewsDetail,Work Calendar', '{"News": ["R"], "NewsDetail": ["R"], "My Dashboard": ["R"], "Work Calendar": ["R"]}', 'Muhamad Rizki', 'venifiani15@gmail.com', NULL, 0, '081283192290', 0, NULL, 1, NULL, 0, NULL, '2026-01-29 06:58:27', '2026-02-13 09:41:15', NULL, NULL),
	(218, 'CNI0717768', '$2a$10$6xAaQ.Gg6fUMXZAjYBcEjOkBBQ7FJkjkz/NqmFXtjznXBeOuRs5C.', 'My Dashboard,Master Data', '31', NULL, 'My Dashboard,News,NewsDetail,Work Calendar', '{"News": ["R"], "NewsDetail": ["R"], "My Dashboard": ["R"], "Work Calendar": ["R"]}', 'Muhamad Safrudin', 'aseprebhel384@gmail.com', NULL, 0, '087871082685', 0, NULL, 1, NULL, 0, NULL, '2026-01-29 06:58:27', '2026-02-13 09:41:15', NULL, NULL),
	(219, 'CNI0715085', '$2a$10$6xAaQ.Gg6fUMXZAjYBcEjOkBBQ7FJkjkz/NqmFXtjznXBeOuRs5C.', 'My Dashboard,Master Data', '31', NULL, 'My Dashboard,News,NewsDetail,Work Calendar', '{"News": ["R"], "NewsDetail": ["R"], "My Dashboard": ["R"], "Work Calendar": ["R"]}', 'Muhamad Zaqi Nuur', 'zaqinuur@gmail.com', NULL, 0, '08983047685', 0, NULL, 1, NULL, 0, NULL, '2026-01-29 06:58:27', '2026-02-13 09:41:15', NULL, NULL),
	(220, 'CNI0717863', '$2a$10$6xAaQ.Gg6fUMXZAjYBcEjOkBBQ7FJkjkz/NqmFXtjznXBeOuRs5C.', 'My Dashboard,Master Data', '31', NULL, 'My Dashboard,News,NewsDetail,Work Calendar', '{"News": ["R"], "NewsDetail": ["R"], "My Dashboard": ["R"], "Work Calendar": ["R"]}', 'Muhammad Arifin', 'muhhammadarrif27@gmail.com', NULL, 0, '082210119178', 0, NULL, 1, NULL, 0, NULL, '2026-01-29 06:58:27', '2026-02-13 09:41:15', NULL, NULL),
	(221, 'CNI0717782', '$2a$10$6xAaQ.Gg6fUMXZAjYBcEjOkBBQ7FJkjkz/NqmFXtjznXBeOuRs5C.', 'My Dashboard,Master Data', '31', NULL, 'My Dashboard,News,NewsDetail,Work Calendar', '{"News": ["R"], "NewsDetail": ["R"], "My Dashboard": ["R"], "Work Calendar": ["R"]}', 'Muhammad Bashir Abdullah', 'muh.bashir806@gmail.com', NULL, 0, '082123742125', 0, NULL, 1, NULL, 0, NULL, '2026-01-29 06:58:27', '2026-02-13 09:41:15', NULL, NULL),
	(222, 'CNI0717876', '$2a$10$6xAaQ.Gg6fUMXZAjYBcEjOkBBQ7FJkjkz/NqmFXtjznXBeOuRs5C.', 'My Dashboard,Master Data', '31', NULL, 'My Dashboard,News,NewsDetail,Work Calendar', '{"News": ["R"], "NewsDetail": ["R"], "My Dashboard": ["R"], "Work Calendar": ["R"]}', 'Muhammad Elyas', 'elyasmuhammad73@gmail.com', NULL, 0, '085729124800', 0, NULL, 1, NULL, 0, NULL, '2026-01-29 06:58:27', '2026-02-13 09:41:15', NULL, NULL),
	(223, 'CNI0717737', '$2a$10$6xAaQ.Gg6fUMXZAjYBcEjOkBBQ7FJkjkz/NqmFXtjznXBeOuRs5C.', 'My Dashboard,Master Data', '31', NULL, 'My Dashboard,News,NewsDetail,Work Calendar', '{"News": ["R"], "NewsDetail": ["R"], "My Dashboard": ["R"], "Work Calendar": ["R"]}', 'Muhammad Fajar', 'muhmmdfajar31@gmail.com', NULL, 0, '083875058132', 0, NULL, 1, NULL, 0, NULL, '2026-01-29 06:58:27', '2026-02-13 09:41:15', NULL, NULL),
	(224, 'CNI0716831', '$2a$10$6xAaQ.Gg6fUMXZAjYBcEjOkBBQ7FJkjkz/NqmFXtjznXBeOuRs5C.', 'My Dashboard,Master Data', '31', NULL, 'My Dashboard,News,NewsDetail,Work Calendar', '{"News": ["R"], "NewsDetail": ["R"], "My Dashboard": ["R"], "Work Calendar": ["R"]}', 'Muhammad Riady Tamimi', 'riady.tamimi@ciptanissin.co.id', NULL, 0, '081284983248', 0, NULL, 1, NULL, 0, NULL, '2026-01-29 06:58:27', '2026-02-13 09:41:15', NULL, NULL),
	(225, 'CNI0717395', '$2a$10$6xAaQ.Gg6fUMXZAjYBcEjOkBBQ7FJkjkz/NqmFXtjznXBeOuRs5C.', 'My Dashboard,Master Data', '31', NULL, 'My Dashboard,News,NewsDetail,Work Calendar', '{"News": ["R"], "NewsDetail": ["R"], "My Dashboard": ["R"], "Work Calendar": ["R"]}', 'Munawir Sadjali', 'awink11@gmail.com', NULL, 0, '089514811289', 0, NULL, 1, NULL, 0, NULL, '2026-01-29 06:58:27', '2026-02-13 09:41:15', NULL, NULL),
	(226, 'CNI0717486', '$2a$10$6xAaQ.Gg6fUMXZAjYBcEjOkBBQ7FJkjkz/NqmFXtjznXBeOuRs5C.', 'My Dashboard,Master Data', '31', NULL, 'My Dashboard,News,NewsDetail,Work Calendar', '{"News": ["R"], "NewsDetail": ["R"], "My Dashboard": ["R"], "Work Calendar": ["R"]}', 'Muzain Nur Fadzila', 'muzainnurfadzila@gmail.com', NULL, 0, '083895253699', 0, NULL, 1, NULL, 0, NULL, '2026-01-29 06:58:27', '2026-02-13 09:41:15', NULL, NULL),
	(227, 'CNI0717727', '$2a$10$6xAaQ.Gg6fUMXZAjYBcEjOkBBQ7FJkjkz/NqmFXtjznXBeOuRs5C.', 'My Dashboard,Master Data', '31', NULL, 'My Dashboard,News,NewsDetail,Work Calendar', '{"News": ["R"], "NewsDetail": ["R"], "My Dashboard": ["R"], "Work Calendar": ["R"]}', 'Nur Baiturrahman', 'nurbaiturrahman14@gmail.com', NULL, 0, '081385384529', 0, NULL, 1, NULL, 0, NULL, '2026-01-29 06:58:27', '2026-02-13 09:41:15', NULL, NULL),
	(228, 'CNI0716686', '$2a$10$6xAaQ.Gg6fUMXZAjYBcEjOkBBQ7FJkjkz/NqmFXtjznXBeOuRs5C.', 'My Dashboard,Master Data', '31', NULL, 'My Dashboard,News,NewsDetail,Work Calendar', '{"News": ["R"], "NewsDetail": ["R"], "My Dashboard": ["R"], "Work Calendar": ["R"]}', 'Nur Hayup', 'nur.hayub@ciptanissin.co.id', NULL, 0, '085281193693', 0, NULL, 1, NULL, 0, NULL, '2026-01-29 06:58:27', '2026-02-13 09:41:15', NULL, NULL),
	(229, 'CNI0717793', '$2a$10$6xAaQ.Gg6fUMXZAjYBcEjOkBBQ7FJkjkz/NqmFXtjznXBeOuRs5C.', 'My Dashboard,Master Data', '31', NULL, 'My Dashboard,News,NewsDetail,Work Calendar', '{"News": ["R"], "NewsDetail": ["R"], "My Dashboard": ["R"], "Work Calendar": ["R"]}', 'Nur Mardanih', 'nurmardanih17@gmail.com', NULL, 0, '0895334033125', 0, NULL, 1, NULL, 0, NULL, '2026-01-29 06:58:27', '2026-02-13 09:41:15', NULL, NULL),
	(230, 'CNI0717796', '$2a$10$6xAaQ.Gg6fUMXZAjYBcEjOkBBQ7FJkjkz/NqmFXtjznXBeOuRs5C.', 'My Dashboard,Master Data', '31', NULL, 'My Dashboard,News,NewsDetail,Work Calendar', '{"News": ["R"], "NewsDetail": ["R"], "My Dashboard": ["R"], "Work Calendar": ["R"]}', 'Nurhadi', 'nurhadi150799@gmail.com', NULL, 0, '083187492888', 0, NULL, 1, NULL, 0, NULL, '2026-01-29 06:58:27', '2026-02-13 09:41:15', NULL, NULL),
	(231, 'CNI0717711', '$2a$10$6xAaQ.Gg6fUMXZAjYBcEjOkBBQ7FJkjkz/NqmFXtjznXBeOuRs5C.', 'My Dashboard,Master Data', '31', NULL, 'My Dashboard,News,NewsDetail,Work Calendar', '{"News": ["R"], "NewsDetail": ["R"], "My Dashboard": ["R"], "Work Calendar": ["R"]}', 'Nurhasan', 'nurhasan120220@gmail.com', NULL, 0, '089523556015', 0, NULL, 1, NULL, 0, NULL, '2026-01-29 06:58:27', '2026-02-13 09:41:15', NULL, NULL),
	(232, 'CNI0717051', '$2a$10$6xAaQ.Gg6fUMXZAjYBcEjOkBBQ7FJkjkz/NqmFXtjznXBeOuRs5C.', 'My Dashboard,Master Data', '31', NULL, 'My Dashboard,News,NewsDetail,Work Calendar', '{"News": ["R"], "NewsDetail": ["R"], "My Dashboard": ["R"], "Work Calendar": ["R"]}', 'Nurmansah', 'Nurmansah185@gmail.com', NULL, 0, '083820250694', 0, NULL, 1, NULL, 0, NULL, '2026-01-29 06:58:27', '2026-02-13 09:41:15', NULL, NULL),
	(233, 'CNI0717753', '$2a$10$6xAaQ.Gg6fUMXZAjYBcEjOkBBQ7FJkjkz/NqmFXtjznXBeOuRs5C.', 'My Dashboard,Master Data', '31', NULL, 'My Dashboard,News,NewsDetail,Work Calendar', '{"News": ["R"], "NewsDetail": ["R"], "My Dashboard": ["R"], "Work Calendar": ["R"]}', 'Nurul Mubarok', 'mubaroknurul23@gmail.com', NULL, 0, '089623419927', 0, NULL, 1, NULL, 0, NULL, '2026-01-29 06:58:27', '2026-02-13 09:41:15', NULL, NULL),
	(234, 'CNI0717795', '$2a$10$6xAaQ.Gg6fUMXZAjYBcEjOkBBQ7FJkjkz/NqmFXtjznXBeOuRs5C.', 'My Dashboard,Master Data', '31', NULL, 'My Dashboard,News,NewsDetail,Work Calendar', '{"News": ["R"], "NewsDetail": ["R"], "My Dashboard": ["R"], "Work Calendar": ["R"]}', 'Ogi Deskatama Putra', 'ogideskatama114@gmail.com', NULL, 0, '082170169823', 0, NULL, 1, NULL, 0, NULL, '2026-01-29 06:58:27', '2026-02-13 09:41:15', NULL, NULL),
	(235, 'CNI0717435', '$2a$10$6xAaQ.Gg6fUMXZAjYBcEjOkBBQ7FJkjkz/NqmFXtjznXBeOuRs5C.', 'My Dashboard,Master Data', '31', NULL, 'My Dashboard,News,NewsDetail,Work Calendar', '{"News": ["R"], "NewsDetail": ["R"], "My Dashboard": ["R"], "Work Calendar": ["R"]}', 'Ompin', 'ompin.arifin83@gmail.com', NULL, 0, '085775672865', 0, NULL, 1, NULL, 0, NULL, '2026-01-29 06:58:27', '2026-02-13 09:41:15', NULL, NULL),
	(236, 'CNI0717794', '$2a$10$6xAaQ.Gg6fUMXZAjYBcEjOkBBQ7FJkjkz/NqmFXtjznXBeOuRs5C.', 'My Dashboard,Master Data', '31', NULL, 'My Dashboard,News,NewsDetail,Work Calendar', '{"News": ["R"], "NewsDetail": ["R"], "My Dashboard": ["R"], "Work Calendar": ["R"]}', 'Panji Hidayat', 'panjihidayat72@gmail.com', NULL, 0, '081296185853', 0, NULL, 1, NULL, 0, NULL, '2026-01-29 06:58:27', '2026-02-13 09:41:15', NULL, NULL),
	(237, 'CNI0715091', '$2a$10$6xAaQ.Gg6fUMXZAjYBcEjOkBBQ7FJkjkz/NqmFXtjznXBeOuRs5C.', 'My Dashboard,Master Data', '31', NULL, 'My Dashboard,News,NewsDetail,Work Calendar', '{"News": ["R"], "NewsDetail": ["R"], "My Dashboard": ["R"], "Work Calendar": ["R"]}', 'Parno', 'parno@ciptanissin.co.id', NULL, 0, '082111381883', 0, NULL, 1, NULL, 0, NULL, '2026-01-29 06:58:27', '2026-02-13 09:41:15', NULL, NULL),
	(238, '3', '$2a$10$6xAaQ.Gg6fUMXZAjYBcEjOkBBQ7FJkjkz/NqmFXtjznXBeOuRs5C.', 'My Dashboard,Master Data', '31', NULL, 'My Dashboard,News,NewsDetail,Work Calendar', '{"News": ["R"], "NewsDetail": ["R"], "My Dashboard": ["R"], "Work Calendar": ["R"]}', 'Peggy Kosasih', 'peggy@ciptanissin.co.id', NULL, 0, '', 0, NULL, 1, NULL, 0, NULL, '2026-01-29 06:58:27', '2026-02-13 09:41:15', NULL, NULL),
	(239, 'CNI0717738', '$2a$10$6xAaQ.Gg6fUMXZAjYBcEjOkBBQ7FJkjkz/NqmFXtjznXBeOuRs5C.', 'My Dashboard,Master Data', '31', NULL, 'My Dashboard,News,NewsDetail,Work Calendar', '{"News": ["R"], "NewsDetail": ["R"], "My Dashboard": ["R"], "Work Calendar": ["R"]}', 'Prabowo Aji Santoso', 'bowoand@gmail.com', NULL, 0, '085892501317', 0, NULL, 1, NULL, 0, NULL, '2026-01-29 06:58:27', '2026-02-13 09:41:15', NULL, NULL),
	(240, 'CNI0717840', '$2a$10$6xAaQ.Gg6fUMXZAjYBcEjOkBBQ7FJkjkz/NqmFXtjznXBeOuRs5C.', 'My Dashboard,Master Data', '31', NULL, 'My Dashboard,News,NewsDetail,Work Calendar', '{"News": ["R"], "NewsDetail": ["R"], "My Dashboard": ["R"], "Work Calendar": ["R"]}', 'Priyo Pinoto', 'priyopinoto123@gmail.com', NULL, 0, '083896603444', 0, NULL, 1, NULL, 0, NULL, '2026-01-29 06:58:27', '2026-02-13 09:41:15', NULL, NULL),
	(241, '1512240', '$2a$10$6xAaQ.Gg6fUMXZAjYBcEjOkBBQ7FJkjkz/NqmFXtjznXBeOuRs5C.', 'My Dashboard,Master Data', '31', NULL, 'My Dashboard,News,NewsDetail,Work Calendar', '{"News": ["R"], "NewsDetail": ["R"], "My Dashboard": ["R"], "Work Calendar": ["R"]}', 'Pulungan Naipospos', 'pulungan.naipospos@ciptanissin.co.id', NULL, 0, '081283044938', 0, NULL, 1, NULL, 0, NULL, '2026-01-29 06:58:27', '2026-02-13 09:41:15', NULL, NULL),
	(242, 'CNI0717681', '$2a$10$6xAaQ.Gg6fUMXZAjYBcEjOkBBQ7FJkjkz/NqmFXtjznXBeOuRs5C.', 'My Dashboard,Master Data', '31', NULL, 'My Dashboard,News,NewsDetail,Work Calendar', '{"News": ["R"], "NewsDetail": ["R"], "My Dashboard": ["R"], "Work Calendar": ["R"]}', 'Rafli Kumar', 'raflikumar1999@gmail.com', NULL, 0, '088213994937', 0, NULL, 1, NULL, 0, NULL, '2026-01-29 06:58:27', '2026-02-13 09:41:15', NULL, NULL),
	(243, 'CNI0717463', '$2a$10$6xAaQ.Gg6fUMXZAjYBcEjOkBBQ7FJkjkz/NqmFXtjznXBeOuRs5C.', 'My Dashboard,Master Data', '31', NULL, 'My Dashboard,News,NewsDetail,Work Calendar', '{"News": ["R"], "NewsDetail": ["R"], "My Dashboard": ["R"], "Work Calendar": ["R"]}', 'Rahmat Krismianto', 'rahmatkrismianto87@gmail.com', NULL, 0, '085879503023', 0, NULL, 1, NULL, 0, NULL, '2026-01-29 06:58:27', '2026-02-13 09:41:15', NULL, NULL),
	(244, 'CNI0717464', '$2a$10$6xAaQ.Gg6fUMXZAjYBcEjOkBBQ7FJkjkz/NqmFXtjznXBeOuRs5C.', 'My Dashboard,Master Data', '31', NULL, 'My Dashboard,News,NewsDetail,Work Calendar', '{"News": ["R"], "NewsDetail": ["R"], "My Dashboard": ["R"], "Work Calendar": ["R"]}', 'Rahmat Nafin', 'rahmatnafian@gmail.com', NULL, 0, '085894075420', 0, NULL, 1, NULL, 0, NULL, '2026-01-29 06:58:27', '2026-02-13 09:41:15', NULL, NULL),
	(245, 'CNI0717783', '$2a$10$6xAaQ.Gg6fUMXZAjYBcEjOkBBQ7FJkjkz/NqmFXtjznXBeOuRs5C.', 'My Dashboard,Master Data', '31', NULL, 'My Dashboard,News,NewsDetail,Work Calendar', '{"News": ["R"], "NewsDetail": ["R"], "My Dashboard": ["R"], "Work Calendar": ["R"]}', 'Rangga Adi Saputra', 'ranggaadsptr5@gmail.com', NULL, 0, '085692532026', 0, NULL, 1, NULL, 0, NULL, '2026-01-29 06:58:27', '2026-02-13 09:41:15', NULL, NULL),
	(246, 'CNI0716168', '$2a$10$6xAaQ.Gg6fUMXZAjYBcEjOkBBQ7FJkjkz/NqmFXtjznXBeOuRs5C.', 'My Dashboard,Master Data', '31', NULL, 'My Dashboard,News,NewsDetail,Work Calendar', '{"News": ["R"], "NewsDetail": ["R"], "My Dashboard": ["R"], "Work Calendar": ["R"]}', 'Ranu Gugun Gunara', 'ranugunara69@gmail.com', NULL, 0, '082299860294', 0, NULL, 1, NULL, 0, NULL, '2026-01-29 06:58:27', '2026-02-13 09:41:15', NULL, NULL),
	(247, 'CNI0717823', '$2a$10$6xAaQ.Gg6fUMXZAjYBcEjOkBBQ7FJkjkz/NqmFXtjznXBeOuRs5C.', 'My Dashboard,Master Data', '31', NULL, 'My Dashboard,News,NewsDetail,Work Calendar', '{"News": ["R"], "NewsDetail": ["R"], "My Dashboard": ["R"], "Work Calendar": ["R"]}', 'Ridho Widi Purnomo', 'ridhowidhipurnomo@gmail.com', NULL, 0, '081213738325', 0, NULL, 1, NULL, 0, NULL, '2026-01-29 06:58:27', '2026-02-13 09:41:15', NULL, NULL),
	(248, 'CNI0717807', '$2a$10$6xAaQ.Gg6fUMXZAjYBcEjOkBBQ7FJkjkz/NqmFXtjznXBeOuRs5C.', 'My Dashboard,Master Data', '31', NULL, 'My Dashboard,News,NewsDetail,Work Calendar', '{"News": ["R"], "NewsDetail": ["R"], "My Dashboard": ["R"], "Work Calendar": ["R"]}', 'Rifky Aprianto', 'apriantorifky60@gmail.com', NULL, 0, '089505622920', 0, NULL, 1, NULL, 0, NULL, '2026-01-29 06:58:27', '2026-02-13 09:41:15', NULL, NULL),
	(249, 'CNI0717754', '$2a$10$6xAaQ.Gg6fUMXZAjYBcEjOkBBQ7FJkjkz/NqmFXtjznXBeOuRs5C.', 'My Dashboard,Master Data', '31', NULL, 'My Dashboard,News,NewsDetail,Work Calendar', '{"News": ["R"], "NewsDetail": ["R"], "My Dashboard": ["R"], "Work Calendar": ["R"]}', 'Riky Setiawan', 'rikysetiawan551@gmail.com', NULL, 0, '082112605696', 0, NULL, 1, NULL, 0, NULL, '2026-01-29 06:58:27', '2026-02-13 09:41:15', NULL, NULL),
	(250, 'CNI0717798', '$2a$10$6xAaQ.Gg6fUMXZAjYBcEjOkBBQ7FJkjkz/NqmFXtjznXBeOuRs5C.', 'My Dashboard,Master Data', '31', NULL, 'My Dashboard,News,NewsDetail,Work Calendar', '{"News": ["R"], "NewsDetail": ["R"], "My Dashboard": ["R"], "Work Calendar": ["R"]}', 'Rio Pradana', 'riopradana820@gmail.com', NULL, 0, '085770126075', 0, NULL, 1, NULL, 0, NULL, '2026-01-29 06:58:27', '2026-02-13 09:41:15', NULL, NULL),
	(251, 'CNI0717049', '$2a$10$6xAaQ.Gg6fUMXZAjYBcEjOkBBQ7FJkjkz/NqmFXtjznXBeOuRs5C.', 'My Dashboard,Master Data', '31', NULL, 'My Dashboard,News,NewsDetail,Work Calendar', '{"News": ["R"], "NewsDetail": ["R"], "My Dashboard": ["R"], "Work Calendar": ["R"]}', 'Rizcky Firmansyah', 'rizcky.firmansyah@ciptanissin.co.id', NULL, 0, '089664889431', 0, NULL, 1, NULL, 0, NULL, '2026-01-29 06:58:27', '2026-02-13 09:41:15', NULL, NULL),
	(252, 'CNI0716986', '$2a$10$6xAaQ.Gg6fUMXZAjYBcEjOkBBQ7FJkjkz/NqmFXtjznXBeOuRs5C.', 'My Dashboard,Master Data', '31', NULL, 'My Dashboard,News,NewsDetail,Work Calendar', '{"News": ["R"], "NewsDetail": ["R"], "My Dashboard": ["R"], "Work Calendar": ["R"]}', 'Rizki Suryanto', 'snpistimewa01@gmail.com', NULL, 0, '085695345353', 0, NULL, 1, NULL, 0, NULL, '2026-01-29 06:58:27', '2026-02-13 09:41:15', NULL, NULL),
	(253, 'CNI0717762', '$2a$10$6xAaQ.Gg6fUMXZAjYBcEjOkBBQ7FJkjkz/NqmFXtjznXBeOuRs5C.', 'My Dashboard,Master Data', '31', NULL, 'My Dashboard,News,NewsDetail,Work Calendar', '{"News": ["R"], "NewsDetail": ["R"], "My Dashboard": ["R"], "Work Calendar": ["R"]}', 'Rudy Saleh', 'rudysaleh115@gmail.com', NULL, 0, '085717450898', 0, NULL, 1, NULL, 0, NULL, '2026-01-29 06:58:27', '2026-02-13 09:41:15', NULL, NULL),
	(254, 'CNI0715040', '$2a$10$6xAaQ.Gg6fUMXZAjYBcEjOkBBQ7FJkjkz/NqmFXtjznXBeOuRs5C.', 'My Dashboard,Master Data', '31', NULL, 'My Dashboard,News,NewsDetail,Work Calendar', '{"News": ["R"], "NewsDetail": ["R"], "My Dashboard": ["R"], "Work Calendar": ["R"]}', 'Rusdi Yanto', 'Rusdie0606@gmail.com', NULL, 0, '089666127052', 0, NULL, 1, NULL, 0, NULL, '2026-01-29 06:58:27', '2026-02-13 09:41:15', NULL, NULL),
	(255, 'CNI0717862', '$2a$10$6xAaQ.Gg6fUMXZAjYBcEjOkBBQ7FJkjkz/NqmFXtjznXBeOuRs5C.', 'My Dashboard,Master Data', '31', NULL, 'My Dashboard,News,NewsDetail,Work Calendar', '{"News": ["R"], "NewsDetail": ["R"], "My Dashboard": ["R"], "Work Calendar": ["R"]}', 'Ryan Aunursyah', 'ryanaunursyah26@gmail.com', NULL, 0, '081295807201', 0, NULL, 1, NULL, 0, NULL, '2026-01-29 06:58:27', '2026-02-13 09:41:15', NULL, NULL),
	(256, 'CNI0717756', '$2a$10$6xAaQ.Gg6fUMXZAjYBcEjOkBBQ7FJkjkz/NqmFXtjznXBeOuRs5C.', 'My Dashboard,Master Data', '31', NULL, 'My Dashboard,News,NewsDetail,Work Calendar', '{"News": ["R"], "NewsDetail": ["R"], "My Dashboard": ["R"], "Work Calendar": ["R"]}', 'Sahrul Munir', 'sahrulmunir1110@gmail.com', NULL, 0, '089608196624', 0, NULL, 1, NULL, 0, NULL, '2026-01-29 06:58:27', '2026-02-13 09:41:15', NULL, NULL),
	(257, 'CNI0717035', '$2a$10$6xAaQ.Gg6fUMXZAjYBcEjOkBBQ7FJkjkz/NqmFXtjznXBeOuRs5C.', 'My Dashboard,Master Data', '31', NULL, 'My Dashboard,News,NewsDetail,Work Calendar', '{"News": ["R"], "NewsDetail": ["R"], "My Dashboard": ["R"], "Work Calendar": ["R"]}', 'Saka Delima', 'sakadelima89@gmail.com', NULL, 0, '081313260568', 0, NULL, 1, NULL, 0, NULL, '2026-01-29 06:58:27', '2026-02-13 09:41:15', NULL, NULL),
	(258, 'CNI0717759', '$2a$10$6xAaQ.Gg6fUMXZAjYBcEjOkBBQ7FJkjkz/NqmFXtjznXBeOuRs5C.', 'My Dashboard,Master Data', '31', NULL, 'My Dashboard,News,NewsDetail,Work Calendar', '{"News": ["R"], "NewsDetail": ["R"], "My Dashboard": ["R"], "Work Calendar": ["R"]}', 'Sandi Rizki Wijaya', 'sandichimot@gmail.com', NULL, 0, '081315356481', 0, NULL, 1, NULL, 0, NULL, '2026-01-29 06:58:27', '2026-02-13 09:41:15', NULL, NULL),
	(259, 'CNI0716126', '$2a$10$6xAaQ.Gg6fUMXZAjYBcEjOkBBQ7FJkjkz/NqmFXtjznXBeOuRs5C.', 'My Dashboard,Master Data', '31', NULL, 'My Dashboard,News,NewsDetail,Work Calendar', '{"News": ["R"], "NewsDetail": ["R"], "My Dashboard": ["R"], "Work Calendar": ["R"]}', 'Sastra Wijaya', 'Sastra_wijaya46@yahoo.com', NULL, 0, '083897831579', 0, NULL, 1, NULL, 0, NULL, '2026-01-29 06:58:27', '2026-02-13 09:41:15', NULL, NULL),
	(260, 'CNI0717413', '$2a$10$6xAaQ.Gg6fUMXZAjYBcEjOkBBQ7FJkjkz/NqmFXtjznXBeOuRs5C.', 'My Dashboard,Master Data', '31', NULL, 'My Dashboard,News,NewsDetail,Work Calendar', '{"News": ["R"], "NewsDetail": ["R"], "My Dashboard": ["R"], "Work Calendar": ["R"]}', 'Satrio Ramdhani', 'rio.ramdhani992@gmail.com', NULL, 0, '089602617851', 0, NULL, 1, NULL, 0, NULL, '2026-01-29 06:58:27', '2026-02-13 09:41:15', NULL, NULL),
	(261, 'CNI0716132', '$2a$10$6xAaQ.Gg6fUMXZAjYBcEjOkBBQ7FJkjkz/NqmFXtjznXBeOuRs5C.', 'My Dashboard,Master Data', '31', NULL, 'My Dashboard,News,NewsDetail,Work Calendar', '{"News": ["R"], "NewsDetail": ["R"], "My Dashboard": ["R"], "Work Calendar": ["R"]}', 'Sawon', 'ayu84600@gmail.com', NULL, 0, '081317972651', 0, NULL, 1, NULL, 0, NULL, '2026-01-29 06:58:27', '2026-02-13 09:41:15', NULL, NULL),
	(262, 'CNI0717202', '$2a$10$6xAaQ.Gg6fUMXZAjYBcEjOkBBQ7FJkjkz/NqmFXtjznXBeOuRs5C.', 'My Dashboard,Master Data', '31', NULL, 'My Dashboard,News,NewsDetail,Work Calendar', '{"News": ["R"], "NewsDetail": ["R"], "My Dashboard": ["R"], "Work Calendar": ["R"]}', 'Sayid Abdulloh', 'Sayid.Abdulloh@ciptanissin.co.id', NULL, 0, '083807230900', 0, NULL, 1, NULL, 0, NULL, '2026-01-29 06:58:27', '2026-02-13 09:41:15', NULL, NULL),
	(263, 'CNI0716660', '$2a$10$6xAaQ.Gg6fUMXZAjYBcEjOkBBQ7FJkjkz/NqmFXtjznXBeOuRs5C.', 'My Dashboard,Master Data', '31', NULL, 'My Dashboard,News,NewsDetail,Work Calendar', '{"News": ["R"], "NewsDetail": ["R"], "My Dashboard": ["R"], "Work Calendar": ["R"]}', 'Selly Maharani', 'selly@ciptanissin.co.id', NULL, 0, '087876006695', 0, NULL, 1, NULL, 0, NULL, '2026-01-29 06:58:27', '2026-02-13 09:41:15', NULL, NULL),
	(264, 'CNI0717792', '$2a$10$6xAaQ.Gg6fUMXZAjYBcEjOkBBQ7FJkjkz/NqmFXtjznXBeOuRs5C.', 'My Dashboard,Master Data', '31', NULL, 'My Dashboard,News,NewsDetail,Work Calendar', '{"News": ["R"], "NewsDetail": ["R"], "My Dashboard": ["R"], "Work Calendar": ["R"]}', 'Sena Asnaul Hakim', 'muhammadsena1978@gmail.com', NULL, 0, '081211801317', 0, NULL, 1, NULL, 0, NULL, '2026-01-29 06:58:27', '2026-02-13 09:41:15', NULL, NULL),
	(265, 'CNI0717703', '$2a$10$6xAaQ.Gg6fUMXZAjYBcEjOkBBQ7FJkjkz/NqmFXtjznXBeOuRs5C.', 'My Dashboard,Master Data', '31', NULL, 'My Dashboard,News,NewsDetail,Work Calendar', '{"News": ["R"], "NewsDetail": ["R"], "My Dashboard": ["R"], "Work Calendar": ["R"]}', 'Septian Joyo Purwanto', 'septianjoyo@gmail.com', NULL, 0, '082111280859', 0, NULL, 1, NULL, 0, NULL, '2026-01-29 06:58:27', '2026-02-13 09:41:15', NULL, NULL),
	(266, 'CNI0717214', '$2a$10$6xAaQ.Gg6fUMXZAjYBcEjOkBBQ7FJkjkz/NqmFXtjznXBeOuRs5C.', 'My Dashboard,Master Data', '31', NULL, 'My Dashboard,News,NewsDetail,Work Calendar', '{"News": ["R"], "NewsDetail": ["R"], "My Dashboard": ["R"], "Work Calendar": ["R"]}', 'Septian Widya Pratama', 'septianwidyapratama@ciptanissin.co.id', NULL, 0, '081281104989', 0, NULL, 1, NULL, 0, NULL, '2026-01-29 06:58:27', '2026-02-13 09:41:15', NULL, NULL),
	(267, 'CNI0717628', '$2a$10$6xAaQ.Gg6fUMXZAjYBcEjOkBBQ7FJkjkz/NqmFXtjznXBeOuRs5C.', 'My Dashboard,Master Data', '31', NULL, 'My Dashboard,News,NewsDetail,Work Calendar', '{"News": ["R"], "NewsDetail": ["R"], "My Dashboard": ["R"], "Work Calendar": ["R"]}', 'Septo Hasidin', 'septohasidin1996@gmail.com', NULL, 0, '0812 9067 6572', 0, NULL, 1, NULL, 0, NULL, '2026-01-29 06:58:27', '2026-02-13 09:41:15', NULL, NULL),
	(268, 'CNI0717769', '$2a$10$6xAaQ.Gg6fUMXZAjYBcEjOkBBQ7FJkjkz/NqmFXtjznXBeOuRs5C.', 'My Dashboard,Master Data', '31', NULL, 'My Dashboard,News,NewsDetail,Work Calendar', '{"News": ["R"], "NewsDetail": ["R"], "My Dashboard": ["R"], "Work Calendar": ["R"]}', 'Setiven', 'stiven.alton23@gmail.com', NULL, 0, '081284023008', 0, NULL, 1, NULL, 0, NULL, '2026-01-29 06:58:27', '2026-02-13 09:41:15', NULL, NULL),
	(269, 'CNI0717465', '$2a$10$6xAaQ.Gg6fUMXZAjYBcEjOkBBQ7FJkjkz/NqmFXtjznXBeOuRs5C.', 'My Dashboard,Master Data', '31', NULL, 'My Dashboard,News,NewsDetail,Work Calendar', '{"News": ["R"], "NewsDetail": ["R"], "My Dashboard": ["R"], "Work Calendar": ["R"]}', 'Shaiful Bhahri', 'bhahrishaiful55@gmail.com', NULL, 0, '083874177576', 0, NULL, 1, NULL, 0, NULL, '2026-01-29 06:58:27', '2026-02-13 09:41:15', NULL, NULL),
	(270, 'CNI0716968', '$2a$10$6xAaQ.Gg6fUMXZAjYBcEjOkBBQ7FJkjkz/NqmFXtjznXBeOuRs5C.', 'My Dashboard,Master Data', '31', NULL, 'My Dashboard,News,NewsDetail,Work Calendar', '{"News": ["R"], "NewsDetail": ["R"], "My Dashboard": ["R"], "Work Calendar": ["R"]}', 'Singgih Adi Pratama', 'singgihadi1994@gmail.com', NULL, 0, '085884857900', 0, NULL, 1, NULL, 0, NULL, '2026-01-29 06:58:27', '2026-02-13 09:41:15', NULL, NULL),
	(271, 'CNI0717394', '$2a$10$6xAaQ.Gg6fUMXZAjYBcEjOkBBQ7FJkjkz/NqmFXtjznXBeOuRs5C.', 'My Dashboard,Master Data', '31', NULL, 'My Dashboard,News,NewsDetail,Work Calendar', '{"News": ["R"], "NewsDetail": ["R"], "My Dashboard": ["R"], "Work Calendar": ["R"]}', 'Singgih Saputra', 'singgihsaputra201192@gmail.com', NULL, 0, '085290057504', 0, NULL, 1, NULL, 0, NULL, '2026-01-29 06:58:27', '2026-02-13 09:41:15', NULL, NULL),
	(272, 'CNI0716843', '$2a$10$6xAaQ.Gg6fUMXZAjYBcEjOkBBQ7FJkjkz/NqmFXtjznXBeOuRs5C.', 'My Dashboard,Master Data', '31', NULL, 'My Dashboard,News,NewsDetail,Work Calendar', '{"News": ["R"], "NewsDetail": ["R"], "My Dashboard": ["R"], "Work Calendar": ["R"]}', 'Siswondo', 'kempho99@gmail.com', NULL, 0, '081286486123', 0, NULL, 1, NULL, 0, NULL, '2026-01-29 06:58:27', '2026-02-13 09:41:15', NULL, NULL),
	(273, 'CNI0717179', '$2a$10$6xAaQ.Gg6fUMXZAjYBcEjOkBBQ7FJkjkz/NqmFXtjznXBeOuRs5C.', 'My Dashboard,Master Data', '31', NULL, 'My Dashboard,News,NewsDetail,Work Calendar', '{"News": ["R"], "NewsDetail": ["R"], "My Dashboard": ["R"], "Work Calendar": ["R"]}', 'Sodikin', 'ssodikinn890@gmail.com', NULL, 0, '083170785202', 0, NULL, 1, NULL, 0, NULL, '2026-01-29 06:58:27', '2026-02-13 09:41:15', NULL, NULL),
	(274, 'CNI0717466', '$2a$10$6xAaQ.Gg6fUMXZAjYBcEjOkBBQ7FJkjkz/NqmFXtjznXBeOuRs5C.', 'My Dashboard,Master Data', '31', NULL, 'My Dashboard,News,NewsDetail,Work Calendar', '{"News": ["R"], "NewsDetail": ["R"], "My Dashboard": ["R"], "Work Calendar": ["R"]}', 'Soleh Udin Miftakhul', 'miftakhul2728@gmail.com', NULL, 0, '083103810877', 0, NULL, 1, NULL, 0, NULL, '2026-01-29 06:58:27', '2026-02-13 09:41:15', NULL, NULL),
	(275, 'CNI0716380', '$2a$10$6xAaQ.Gg6fUMXZAjYBcEjOkBBQ7FJkjkz/NqmFXtjznXBeOuRs5C.', 'My Dashboard,Master Data', '31', NULL, 'My Dashboard,News,NewsDetail,Work Calendar', '{"News": ["R"], "NewsDetail": ["R"], "My Dashboard": ["R"], "Work Calendar": ["R"]}', 'Sugih Sartana', 'sugih.sartana@ciptanissin.co.id', NULL, 0, '08129991023', 0, NULL, 1, NULL, 0, NULL, '2026-01-29 06:58:27', '2026-02-13 09:41:15', NULL, NULL),
	(276, 'CNI0715050', '$2a$10$6xAaQ.Gg6fUMXZAjYBcEjOkBBQ7FJkjkz/NqmFXtjznXBeOuRs5C.', 'My Dashboard,Master Data', '31', NULL, 'My Dashboard,News,NewsDetail,Work Calendar', '{"News": ["R"], "NewsDetail": ["R"], "My Dashboard": ["R"], "Work Calendar": ["R"]}', 'Sugiyanto', 'sugiyanto@ciptanissin.co.id', NULL, 0, '08174841909', 0, NULL, 1, NULL, 0, NULL, '2026-01-29 06:58:27', '2026-02-13 09:41:15', NULL, NULL),
	(277, 'CNI0717467', '$2a$10$6xAaQ.Gg6fUMXZAjYBcEjOkBBQ7FJkjkz/NqmFXtjznXBeOuRs5C.', 'My Dashboard,Master Data', '31', NULL, 'My Dashboard,News,NewsDetail,Work Calendar', '{"News": ["R"], "NewsDetail": ["R"], "My Dashboard": ["R"], "Work Calendar": ["R"]}', 'Suhadi', 'suhadianisa19@gmail.com', NULL, 0, '08984393079', 0, NULL, 1, NULL, 0, NULL, '2026-01-29 06:58:27', '2026-02-13 09:41:15', NULL, NULL),
	(278, 'CNI0716942', '$2a$10$6xAaQ.Gg6fUMXZAjYBcEjOkBBQ7FJkjkz/NqmFXtjznXBeOuRs5C.', 'My Dashboard,Master Data', '31', NULL, 'My Dashboard,News,NewsDetail,Work Calendar', '{"News": ["R"], "NewsDetail": ["R"], "My Dashboard": ["R"], "Work Calendar": ["R"]}', 'Suhendra', 'Suhendra76bejo@gmail.com', NULL, 0, '085214552376', 0, NULL, 1, NULL, 0, NULL, '2026-01-29 06:58:27', '2026-02-13 09:41:15', NULL, NULL),
	(279, 'CNI0716499', '$2a$10$6xAaQ.Gg6fUMXZAjYBcEjOkBBQ7FJkjkz/NqmFXtjznXBeOuRs5C.', 'My Dashboard,Master Data', '31', NULL, 'My Dashboard,News,NewsDetail,Work Calendar', '{"News": ["R"], "NewsDetail": ["R"], "My Dashboard": ["R"], "Work Calendar": ["R"]}', 'Supriyono', 'supriyono.morante@gmail.com', NULL, 0, '081514183052', 0, NULL, 1, NULL, 0, NULL, '2026-01-29 06:58:27', '2026-02-13 09:41:15', NULL, NULL),
	(280, 'CNI0716161', '$2a$10$6xAaQ.Gg6fUMXZAjYBcEjOkBBQ7FJkjkz/NqmFXtjznXBeOuRs5C.', 'My Dashboard,Master Data', '31', NULL, 'My Dashboard,News,NewsDetail,Work Calendar', '{"News": ["R"], "NewsDetail": ["R"], "My Dashboard": ["R"], "Work Calendar": ["R"]}', 'Sutrisno', 'Sutrisno@ciptanissin.co.id', NULL, 0, '085218152004', 0, NULL, 1, NULL, 0, NULL, '2026-01-29 06:58:27', '2026-02-13 09:41:15', NULL, NULL),
	(281, 'CNI0717548', '$2a$10$6xAaQ.Gg6fUMXZAjYBcEjOkBBQ7FJkjkz/NqmFXtjznXBeOuRs5C.', 'My Dashboard,Master Data', '31', NULL, 'My Dashboard,News,NewsDetail,Work Calendar', '{"News": ["R"], "NewsDetail": ["R"], "My Dashboard": ["R"], "Work Calendar": ["R"]}', 'Syahrul Romadhon', 'syhrlromadhon13@gmail.com', NULL, 0, '089512179083', 0, NULL, 1, NULL, 0, NULL, '2026-01-29 06:58:27', '2026-02-13 09:41:15', NULL, NULL),
	(282, 'CNI0716162', '$2a$10$6xAaQ.Gg6fUMXZAjYBcEjOkBBQ7FJkjkz/NqmFXtjznXBeOuRs5C.', 'My Dashboard,Master Data', '31', NULL, 'My Dashboard,News,NewsDetail,Work Calendar', '{"News": ["R"], "NewsDetail": ["R"], "My Dashboard": ["R"], "Work Calendar": ["R"]}', 'Syamsul Ma\'arif', 'syamsul@ciptanissin.co.id', NULL, 0, '082310021008', 0, NULL, 1, NULL, 0, NULL, '2026-01-29 06:58:27', '2026-02-13 09:41:15', NULL, NULL),
	(283, 'CNI0715054', '$2a$10$6xAaQ.Gg6fUMXZAjYBcEjOkBBQ7FJkjkz/NqmFXtjznXBeOuRs5C.', 'My Dashboard,Master Data', '31', NULL, 'My Dashboard,News,NewsDetail,Work Calendar', '{"News": ["R"], "NewsDetail": ["R"], "My Dashboard": ["R"], "Work Calendar": ["R"]}', 'Tantan Nurdiansyah', 'tantannurdiansyah53@gmail.com', NULL, 0, '081382912616', 0, NULL, 1, NULL, 0, NULL, '2026-01-29 06:58:27', '2026-02-13 09:41:15', NULL, NULL),
	(284, 'CNI0717235', '$2a$10$6xAaQ.Gg6fUMXZAjYBcEjOkBBQ7FJkjkz/NqmFXtjznXBeOuRs5C.', 'My Dashboard,Master Data', '31', NULL, 'My Dashboard,News,NewsDetail,Work Calendar', '{"News": ["R"], "NewsDetail": ["R"], "My Dashboard": ["R"], "Work Calendar": ["R"]}', 'Taufan Hidayat', 'taufanhidayat75@gmail.com', NULL, 0, '089665105209', 0, NULL, 1, NULL, 0, NULL, '2026-01-29 06:58:27', '2026-02-13 09:41:15', NULL, NULL),
	(285, 'CNI0717446', '$2a$10$6xAaQ.Gg6fUMXZAjYBcEjOkBBQ7FJkjkz/NqmFXtjznXBeOuRs5C.', 'My Dashboard,Master Data', '31', NULL, 'My Dashboard,News,NewsDetail,Work Calendar', '{"News": ["R"], "NewsDetail": ["R"], "My Dashboard": ["R"], "Work Calendar": ["R"]}', 'Teguh Waluyo', 'teeguhwaluyo24@gmail.com', NULL, 0, '083824071021', 0, NULL, 1, NULL, 0, NULL, '2026-01-29 06:58:27', '2026-02-13 09:41:15', NULL, NULL),
	(286, 'CNI0717770', '$2a$10$6xAaQ.Gg6fUMXZAjYBcEjOkBBQ7FJkjkz/NqmFXtjznXBeOuRs5C.', 'My Dashboard,Master Data', '31', NULL, 'My Dashboard,News,NewsDetail,Work Calendar', '{"News": ["R"], "NewsDetail": ["R"], "My Dashboard": ["R"], "Work Calendar": ["R"]}', 'Tinodo Harrys', 'harrystinodo@gmail.com', NULL, 0, '0895320121853', 0, NULL, 1, NULL, 0, NULL, '2026-01-29 06:58:27', '2026-02-13 09:41:15', NULL, NULL),
	(287, 'CNI0717758', '$2a$10$6xAaQ.Gg6fUMXZAjYBcEjOkBBQ7FJkjkz/NqmFXtjznXBeOuRs5C.', 'My Dashboard,Master Data', '31', NULL, 'My Dashboard,News,NewsDetail,Work Calendar', '{"News": ["R"], "NewsDetail": ["R"], "My Dashboard": ["R"], "Work Calendar": ["R"]}', 'Tio Herlangga', 'tioherlangga75@gmail.com', NULL, 0, '081386933184', 0, NULL, 1, NULL, 0, NULL, '2026-01-29 06:58:27', '2026-02-13 09:41:15', NULL, NULL),
	(288, 'CNI0717784', '$2a$10$6xAaQ.Gg6fUMXZAjYBcEjOkBBQ7FJkjkz/NqmFXtjznXBeOuRs5C.', 'My Dashboard,Master Data', '31', NULL, 'My Dashboard,News,NewsDetail,Work Calendar', '{"News": ["R"], "NewsDetail": ["R"], "My Dashboard": ["R"], "Work Calendar": ["R"]}', 'Tominas Sendo Pratama', 'tominassendopratama@gmail.com', NULL, 0, '082123783454', 0, NULL, 1, NULL, 0, NULL, '2026-01-29 06:58:27', '2026-02-13 09:41:15', NULL, NULL),
	(289, 'CNI0717812', '$2a$10$6xAaQ.Gg6fUMXZAjYBcEjOkBBQ7FJkjkz/NqmFXtjznXBeOuRs5C.', 'My Dashboard,Master Data', '31', NULL, 'My Dashboard,News,NewsDetail,Work Calendar', '{"News": ["R"], "NewsDetail": ["R"], "My Dashboard": ["R"], "Work Calendar": ["R"]}', 'Toni Panca Irmawan', 'amelia.panca1124@gmail.com', NULL, 0, '085215538889', 0, NULL, 1, NULL, 0, NULL, '2026-01-29 06:58:27', '2026-02-13 09:41:15', NULL, NULL),
	(290, 'CNI0716991', '$2a$10$6xAaQ.Gg6fUMXZAjYBcEjOkBBQ7FJkjkz/NqmFXtjznXBeOuRs5C.', 'My Dashboard,Master Data', '31', NULL, 'My Dashboard,News,NewsDetail,Work Calendar', '{"News": ["R"], "NewsDetail": ["R"], "My Dashboard": ["R"], "Work Calendar": ["R"]}', 'Tony Iman Pebruwanto', 'tony.iman@ciptanissin.co.id', NULL, 0, '08118882595', 0, NULL, 1, NULL, 0, NULL, '2026-01-29 06:58:27', '2026-02-13 09:41:15', NULL, NULL),
	(291, 'CNI0717436', '$2a$10$6xAaQ.Gg6fUMXZAjYBcEjOkBBQ7FJkjkz/NqmFXtjznXBeOuRs5C.', 'My Dashboard,Master Data', '31', NULL, 'My Dashboard,News,NewsDetail,Work Calendar', '{"News": ["R"], "NewsDetail": ["R"], "My Dashboard": ["R"], "Work Calendar": ["R"]}', 'Topik Hidayat', 'topikdayat32@gmail.com', NULL, 0, '081299324779', 0, NULL, 1, NULL, 0, NULL, '2026-01-29 06:58:27', '2026-02-13 09:41:15', NULL, NULL),
	(292, 'CNI0717437', '$2a$10$6xAaQ.Gg6fUMXZAjYBcEjOkBBQ7FJkjkz/NqmFXtjznXBeOuRs5C.', 'My Dashboard,Master Data', '31', NULL, 'My Dashboard,News,NewsDetail,Work Calendar', '{"News": ["R"], "NewsDetail": ["R"], "My Dashboard": ["R"], "Work Calendar": ["R"]}', 'Triyono', 'triyonoo1802@gmail.com', NULL, 0, '081282265286', 0, NULL, 1, NULL, 0, NULL, '2026-01-29 06:58:27', '2026-02-13 09:41:15', NULL, NULL),
	(293, 'CNI0715070', '$2a$10$6xAaQ.Gg6fUMXZAjYBcEjOkBBQ7FJkjkz/NqmFXtjznXBeOuRs5C.', 'My Dashboard,Master Data', '31', NULL, 'My Dashboard,News,NewsDetail,Work Calendar', '{"News": ["R"], "NewsDetail": ["R"], "My Dashboard": ["R"], "Work Calendar": ["R"]}', 'Ucu Samsu', 'aaucu1979@gmail.com', NULL, 0, '081280194668', 0, NULL, 1, NULL, 0, NULL, '2026-01-29 06:58:27', '2026-02-13 09:41:15', NULL, NULL),
	(294, 'CNI0717853', '$2a$10$6xAaQ.Gg6fUMXZAjYBcEjOkBBQ7FJkjkz/NqmFXtjznXBeOuRs5C.', 'My Dashboard,Master Data', '31', NULL, 'My Dashboard,News,NewsDetail,Work Calendar', '{"News": ["R"], "NewsDetail": ["R"], "My Dashboard": ["R"], "Work Calendar": ["R"]}', 'Wahyu Apriyanto', 'wahyuapriyanto975@gmail.com', NULL, 0, '0812881005636', 0, NULL, 1, NULL, 0, NULL, '2026-01-29 06:58:27', '2026-02-13 09:41:15', NULL, NULL),
	(295, 'CNI0717691', '$2a$10$6xAaQ.Gg6fUMXZAjYBcEjOkBBQ7FJkjkz/NqmFXtjznXBeOuRs5C.', 'My Dashboard,Master Data', '31', NULL, 'My Dashboard,News,NewsDetail,Work Calendar', '{"News": ["R"], "NewsDetail": ["R"], "My Dashboard": ["R"], "Work Calendar": ["R"]}', 'Wahyu Baihaqi', 'baihaqikhaizan623@gmail.com', NULL, 0, '0895359856484', 0, NULL, 1, NULL, 0, NULL, '2026-01-29 06:58:27', '2026-02-13 09:41:15', NULL, NULL),
	(296, 'CNI0716894', '$2a$10$6xAaQ.Gg6fUMXZAjYBcEjOkBBQ7FJkjkz/NqmFXtjznXBeOuRs5C.', 'My Dashboard,Master Data', '31', NULL, 'My Dashboard,News,NewsDetail,Work Calendar', '{"News": ["R"], "NewsDetail": ["R"], "My Dashboard": ["R"], "Work Calendar": ["R"]}', 'Wahyu Bimo Sakti', 'wahyubimo77@gmail.com', NULL, 0, '081280955281', 0, NULL, 1, NULL, 0, NULL, '2026-01-29 06:58:27', '2026-02-13 09:41:15', NULL, NULL),
	(297, 'CNI0716987', '$2a$10$6xAaQ.Gg6fUMXZAjYBcEjOkBBQ7FJkjkz/NqmFXtjznXBeOuRs5C.', 'My Dashboard,Master Data', '31', NULL, 'My Dashboard,News,NewsDetail,Work Calendar', '{"News": ["R"], "NewsDetail": ["R"], "My Dashboard": ["R"], "Work Calendar": ["R"]}', 'Wahyu Firnanda', 'wahyufirnanda93@gmail.com', NULL, 0, '081278517626', 0, NULL, 1, NULL, 0, NULL, '2026-01-29 06:58:27', '2026-02-13 09:41:15', NULL, NULL),
	(298, 'CNI0716540', '$2a$10$6xAaQ.Gg6fUMXZAjYBcEjOkBBQ7FJkjkz/NqmFXtjznXBeOuRs5C.', 'My Dashboard,Master Data', '31', NULL, 'My Dashboard,News,NewsDetail,Work Calendar', '{"News": ["R"], "NewsDetail": ["R"], "My Dashboard": ["R"], "Work Calendar": ["R"]}', 'Wahyu Pujiharto', 'wahyoe_sm29@ymail.com', NULL, 0, '089654262922', 0, NULL, 1, NULL, 0, NULL, '2026-01-29 06:58:27', '2026-02-13 09:41:15', NULL, NULL),
	(299, 'CNI0716062', '$2a$10$6xAaQ.Gg6fUMXZAjYBcEjOkBBQ7FJkjkz/NqmFXtjznXBeOuRs5C.', 'My Dashboard,Master Data', '31', NULL, 'My Dashboard,News,NewsDetail,Work Calendar', '{"News": ["R"], "NewsDetail": ["R"], "My Dashboard": ["R"], "Work Calendar": ["R"]}', 'Wahyudi', 'yudistk31@gmail.com', NULL, 0, '085727578167', 0, NULL, 1, NULL, 0, NULL, '2026-01-29 06:58:27', '2026-02-13 09:41:15', NULL, NULL),
	(300, 'CNI0717802', '$2a$10$6xAaQ.Gg6fUMXZAjYBcEjOkBBQ7FJkjkz/NqmFXtjznXBeOuRs5C.', 'My Dashboard,Master Data', '31', NULL, 'My Dashboard,News,NewsDetail,Work Calendar', '{"News": ["R"], "NewsDetail": ["R"], "My Dashboard": ["R"], "Work Calendar": ["R"]}', 'Wawan Kuryantoro', 'wawankuryantoro@gmail.com', NULL, 0, '083839276759', 0, NULL, 1, NULL, 0, NULL, '2026-01-29 06:58:27', '2026-02-13 09:41:15', NULL, NULL),
	(301, 'CNI0716224', '$2a$10$6xAaQ.Gg6fUMXZAjYBcEjOkBBQ7FJkjkz/NqmFXtjznXBeOuRs5C.', 'My Dashboard,Master Data', '31', NULL, 'My Dashboard,News,NewsDetail,Work Calendar', '{"News": ["R"], "NewsDetail": ["R"], "My Dashboard": ["R"], "Work Calendar": ["R"]}', 'Wildan Taufik Hidayat', 'Wildantaufik767@gmail.com', NULL, 0, '08996081421', 0, NULL, 1, NULL, 0, NULL, '2026-01-29 06:58:27', '2026-02-13 09:41:15', NULL, NULL),
	(302, 'CNI0717854', '$2a$10$6xAaQ.Gg6fUMXZAjYBcEjOkBBQ7FJkjkz/NqmFXtjznXBeOuRs5C.', 'My Dashboard,Master Data', '31', NULL, 'My Dashboard,News,NewsDetail,Work Calendar', '{"News": ["R"], "NewsDetail": ["R"], "My Dashboard": ["R"], "Work Calendar": ["R"]}', 'Wiryo Hadi Prakoso', 'wiryohadiprakoso@gmail.com', NULL, 0, '082137170995', 0, NULL, 1, NULL, 0, NULL, '2026-01-29 06:58:27', '2026-02-13 09:41:15', NULL, NULL),
	(303, 'CNI0717749', '$2a$10$6xAaQ.Gg6fUMXZAjYBcEjOkBBQ7FJkjkz/NqmFXtjznXBeOuRs5C.', 'My Dashboard,Master Data', '31', NULL, 'My Dashboard,News,NewsDetail,Work Calendar', '{"News": ["R"], "NewsDetail": ["R"], "My Dashboard": ["R"], "Work Calendar": ["R"]}', 'Yandi Asmara', 'yandiasmara431@gmail.com', NULL, 0, '083836955811', 0, NULL, 1, NULL, 0, NULL, '2026-01-29 06:58:27', '2026-02-13 09:41:15', NULL, NULL),
	(304, 'CNI0717785', '$2a$10$6xAaQ.Gg6fUMXZAjYBcEjOkBBQ7FJkjkz/NqmFXtjznXBeOuRs5C.', 'My Dashboard,Master Data', '31', NULL, 'My Dashboard,News,NewsDetail,Work Calendar', '{"News": ["R"], "NewsDetail": ["R"], "My Dashboard": ["R"], "Work Calendar": ["R"]}', 'Yoga Dwi Listianto', 'yogalistianto6@gmail.com', NULL, 0, '085882656005', 0, NULL, 1, NULL, 0, NULL, '2026-01-29 06:58:27', '2026-02-13 09:41:15', NULL, NULL),
	(305, 'CNI0717468', '$2a$10$6xAaQ.Gg6fUMXZAjYBcEjOkBBQ7FJkjkz/NqmFXtjznXBeOuRs5C.', 'My Dashboard,Master Data', '31', NULL, 'My Dashboard,News,NewsDetail,Work Calendar', '{"News": ["R"], "NewsDetail": ["R"], "My Dashboard": ["R"], "Work Calendar": ["R"]}', 'Yogi Adi Putra', 'yoghie30@gmail.com', NULL, 0, '087825804800', 0, NULL, 1, NULL, 0, NULL, '2026-01-29 06:58:27', '2026-02-13 09:41:15', NULL, NULL),
	(306, 'CNI0717799', '$2a$10$6xAaQ.Gg6fUMXZAjYBcEjOkBBQ7FJkjkz/NqmFXtjznXBeOuRs5C.', 'My Dashboard,Master Data', '31', NULL, 'My Dashboard,News,NewsDetail,Work Calendar', '{"News": ["R"], "NewsDetail": ["R"], "My Dashboard": ["R"], "Work Calendar": ["R"]}', 'Yogi Anton', 'antonyogi713@gmail.com', NULL, 0, '087837749336', 0, NULL, 1, NULL, 0, NULL, '2026-01-29 06:58:27', '2026-02-13 09:41:15', NULL, NULL),
	(307, 'CNI0717398', '$2a$10$6xAaQ.Gg6fUMXZAjYBcEjOkBBQ7FJkjkz/NqmFXtjznXBeOuRs5C.', 'My Dashboard,Master Data', '31', NULL, 'My Dashboard,News,NewsDetail,Work Calendar', '{"News": ["R"], "NewsDetail": ["R"], "My Dashboard": ["R"], "Work Calendar": ["R"]}', 'Yuda Saputra', 'yudhadotid@gmail.com', NULL, 0, '089671271018', 0, NULL, 1, NULL, 0, NULL, '2026-01-29 06:58:27', '2026-02-13 09:41:15', NULL, NULL),
	(308, 'CNI0716204', '$2a$10$6xAaQ.Gg6fUMXZAjYBcEjOkBBQ7FJkjkz/NqmFXtjznXBeOuRs5C.', 'My Dashboard,Master Data', '31', NULL, 'My Dashboard,News,NewsDetail,Work Calendar', '{"News": ["R"], "NewsDetail": ["R"], "My Dashboard": ["R"], "Work Calendar": ["R"]}', 'Zainal Murdani', 'Murdanizainal@gmail.com', NULL, 0, '087749933366', 0, NULL, 1, NULL, 0, NULL, '2026-01-29 06:58:27', '2026-02-13 09:41:15', NULL, NULL),
	(309, 'CNI0717865', '$2a$10$6xAaQ.Gg6fUMXZAjYBcEjOkBBQ7FJkjkz/NqmFXtjznXBeOuRs5C.', 'My Dashboard,Master Data', '31', NULL, 'My Dashboard,News,NewsDetail,Work Calendar', '{"News": ["R"], "NewsDetail": ["R"], "My Dashboard": ["R"], "Work Calendar": ["R"]}', 'Alpin Rizaldi', 'alpin270302@gmail.com', NULL, 0, '0812 6693 6536', 0, NULL, 1, NULL, 0, NULL, '2026-01-29 06:58:27', '2026-02-13 09:41:15', NULL, NULL),
	(310, 'CNI0717866', '$2a$10$6xAaQ.Gg6fUMXZAjYBcEjOkBBQ7FJkjkz/NqmFXtjznXBeOuRs5C.', 'My Dashboard,Master Data', '31', NULL, 'My Dashboard,News,NewsDetail,Work Calendar', '{"News": ["R"], "NewsDetail": ["R"], "My Dashboard": ["R"], "Work Calendar": ["R"]}', 'Darul Holiq', 'darulholiq@gmail.com', NULL, 0, '0882 1200 8588', 0, NULL, 1, NULL, 0, NULL, '2026-01-29 06:58:27', '2026-02-13 09:41:15', NULL, NULL),
	(311, 'CNI0717849', '$2a$10$6xAaQ.Gg6fUMXZAjYBcEjOkBBQ7FJkjkz/NqmFXtjznXBeOuRs5C.', 'My Dashboard,Master Data', '31', NULL, 'My Dashboard,News,NewsDetail,Work Calendar', '{"News": ["R"], "NewsDetail": ["R"], "My Dashboard": ["R"], "Work Calendar": ["R"]}', 'Dendy Setiawan', 'dendysetiawan789@gmail.com', NULL, 0, '0812 1147 8854', 0, NULL, 1, NULL, 0, NULL, '2026-01-29 06:58:27', '2026-02-13 09:41:15', NULL, NULL),
	(312, 'CNI0717859', '$2a$10$6xAaQ.Gg6fUMXZAjYBcEjOkBBQ7FJkjkz/NqmFXtjznXBeOuRs5C.', 'My Dashboard,Master Data', '31', NULL, 'My Dashboard,News,NewsDetail,Work Calendar', '{"News": ["R"], "NewsDetail": ["R"], "My Dashboard": ["R"], "Work Calendar": ["R"]}', 'Gandi Wibowo', 'GANDIWIBOWO766@gmail.com', NULL, 0, '0882 3220 5025', 0, NULL, 1, NULL, 0, NULL, '2026-01-29 06:58:27', '2026-02-13 09:41:15', NULL, NULL),
	(313, 'CNI0717803', '$2a$10$6xAaQ.Gg6fUMXZAjYBcEjOkBBQ7FJkjkz/NqmFXtjznXBeOuRs5C.', 'My Dashboard,Master Data', '31', NULL, 'My Dashboard,News,NewsDetail,Work Calendar', '{"News": ["R"], "NewsDetail": ["R"], "My Dashboard": ["R"], "Work Calendar": ["R"]}', 'Harry Suharsono', 'harrysuharsono99@gmail.com', NULL, 0, '0878 5052 7071', 0, NULL, 1, NULL, 0, NULL, '2026-01-29 06:58:27', '2026-02-13 09:41:15', NULL, NULL),
	(314, 'CNI0717855', '$2a$10$6xAaQ.Gg6fUMXZAjYBcEjOkBBQ7FJkjkz/NqmFXtjznXBeOuRs5C.', 'My Dashboard,Master Data', '31', NULL, 'My Dashboard,News,NewsDetail,Work Calendar', '{"News": ["R"], "NewsDetail": ["R"], "My Dashboard": ["R"], "Work Calendar": ["R"]}', 'Hilmy Faiz', 'hilmyfahiz@yahoo.com', NULL, 0, '0817 7600 9715', 0, NULL, 1, NULL, 0, NULL, '2026-01-29 06:58:27', '2026-02-13 09:41:15', NULL, NULL),
	(315, 'CNI0717871', '$2a$10$6xAaQ.Gg6fUMXZAjYBcEjOkBBQ7FJkjkz/NqmFXtjznXBeOuRs5C.', 'My Dashboard,Master Data', '31', NULL, 'My Dashboard,News,NewsDetail,Work Calendar', '{"News": ["R"], "NewsDetail": ["R"], "My Dashboard": ["R"], "Work Calendar": ["R"]}', 'Jefri Cepi Janwardi', 'hasbeenused@gmail.com', NULL, 0, '0821 2479 6610', 0, NULL, 1, NULL, 0, NULL, '2026-01-29 06:58:27', '2026-02-13 09:41:15', NULL, NULL),
	(316, 'CNI0717867', '$2a$10$6xAaQ.Gg6fUMXZAjYBcEjOkBBQ7FJkjkz/NqmFXtjznXBeOuRs5C.', 'My Dashboard,Master Data', '31', NULL, 'My Dashboard,News,NewsDetail,Work Calendar', '{"News": ["R"], "NewsDetail": ["R"], "My Dashboard": ["R"], "Work Calendar": ["R"]}', 'Moh. Fatoni', '45muhammadfathoni@gmail.com', NULL, 0, '0857 2724 2939', 0, NULL, 1, NULL, 0, NULL, '2026-01-29 06:58:27', '2026-02-13 09:41:15', NULL, NULL),
	(317, 'CNI0717864', '$2a$10$6xAaQ.Gg6fUMXZAjYBcEjOkBBQ7FJkjkz/NqmFXtjznXBeOuRs5C.', 'My Dashboard,Master Data', '31', NULL, 'My Dashboard,News,NewsDetail,Work Calendar', '{"News": ["R"], "NewsDetail": ["R"], "My Dashboard": ["R"], "Work Calendar": ["R"]}', 'Nando Dwi Prasojo', 'nandodwi270@gmail.com', NULL, 0, '0813 8450 5532', 0, NULL, 1, NULL, 0, NULL, '2026-01-29 06:58:27', '2026-02-13 09:41:15', NULL, NULL),
	(318, 'CNI0717846', '$2a$10$6xAaQ.Gg6fUMXZAjYBcEjOkBBQ7FJkjkz/NqmFXtjznXBeOuRs5C.', 'My Dashboard,Master Data', '31', NULL, 'My Dashboard,News,NewsDetail,Work Calendar', '{"News": ["R"], "NewsDetail": ["R"], "My Dashboard": ["R"], "Work Calendar": ["R"]}', 'Nesa Dwi Afriansyah', 'pemalangnesa19@gmail.com', NULL, 0, '0838 4047 1513', 0, NULL, 1, NULL, 0, NULL, '2026-01-29 06:58:27', '2026-02-13 09:41:15', NULL, NULL),
	(319, 'CNI0717872', '$2a$10$6xAaQ.Gg6fUMXZAjYBcEjOkBBQ7FJkjkz/NqmFXtjznXBeOuRs5C.', 'My Dashboard,Master Data', '31', NULL, 'My Dashboard,News,NewsDetail,Work Calendar', '{"News": ["R"], "NewsDetail": ["R"], "My Dashboard": ["R"], "Work Calendar": ["R"]}', 'Oma Nur Rizky', 'omanurrizky16@gmail.com', NULL, 0, '0895 3871 91065', 0, NULL, 1, NULL, 0, NULL, '2026-01-29 06:58:27', '2026-02-13 09:41:15', NULL, NULL),
	(320, '2019157', '$2a$10$6xAaQ.Gg6fUMXZAjYBcEjOkBBQ7FJkjkz/NqmFXtjznXBeOuRs5C.', 'My Dashboard,Master Data', '31', NULL, 'My Dashboard,News,NewsDetail,Work Calendar', '{"News": ["R"], "NewsDetail": ["R"], "My Dashboard": ["R"], "Work Calendar": ["R"]}', 'Rafly Sulistyo Nugroho', 'rafly@ciptasaksama.co.id', NULL, 0, '0813 2546 9006', 0, NULL, 1, NULL, 0, NULL, '2026-01-29 06:58:27', '2026-02-13 09:41:15', NULL, NULL),
	(321, 'CNI0717831', '$2a$10$6xAaQ.Gg6fUMXZAjYBcEjOkBBQ7FJkjkz/NqmFXtjznXBeOuRs5C.', 'My Dashboard,Master Data', '31', NULL, 'My Dashboard,News,NewsDetail,Work Calendar', '{"News": ["R"], "NewsDetail": ["R"], "My Dashboard": ["R"], "Work Calendar": ["R"]}', 'Ridwan Fauzi', 'ridwanfauzi020200@gmail.com', NULL, 0, '0856 9757 4613', 0, NULL, 1, NULL, 0, NULL, '2026-01-29 06:58:27', '2026-02-13 09:41:15', NULL, NULL),
	(322, '2019156', '$2a$10$6xAaQ.Gg6fUMXZAjYBcEjOkBBQ7FJkjkz/NqmFXtjznXBeOuRs5C.', 'My Dashboard,Master Data', '31', NULL, 'My Dashboard,News,NewsDetail,Work Calendar', '{"News": ["R"], "NewsDetail": ["R"], "My Dashboard": ["R"], "Work Calendar": ["R"]}', 'Rizky Akbar', 'rizky.akbar@ciptasaksama.co.id', NULL, 0, '0896 8743 8248', 0, NULL, 1, NULL, 0, NULL, '2026-01-29 06:58:27', '2026-02-13 09:41:15', NULL, NULL),
	(323, 'CNI0717804', '$2a$10$6xAaQ.Gg6fUMXZAjYBcEjOkBBQ7FJkjkz/NqmFXtjznXBeOuRs5C.', 'My Dashboard,Master Data', '31', NULL, 'My Dashboard,News,NewsDetail,Work Calendar', '{"News": ["R"], "NewsDetail": ["R"], "My Dashboard": ["R"], "Work Calendar": ["R"]}', 'Saeful Rahman', 'saefulrahmann43@gmail.com', NULL, 0, '0897 8155 965', 0, NULL, 1, NULL, 0, NULL, '2026-01-29 06:58:27', '2026-02-13 09:41:15', NULL, NULL),
	(324, 'CNI0717870', '$2a$10$6xAaQ.Gg6fUMXZAjYBcEjOkBBQ7FJkjkz/NqmFXtjznXBeOuRs5C.', 'My Dashboard,Master Data', '31', NULL, 'My Dashboard,News,NewsDetail,Work Calendar', '{"News": ["R"], "NewsDetail": ["R"], "My Dashboard": ["R"], "Work Calendar": ["R"]}', 'Slamet Gilang Pamungkas', 'gilangpamungkasgp29@gmail.com', NULL, 0, '0858 7868 2526', 0, NULL, 1, NULL, 0, NULL, '2026-01-29 06:58:27', '2026-02-13 09:41:15', NULL, NULL),
	(325, 'CNI0717824', '$2a$10$6xAaQ.Gg6fUMXZAjYBcEjOkBBQ7FJkjkz/NqmFXtjznXBeOuRs5C.', 'My Dashboard,Master Data', '31', NULL, 'My Dashboard,News,NewsDetail,Work Calendar', '{"News": ["R"], "NewsDetail": ["R"], "My Dashboard": ["R"], "Work Calendar": ["R"]}', 'Tegar Meilana Putra', 'tegar.meilana@ciptanissin.co.id', NULL, 0, '0857 7055 9277', 0, NULL, 1, NULL, 0, NULL, '2026-01-29 06:58:27', '2026-02-13 09:41:15', NULL, NULL),
	(326, 'CNI0717873', '$2a$10$6xAaQ.Gg6fUMXZAjYBcEjOkBBQ7FJkjkz/NqmFXtjznXBeOuRs5C.', 'My Dashboard,Master Data', '31', NULL, 'My Dashboard,News,NewsDetail,Work Calendar', '{"News": ["R"], "NewsDetail": ["R"], "My Dashboard": ["R"], "Work Calendar": ["R"]}', 'Ujang Rahmat', 'ujangrahmat2397@gmail.com', NULL, 0, '0889 7382 1729', 0, NULL, 1, NULL, 0, NULL, '2026-01-29 06:58:27', '2026-02-13 09:41:15', NULL, NULL),
	(327, 'CNI0717883', '$2a$10$6xAaQ.Gg6fUMXZAjYBcEjOkBBQ7FJkjkz/NqmFXtjznXBeOuRs5C.', 'My Dashboard,Master Data', '31', NULL, 'My Dashboard,News,NewsDetail,Work Calendar', '{"News": ["R"], "NewsDetail": ["R"], "My Dashboard": ["R"], "Work Calendar": ["R"]}', 'Agung Wijaya', '085715676124', NULL, 0, '085715676124', 0, NULL, 1, NULL, 0, NULL, '2026-01-29 06:58:27', '2026-02-13 09:41:15', NULL, NULL),
	(328, 'CNI0717878', '$2a$10$6xAaQ.Gg6fUMXZAjYBcEjOkBBQ7FJkjkz/NqmFXtjznXBeOuRs5C.', 'My Dashboard,Master Data', '31', NULL, 'My Dashboard,News,NewsDetail,Work Calendar', '{"News": ["R"], "NewsDetail": ["R"], "My Dashboard": ["R"], "Work Calendar": ["R"]}', 'Ahmad Insyal', '89668862169', NULL, 0, '89668862169', 0, NULL, 1, NULL, 0, NULL, '2026-01-29 06:58:27', '2026-02-13 09:41:15', NULL, NULL),
	(329, 'CNI0717877', '$2a$10$6xAaQ.Gg6fUMXZAjYBcEjOkBBQ7FJkjkz/NqmFXtjznXBeOuRs5C.', 'My Dashboard,Master Data', '31', NULL, 'My Dashboard,News,NewsDetail,Work Calendar', '{"News": ["R"], "NewsDetail": ["R"], "My Dashboard": ["R"], "Work Calendar": ["R"]}', 'Alfan Zaky Muntaha', '85888219077', NULL, 0, '85888219077', 0, NULL, 1, NULL, 0, NULL, '2026-01-29 06:58:27', '2026-02-13 09:41:15', NULL, NULL),
	(330, 'CNI0717888', '$2a$10$6xAaQ.Gg6fUMXZAjYBcEjOkBBQ7FJkjkz/NqmFXtjznXBeOuRs5C.', 'My Dashboard,Master Data', '31', NULL, 'My Dashboard,News,NewsDetail,Work Calendar', '{"News": ["R"], "NewsDetail": ["R"], "My Dashboard": ["R"], "Work Calendar": ["R"]}', 'Bayu Aji Santoso', '81284736870', NULL, 0, '81284736870', 0, NULL, 1, NULL, 0, NULL, '2026-01-29 06:58:27', '2026-02-13 09:41:15', NULL, NULL),
	(331, 'CNI0717892', '$2a$10$6xAaQ.Gg6fUMXZAjYBcEjOkBBQ7FJkjkz/NqmFXtjznXBeOuRs5C.', 'My Dashboard,Master Data', '31', NULL, 'My Dashboard,News,NewsDetail,Work Calendar', '{"News": ["R"], "NewsDetail": ["R"], "My Dashboard": ["R"], "Work Calendar": ["R"]}', 'Febriyanto', '895618080607', NULL, 0, '895618080607', 0, NULL, 1, NULL, 0, NULL, '2026-01-29 06:58:27', '2026-02-13 09:41:15', NULL, NULL),
	(332, 'CNI0717891', '$2a$10$6xAaQ.Gg6fUMXZAjYBcEjOkBBQ7FJkjkz/NqmFXtjznXBeOuRs5C.', 'My Dashboard,Master Data', '31', NULL, 'My Dashboard,News,NewsDetail,Work Calendar', '{"News": ["R"], "NewsDetail": ["R"], "My Dashboard": ["R"], "Work Calendar": ["R"]}', 'Khairul Rahman', '81242508480', NULL, 0, '81242508480', 0, NULL, 1, NULL, 0, NULL, '2026-01-29 06:58:27', '2026-02-13 09:41:15', NULL, NULL),
	(333, '2019158', '$2a$10$6xAaQ.Gg6fUMXZAjYBcEjOkBBQ7FJkjkz/NqmFXtjznXBeOuRs5C.', 'My Dashboard,Master Data', '31', NULL, 'My Dashboard,News,NewsDetail,Work Calendar', '{"News": ["R"], "NewsDetail": ["R"], "My Dashboard": ["R"], "Work Calendar": ["R"]}', 'Nurintan Sinurat', 'Nurintan@ciptasaksama.co.id', NULL, 0, '82278321866', 0, NULL, 1, NULL, 0, NULL, '2026-01-29 06:58:27', '2026-02-13 09:41:15', NULL, NULL),
	(334, 'CNI0717881', '$2a$10$6xAaQ.Gg6fUMXZAjYBcEjOkBBQ7FJkjkz/NqmFXtjznXBeOuRs5C.', 'My Dashboard,Master Data', '31', NULL, 'My Dashboard,News,NewsDetail,Work Calendar', '{"News": ["R"], "NewsDetail": ["R"], "My Dashboard": ["R"], "Work Calendar": ["R"]}', 'Sintaro Situmorang', 'sintaro@ciptanissin.co.id', NULL, 0, '81380484542', 0, NULL, 1, NULL, 0, NULL, '2026-01-29 06:58:27', '2026-02-13 09:41:15', NULL, NULL),
	(335, 'CNI0717874', '$2a$10$6xAaQ.Gg6fUMXZAjYBcEjOkBBQ7FJkjkz/NqmFXtjznXBeOuRs5C.', 'My Dashboard,Master Data', '31', NULL, 'My Dashboard,News,NewsDetail,Work Calendar', '{"News": ["R"], "NewsDetail": ["R"], "My Dashboard": ["R"], "Work Calendar": ["R"]}', 'Yoga Multi Setiawan', '85726560109', NULL, 0, '85726560109', 0, NULL, 1, NULL, 0, NULL, '2026-01-29 06:58:27', '2026-02-13 09:41:15', NULL, NULL),
	(336, 'CNI0717896', '$2a$10$6xAaQ.Gg6fUMXZAjYBcEjOkBBQ7FJkjkz/NqmFXtjznXBeOuRs5C.', 'My Dashboard,Master Data', '31', NULL, 'My Dashboard,News,NewsDetail,Work Calendar', '{"News": ["R"], "NewsDetail": ["R"], "My Dashboard": ["R"], "Work Calendar": ["R"]}', 'Yurid Muhammad Sukron', '87733093201', NULL, 0, '87733093201', 0, NULL, 1, NULL, 0, NULL, '2026-01-29 06:58:27', '2026-02-13 09:41:15', NULL, NULL),
	(337, 'CNI0717911', '$2a$10$6xAaQ.Gg6fUMXZAjYBcEjOkBBQ7FJkjkz/NqmFXtjznXBeOuRs5C.', 'My Dashboard,Master Data', '31', NULL, 'My Dashboard,News,NewsDetail,Work Calendar', '{"News": ["R"], "NewsDetail": ["R"], "My Dashboard": ["R"], "Work Calendar": ["R"]}', 'Rhamdani Januar Putra', 'Rhamdani@ciptanissin.co.id', NULL, 0, '0858 1174 7730', 0, '2026-01-30 15:13:19', 1, '2026-01-30 15:12:47', 0, NULL, '2026-01-29 06:58:27', '2026-02-13 09:41:15', NULL, NULL);

-- Dumping structure for table e-connect_db.users_role
CREATE TABLE IF NOT EXISTS `users_role` (
  `id` int NOT NULL AUTO_INCREMENT,
  `role_id` varchar(50) CHARACTER SET utf8mb4 COLLATE utf8mb4_unicode_ci NOT NULL,
  `role_name` varchar(255) COLLATE utf8mb4_unicode_ci DEFAULT NULL,
  `menu_groups` varchar(255) CHARACTER SET utf8mb4 COLLATE utf8mb4_unicode_ci DEFAULT NULL,
  `menu_access` varchar(255) CHARACTER SET utf8mb4 COLLATE utf8mb4_unicode_ci DEFAULT NULL,
  `menu_permissions` json DEFAULT NULL,
  `is_active` tinyint(1) DEFAULT '1',
  `created_at` timestamp NULL DEFAULT CURRENT_TIMESTAMP,
  `updated_at` timestamp NULL DEFAULT CURRENT_TIMESTAMP ON UPDATE CURRENT_TIMESTAMP,
  `deleted_at` timestamp NULL DEFAULT NULL,
  `is_deleted` int DEFAULT NULL,
  PRIMARY KEY (`id`) USING BTREE,
  UNIQUE KEY `username` (`role_id`) USING BTREE,
  KEY `idx_is_active` (`is_active`) USING BTREE,
  KEY `idx_username` (`role_id`) USING BTREE
) ENGINE=InnoDB DEFAULT CHARSET=utf8mb4 COLLATE=utf8mb4_unicode_ci ROW_FORMAT=DYNAMIC;

-- Dumping data for table e-connect_db.users_role: ~30 rows (approximately)
DELETE FROM `users_role`;
INSERT INTO `users_role` (`id`, `role_id`, `role_name`, `menu_groups`, `menu_access`, `menu_permissions`, `is_active`, `created_at`, `updated_at`, `deleted_at`, `is_deleted`) VALUES
	(1, '1', 'Admin', 'My Dashboard,Master Data,RFID System,Vehicle System,Authorization', 'My Dashboard,News,NewsDetail,Work Calendar,RFID Display,RFID Log,RFID Report,RFID Setup,Calendar,Dashboard,Display,Truck Report,User Management,User Roles,User Activity,Activity Log', '{"News": ["C", "R", "U", "D"], "Display": ["C", "R", "U", "D"], "Calendar": ["C", "R", "U", "D"], "RFID Log": ["C", "R", "U", "D"], "Dashboard": ["C", "R", "U", "D"], "NewsDetail": ["C", "R", "U", "D"], "RFID Setup": ["C", "R", "U", "D"], "User Roles": ["C", "R", "U", "D"], "RFID Report": ["C", "R", "U", "D"], "Activity Log": ["C", "R", "U", "D"], "My Dashboard": ["C", "R", "U", "D"], "RFID Display": ["C", "R", "U", "D"], "Truck Report": ["C", "R", "U", "D"], "User Activity": ["C", "R", "U", "D"], "Work Calendar": ["C", "R", "U", "D"], "User Management": ["C", "R", "U", "D"]}', 1, '2024-12-19 12:56:00', '2026-02-13 03:08:16', NULL, 0),
	(2, '2', 'Restricted User', 'My Dashboard,Master Data', 'My Dashboard,News,NewsDetail,Work Calendar', '{"News": ["R"], "NewsDetail": ["R"], "My Dashboard": ["R"], "Work Calendar": ["R"]}', 1, '2024-12-19 12:56:00', '2026-01-29 08:00:23', NULL, 0),
	(3, '3', 'Internal Audit Supervised', 'My Dashboard,Master Data', 'My Dashboard,News,NewsDetail,Work Calendar', '{"News": ["R"], "NewsDetail": ["R"], "My Dashboard": ["R"], "Work Calendar": ["R"]}', 1, '2024-12-19 11:20:00', '2026-01-29 08:00:24', NULL, 0),
	(4, '4', 'QC / QA Supervised', 'My Dashboard,Master Data', 'My Dashboard,News,NewsDetail,Work Calendar', '{"News": ["R"], "NewsDetail": ["R"], "My Dashboard": ["R"], "Work Calendar": ["R"]}', 1, '2024-12-19 11:22:00', '2026-01-29 08:00:25', NULL, 0),
	(5, '5', 'Warehouse and Delivery Supervised', 'My Dashboard,Vehicle System', 'My Dashboard,Calendar,Dashboard,Display,Truck Report', '{"News": ["R"], "NewsDetail": ["R"], "My Dashboard": ["R"], "Work Calendar": ["R"]}', 1, '2024-12-19 11:25:00', '2026-01-29 08:00:27', NULL, 0),
	(6, '6', 'Warehouse and Delivery Staff', 'My Dashboard,Vehicle System,Master Data', 'My Dashboard,Calendar,Dashboard,Display,Truck Report,Work Calendar', '{"Display": ["R"], "Calendar": ["R"], "Dashboard": ["R"], "My Dashboard": ["R"], "Truck Report": ["R"], "Work Calendar": ["R"]}', 1, '2024-12-19 11:26:00', '2026-01-29 07:59:20', NULL, 0),
	(7, '7', 'Maintenance Staff', 'My Dashboard,Master Data', 'My Dashboard,News,NewsDetail,Work Calendar', '{"News": ["R"], "NewsDetail": ["R"], "My Dashboard": ["R"], "Work Calendar": ["R"]}', 1, '2024-12-19 11:26:00', '2026-01-29 08:00:28', NULL, 0),
	(8, '8', 'Maintenance Supervised', 'My Dashboard,Master Data', 'My Dashboard,News,NewsDetail,Work Calendar', '{"News": ["R"], "NewsDetail": ["R"], "My Dashboard": ["R"], "Work Calendar": ["R"]}', 1, '2024-12-19 11:27:00', '2026-01-29 08:00:29', NULL, 0),
	(9, '9', 'Engineering Staff', 'My Dashboard,Master Data', 'My Dashboard,News,NewsDetail,Work Calendar', '{"News": ["R"], "NewsDetail": ["R"], "My Dashboard": ["R"], "Work Calendar": ["R"]}', 1, '2024-12-20 04:48:00', '2026-01-29 08:00:30', NULL, 0),
	(10, '10', 'Engineering Supervised', 'My Dashboard,Master Data', 'My Dashboard,News,NewsDetail,Work Calendar', '{"News": ["R"], "NewsDetail": ["R"], "My Dashboard": ["R"], "Work Calendar": ["R"]}', 1, '2024-12-20 04:48:00', '2026-01-29 08:00:30', NULL, 0),
	(11, '11', 'GA Supervised', 'My Dashboard,Master Data', 'My Dashboard,News,NewsDetail,Work Calendar', '{"News": ["R"], "NewsDetail": ["R"], "My Dashboard": ["R"], "Work Calendar": ["R"]}', 1, '2024-12-20 10:10:00', '2026-01-29 08:00:32', NULL, 0),
	(12, '12', 'HR', 'My Dashboard,Master Data', 'My Dashboard,News,CreateNews,NewsDetail,Departements,Employees,Uploads,Work Calendar', '{"News": ["R"], "Uploads": ["R"], "Employees": ["R"], "CreateNews": ["R"], "NewsDetail": ["R"], "Departements": ["R"], "My Dashboard": ["R"], "Work Calendar": ["R"]}', 1, '2024-12-20 10:12:00', '2026-01-29 07:59:20', NULL, 0),
	(13, '13', 'GA Staff', 'My Dashboard,Master Data', 'My Dashboard,News,NewsDetail,Work Calendar', '{"News": ["R"], "NewsDetail": ["R"], "My Dashboard": ["R"], "Work Calendar": ["R"]}', 1, '2024-12-21 02:45:00', '2026-01-29 08:00:35', NULL, 0),
	(14, '14', 'QC / QA Staff', 'My Dashboard,Master Data', 'My Dashboard,News,NewsDetail,Work Calendar', '{"News": ["R"], "NewsDetail": ["R"], "My Dashboard": ["R"], "Work Calendar": ["R"]}', 1, '2024-12-23 02:34:00', '2026-01-29 08:00:35', NULL, 0),
	(15, '15', 'Finance & Accounting Supervised', 'My Dashboard,Master Data', 'My Dashboard,News,NewsDetail,Work Calendar', '{"News": ["R"], "NewsDetail": ["R"], "My Dashboard": ["R"], "Work Calendar": ["R"]}', 1, '2024-12-23 02:40:00', '2026-01-29 08:00:37', NULL, 0),
	(16, '16', 'Internal Audit Staff', 'My Dashboard,Master Data', 'My Dashboard,News,NewsDetail,Work Calendar', '{"News": ["R"], "NewsDetail": ["R"], "My Dashboard": ["R"], "Work Calendar": ["R"]}', 1, '2024-12-23 02:52:00', '2026-01-29 08:00:37', NULL, 0),
	(17, '17', 'Production Supervised', 'My Dashboard,Master Data', 'My Dashboard,News,NewsDetail,Work Calendar', '{"News": ["R"], "NewsDetail": ["R"], "My Dashboard": ["R"], "Work Calendar": ["R"]}', 1, '2024-12-23 03:01:00', '2026-01-29 08:00:38', NULL, 0),
	(18, '18', 'Production Staff', 'My Dashboard,Master Data', 'My Dashboard,News,NewsDetail,Work Calendar', '{"News": ["R"], "NewsDetail": ["R"], "My Dashboard": ["R"], "Work Calendar": ["R"]}', 1, '2024-12-23 03:02:00', '2026-01-29 08:00:39', NULL, 0),
	(19, '19', 'Workshop Supervised', 'My Dashboard,Master Data', 'My Dashboard,News,NewsDetail,Work Calendar', '{"News": ["R"], "NewsDetail": ["R"], "My Dashboard": ["R"], "Work Calendar": ["R"]}', 1, '2024-12-23 03:03:00', '2026-01-29 08:00:40', NULL, 0),
	(20, '20', 'Workshop Admin', 'My Dashboard,Master Data', 'My Dashboard,News,NewsDetail,Work Calendar', '{"News": ["R"], "NewsDetail": ["R"], "My Dashboard": ["R"], "Work Calendar": ["R"]}', 1, '2024-12-23 03:04:00', '2026-01-29 08:00:41', NULL, 0),
	(21, '21', 'PPIC Staff', 'My Dashboard,Master Data', 'My Dashboard,News,NewsDetail,Work Calendar', '{"News": ["R"], "NewsDetail": ["R"], "My Dashboard": ["R"], "Work Calendar": ["R"]}', 1, '2024-12-23 03:16:00', '2026-01-29 08:00:42', NULL, 0),
	(22, '22', 'PPIC Supervised', 'My Dashboard,Vehicle System', 'My Dashboard,Dashboard,Truck Report,Display,Calendar', '{"My Dashboard": ["R"], "Work Calendar": ["R"]}', 1, '2024-12-23 03:17:00', '2026-01-29 07:59:20', NULL, 0),
	(23, '23', 'MIS', 'My Dashboard,Master Data', 'My Dashboard,News,NewsDetail,Work Calendar', '{"News": ["R"], "NewsDetail": ["R"], "My Dashboard": ["R"], "Work Calendar": ["R"]}', 1, '2024-12-23 04:47:00', '2026-01-29 08:00:46', NULL, 0),
	(24, '24', 'Director', 'My Dashboard,Master Data', 'My Dashboard,News,NewsDetail,Work Calendar', '{"News": ["R"], "NewsDetail": ["R"], "My Dashboard": ["R"], "Work Calendar": ["R"]}', 1, '2024-12-28 07:49:00', '2026-01-29 08:00:47', NULL, 0),
	(25, '25', 'Workshop Operator', 'My Dashboard,Master Data', 'My Dashboard,News,NewsDetail,Work Calendar', '{"News": ["R"], "NewsDetail": ["R"], "My Dashboard": ["R"], "Work Calendar": ["R"]}', 1, '2025-02-10 02:54:00', '2026-01-29 08:00:47', NULL, 0),
	(26, '26', 'Sales Supervised', 'My Dashboard,Master Data', 'My Dashboard,News,NewsDetail,Work Calendar', '{"News": ["R"], "NewsDetail": ["R"], "My Dashboard": ["R"], "Work Calendar": ["R"]}', 1, '2025-02-11 09:08:00', '2026-01-29 08:00:48', NULL, 0),
	(27, '27', 'Management Representative Supervised', 'My Dashboard,Master Data', 'My Dashboard,News,NewsDetail,Work Calendar', '{"News": ["R"], "NewsDetail": ["R"], "My Dashboard": ["R"], "Work Calendar": ["R"]}', 1, '2025-03-02 10:37:00', '2026-01-29 08:00:49', NULL, 0),
	(28, '28', 'Sales Staff', 'My Dashboard,Master Data', 'My Dashboard,News,NewsDetail,Work Calendar', '{"News": ["R"], "NewsDetail": ["R"], "My Dashboard": ["R"], "Work Calendar": ["R"]}', 1, '2025-04-09 02:30:00', '2026-01-29 08:00:50', NULL, 0),
	(29, '29', 'Purchasing Supervised', 'My Dashboard,Master Data', 'My Dashboard,News,NewsDetail,Work Calendar', '{"News": ["R"], "NewsDetail": ["R"], "My Dashboard": ["R"], "Work Calendar": ["R"]}', 1, '2025-06-24 08:22:00', '2026-01-29 08:00:51', NULL, 0),
	(30, '30', 'MIS Staff', 'My Dashboard,RFID System,Vehicle System', 'Dashboard,RFID Setup,Truck Report,My Dashboard', '{"My Dashboard": ["R"], "Work Calendar": ["R"]}', 1, '2025-12-04 04:59:19', '2026-01-29 07:59:20', NULL, NULL),
	(31, '31', 'Default Role', 'My Dashboard,Master Data', 'My Dashboard,News,NewsDetail,Work Calendar', '{"News": ["R"], "NewsDetail": ["R"], "My Dashboard": ["R"], "Work Calendar": ["R"]}', 1, '2026-01-29 06:25:45', '2026-01-29 07:59:20', NULL, NULL);

-- Dumping structure for table e-connect_db.user_dashboard_preferences
CREATE TABLE IF NOT EXISTS `user_dashboard_preferences` (
  `id` int NOT NULL AUTO_INCREMENT,
  `user_id` int NOT NULL COMMENT 'Reference to users table',
  `card_id` int NOT NULL COMMENT 'Reference to dashboard_cards table',
  `is_visible` tinyint(1) NOT NULL DEFAULT '1' COMMENT 'Whether user wants to see this card',
  `display_order` int NOT NULL DEFAULT '0' COMMENT 'User custom order for this card',
  `created_at` timestamp NULL DEFAULT CURRENT_TIMESTAMP,
  `updated_at` timestamp NULL DEFAULT CURRENT_TIMESTAMP ON UPDATE CURRENT_TIMESTAMP,
  `x` int DEFAULT '0',
  `y` int DEFAULT '0',
  `w` int DEFAULT '12',
  `h` int DEFAULT '4',
  PRIMARY KEY (`id`),
  UNIQUE KEY `unique_user_card` (`user_id`,`card_id`),
  KEY `idx_user_id` (`user_id`),
  KEY `idx_card_id` (`card_id`),
  CONSTRAINT `user_dashboard_preferences_ibfk_1` FOREIGN KEY (`user_id`) REFERENCES `users` (`id`) ON DELETE CASCADE,
  CONSTRAINT `user_dashboard_preferences_ibfk_2` FOREIGN KEY (`card_id`) REFERENCES `dashboard_cards` (`id`) ON DELETE CASCADE
) ENGINE=InnoDB DEFAULT CHARSET=utf8mb4 COLLATE=utf8mb4_unicode_ci;

-- Dumping data for table e-connect_db.user_dashboard_preferences: ~18 rows (approximately)
DELETE FROM `user_dashboard_preferences`;
INSERT INTO `user_dashboard_preferences` (`id`, `user_id`, `card_id`, `is_visible`, `display_order`, `created_at`, `updated_at`, `x`, `y`, `w`, `h`) VALUES
	(10, 19, 1, 1, 1, '2026-02-13 08:48:15', '2026-02-13 08:48:15', 9, 19, 3, 9),
	(11, 19, 10, 1, 1, '2026-02-13 08:48:15', '2026-02-13 08:48:15', 0, 0, 9, 6),
	(12, 19, 16, 1, 1, '2026-02-13 08:48:15', '2026-02-13 08:48:15', 0, 6, 9, 3),
	(13, 19, 2, 1, 2, '2026-02-13 08:48:15', '2026-02-13 08:48:15', 9, 10, 3, 9),
	(14, 19, 17, 1, 2, '2026-02-13 08:48:15', '2026-02-13 08:48:15', 0, 14, 4, 6),
	(15, 19, 3, 1, 3, '2026-02-13 08:48:15', '2026-02-13 08:48:15', 0, 9, 9, 5),
	(16, 19, 18, 1, 3, '2026-02-13 08:48:15', '2026-02-13 08:48:15', 4, 14, 5, 6),
	(17, 19, 11, 1, 4, '2026-02-13 08:48:15', '2026-02-13 08:48:15', 9, 0, 3, 10),
	(18, 19, 12, 1, 5, '2026-02-13 08:48:15', '2026-02-13 08:48:15', 0, 20, 9, 8),
	(28, 26, 1, 1, 1, '2026-02-13 09:47:47', '2026-02-13 09:47:47', 9, 19, 3, 9),
	(29, 26, 10, 1, 1, '2026-02-13 09:47:47', '2026-02-13 09:47:47', 0, 0, 9, 6),
	(30, 26, 16, 1, 1, '2026-02-13 09:47:47', '2026-02-13 09:47:47', 0, 6, 9, 3),
	(31, 26, 2, 1, 2, '2026-02-13 09:47:47', '2026-02-13 09:47:47', 9, 10, 3, 9),
	(32, 26, 17, 1, 2, '2026-02-13 09:47:47', '2026-02-13 09:47:47', 0, 14, 4, 6),
	(33, 26, 3, 1, 3, '2026-02-13 09:47:47', '2026-02-13 09:47:47', 0, 9, 9, 5),
	(34, 26, 18, 1, 3, '2026-02-13 09:47:47', '2026-02-13 09:47:47', 4, 14, 5, 6),
	(35, 26, 11, 1, 4, '2026-02-13 09:47:47', '2026-02-13 09:47:47', 9, 0, 3, 10),
	(36, 26, 12, 1, 5, '2026-02-13 09:47:47', '2026-02-13 09:47:47', 0, 20, 9, 8);

-- Dumping structure for table e-connect_db.user_favorite_apps
CREATE TABLE IF NOT EXISTS `user_favorite_apps` (
  `id` int NOT NULL AUTO_INCREMENT,
  `user_id` int NOT NULL,
  `portal_app_id` int NOT NULL,
  `created_at` timestamp NULL DEFAULT CURRENT_TIMESTAMP,
  PRIMARY KEY (`id`),
  UNIQUE KEY `unique_user_app` (`user_id`,`portal_app_id`),
  KEY `portal_app_id` (`portal_app_id`),
  KEY `idx_user_id` (`user_id`),
  CONSTRAINT `user_favorite_apps_ibfk_1` FOREIGN KEY (`user_id`) REFERENCES `users` (`id`) ON DELETE CASCADE,
  CONSTRAINT `user_favorite_apps_ibfk_2` FOREIGN KEY (`portal_app_id`) REFERENCES `portal_settings` (`id`) ON DELETE CASCADE
) ENGINE=InnoDB DEFAULT CHARSET=utf8mb4 COLLATE=utf8mb4_unicode_ci;

-- Dumping data for table e-connect_db.user_favorite_apps: ~3 rows (approximately)
DELETE FROM `user_favorite_apps`;
INSERT INTO `user_favorite_apps` (`id`, `user_id`, `portal_app_id`, `created_at`) VALUES
	(7, 26, 1, '2026-02-06 08:17:46'),
	(8, 19, 1, '2026-02-06 10:21:21'),
	(9, 19, 16, '2026-02-06 10:21:23');

-- Dumping structure for table e-connect_db.user_item_views
CREATE TABLE IF NOT EXISTS `user_item_views` (
  `id` int NOT NULL AUTO_INCREMENT,
  `user_id` int NOT NULL,
  `item_type` varchar(50) COLLATE utf8mb4_unicode_ci NOT NULL,
  `item_id` varchar(100) COLLATE utf8mb4_unicode_ci NOT NULL,
  `viewed_at` timestamp NULL DEFAULT CURRENT_TIMESTAMP,
  PRIMARY KEY (`id`),
  UNIQUE KEY `unq_user_item` (`user_id`,`item_type`,`item_id`)
) ENGINE=InnoDB DEFAULT CHARSET=utf8mb4 COLLATE=utf8mb4_unicode_ci;

-- Dumping data for table e-connect_db.user_item_views: ~52 rows (approximately)
DELETE FROM `user_item_views`;
INSERT INTO `user_item_views` (`id`, `user_id`, `item_type`, `item_id`, `viewed_at`) VALUES
	(1, 19, 'calendar_event', 'national-0', '2026-01-28 05:50:38'),
	(2, 19, 'calendar_event', 'national-1', '2026-01-28 05:50:39'),
	(7, 33, 'calendar_event', '21', '2026-01-28 06:10:39'),
	(8, 19, 'calendar_event', '21', '2026-01-28 06:10:50'),
	(9, 33, 'calendar_event', '22', '2026-01-28 06:38:52'),
	(10, 32, 'calendar_event', '21', '2026-01-28 06:50:34'),
	(11, 19, 'calendar_event', '22', '2026-01-28 06:51:12'),
	(12, 19, 'calendar_event', '23', '2026-01-28 07:07:11'),
	(13, 33, 'calendar_event', '23', '2026-01-28 07:13:30'),
	(14, 32, 'calendar_event', '22', '2026-01-28 07:17:16'),
	(15, 30, 'calendar_event', '26', '2026-01-29 01:25:54'),
	(16, 32, 'calendar_event', '24', '2026-01-29 01:26:05'),
	(18, 30, 'calendar_event', '27', '2026-01-29 01:27:35'),
	(19, 30, 'calendar_event', '28', '2026-01-29 02:05:25'),
	(20, 32, 'calendar_event', '29', '2026-01-29 02:23:04'),
	(21, 32, 'calendar_event', '31', '2026-01-29 02:44:54'),
	(23, 32, 'calendar_event', '32', '2026-01-29 02:46:28'),
	(24, 29, 'calendar_event', '38', '2026-01-29 03:57:59'),
	(25, 29, 'calendar_event', '37', '2026-01-29 03:58:04'),
	(26, 29, 'calendar_event', '36', '2026-01-29 03:58:06'),
	(27, 29, 'calendar_event', '35', '2026-01-29 03:58:08'),
	(28, 29, 'calendar_event', '31', '2026-01-29 03:58:13'),
	(29, 33, 'calendar_event', '40', '2026-01-29 04:18:41'),
	(32, 32, 'calendar_event', '41', '2026-01-29 04:21:51'),
	(33, 32, 'calendar_event', '35', '2026-01-29 04:22:13'),
	(35, 32, 'calendar_event', '40', '2026-01-29 04:22:24'),
	(36, 29, 'calendar_event', '42', '2026-01-29 04:25:24'),
	(37, 29, 'calendar_event', '41', '2026-01-29 04:25:48'),
	(38, 32, 'calendar_event', '42', '2026-01-29 04:27:46'),
	(39, 19, 'calendar_event', '40', '2026-01-29 05:21:11'),
	(40, 19, 'calendar_event', '39', '2026-01-29 05:21:15'),
	(41, 19, 'calendar_event', '42', '2026-01-29 05:21:16'),
	(43, 19, 'calendar_event', '31', '2026-01-29 07:10:21'),
	(44, 337, 'calendar_event', '31', '2026-01-29 07:10:42'),
	(45, 19, 'news', '41cb47be-9950-417b-98ba-2bd644e236c0', '2026-01-30 03:56:43'),
	(77, 19, 'news', '1370104d-800e-497e-a6c0-505ec4573266', '2026-01-30 04:36:56'),
	(107, 337, 'news', '1370104d-800e-497e-a6c0-505ec4573266', '2026-01-30 05:18:16'),
	(108, 19, 'news', '15ddb71e-7ce8-4186-8a57-81e95c8485f5', '2026-01-30 05:18:55'),
	(122, 337, 'news', '15ddb71e-7ce8-4186-8a57-81e95c8485f5', '2026-01-30 05:44:52'),
	(123, 32, 'news', '15ddb71e-7ce8-4186-8a57-81e95c8485f5', '2026-01-30 05:45:49'),
	(132, 32, 'news', '8fcabf9c-6d21-4ca4-8166-68cea2cd4a76', '2026-01-30 06:20:11'),
	(136, 337, 'news', '8fcabf9c-6d21-4ca4-8166-68cea2cd4a76', '2026-01-30 06:20:20'),
	(157, 19, 'news', '8fcabf9c-6d21-4ca4-8166-68cea2cd4a76', '2026-01-30 06:38:23'),
	(170, 19, 'news', '6a9b7fe0-19b6-4342-bfb6-568156667ed7', '2026-01-30 07:01:04'),
	(174, 19, 'news', '381d8592-63ce-43b8-ba31-fbc966ac4301', '2026-01-30 07:16:31'),
	(178, 19, 'news', '19bbf3a0-b95b-4bf0-8b59-1ec506177f14', '2026-01-30 08:06:32'),
	(186, 33, 'news', '19bbf3a0-b95b-4bf0-8b59-1ec506177f14', '2026-01-30 08:11:39'),
	(226, 33, 'calendar_event', '31', '2026-01-30 08:35:51'),
	(271, 19, 'news', 'bd49b466-cf68-4c13-a2fe-faf128562cf0', '2026-01-30 09:23:45'),
	(273, 33, 'news', 'bd49b466-cf68-4c13-a2fe-faf128562cf0', '2026-01-30 09:32:50'),
	(295, 32, 'calendar_event', '28', '2026-01-30 10:10:34'),
	(296, 32, 'news', 'bd49b466-cf68-4c13-a2fe-faf128562cf0', '2026-01-30 10:10:37'),
	(319, 19, 'calendar_event', '43', '2026-02-06 01:50:37'),
	(326, 19, 'news', '4a60ed55-9226-4df4-981d-d5dec573665e', '2026-02-06 10:22:34'),
	(342, 26, 'calendar_event', '44', '2026-02-11 03:39:38'),
	(345, 26, 'news', '4a60ed55-9226-4df4-981d-d5dec573665e', '2026-02-11 07:27:04');

-- Dumping structure for table e-connect_db.work_calendar
CREATE TABLE IF NOT EXISTS `work_calendar` (
  `id` int NOT NULL AUTO_INCREMENT,
  `date` date NOT NULL,
  `type` varchar(100) COLLATE utf8mb4_unicode_ci NOT NULL,
  `description` text COLLATE utf8mb4_unicode_ci,
  `respons` text COLLATE utf8mb4_unicode_ci,
  `created_by` int DEFAULT NULL,
  `target_type` varchar(50) COLLATE utf8mb4_unicode_ci DEFAULT 'all',
  `target_value` varchar(255) CHARACTER SET utf8mb4 COLLATE utf8mb4_unicode_ci DEFAULT NULL,
  `auto_target_type` varchar(50) COLLATE utf8mb4_unicode_ci DEFAULT NULL,
  `auto_target_value` text COLLATE utf8mb4_unicode_ci,
  `created_at` timestamp NULL DEFAULT CURRENT_TIMESTAMP,
  `updated_at` timestamp NULL DEFAULT CURRENT_TIMESTAMP ON UPDATE CURRENT_TIMESTAMP,
  `deleted_at` timestamp NULL DEFAULT NULL,
  PRIMARY KEY (`id`),
  KEY `created_by` (`created_by`),
  CONSTRAINT `work_calendar_ibfk_1` FOREIGN KEY (`created_by`) REFERENCES `users` (`id`) ON DELETE SET NULL
) ENGINE=InnoDB DEFAULT CHARSET=utf8mb4 COLLATE=utf8mb4_unicode_ci;

-- Dumping data for table e-connect_db.work_calendar: ~20 rows (approximately)
DELETE FROM `work_calendar`;
INSERT INTO `work_calendar` (`id`, `date`, `type`, `description`, `respons`, `created_by`, `target_type`, `target_value`, `auto_target_type`, `auto_target_value`, `created_at`, `updated_at`, `deleted_at`) VALUES
	(16, '2026-01-07', 'company_anniversary', 'HUT', NULL, 19, 'all', NULL, NULL, NULL, '2026-01-07 07:26:22', '2026-01-28 05:17:50', '2026-01-28 05:17:50'),
	(17, '2026-01-08', 'replacement_workday', 'Pengganti kerja libur', NULL, 19, 'all', NULL, NULL, NULL, '2026-01-07 07:31:18', '2026-01-28 05:17:47', '2026-01-28 05:17:47'),
	(18, '2026-01-21', 'sto_audit', 'STO WAREHOUSE', 'STO WAJIB', 19, 'personal', '33,26', NULL, NULL, '2026-01-21 03:24:24', '2026-01-28 05:17:44', '2026-01-28 05:17:44'),
	(19, '2026-01-21', 'other', 'MEETING INTERNAL DENGAN VENDOR', '', 19, 'all', '', NULL, NULL, '2026-01-21 06:09:45', '2026-01-28 04:51:57', '2026-01-28 04:51:57'),
	(20, '2026-01-28', 'meeting_internal', 'Meeting dengan Customer MII', NULL, 19, 'user', '33,26', NULL, NULL, '2026-01-28 04:56:01', '2026-01-28 05:17:53', '2026-01-28 05:17:53'),
	(21, '2026-01-27', 'weekly', 'Weekly Meeting dengan pak Leo Kosasih', 'Pak Surya dan Pak Damar', 19, 'user', '15,33', NULL, NULL, '2026-01-28 06:05:33', '2026-01-28 06:52:46', NULL),
	(22, '2026-01-28', 'weeklyHK', 'Weekly Meeting dengan pak Handy Kosasih', '', 19, 'user', '15,32,33', NULL, NULL, '2026-01-28 06:37:57', '2026-01-28 06:53:10', NULL),
	(23, '2026-01-21', 'meeting_external', 'Visit ke pabrik MII', NULL, 19, 'user', '33,20', NULL, NULL, '2026-01-28 07:06:43', '2026-01-28 07:06:43', NULL),
	(24, '2026-01-28', 'book_kendaraan_kantor', 'Booking kendaraan untuk ke supplier', NULL, 32, 'personal', '32', NULL, NULL, '2026-01-28 10:29:24', '2026-01-28 10:29:24', NULL),
	(25, '2026-01-29', 'book_kendaraan_kantor', 'Booking kendaraan untuk ke Customer', NULL, 30, 'personal', '30', NULL, NULL, '2026-01-28 10:30:21', '2026-01-28 10:31:04', '2026-01-28 10:31:04'),
	(26, '2026-01-29', 'meeting_external', 'MEETING DENGAN KONSUMEN DI COFFEE SHOP', NULL, 30, 'personal', '30', NULL, NULL, '2026-01-29 01:25:43', '2026-01-29 01:25:43', NULL),
	(27, '2026-01-30', 'book_kendaraan_kantor', 'BOOKING MOBIL UNTUK JEMPUT TAMU DARI BANDARA', NULL, 30, 'personal', '30', NULL, NULL, '2026-01-29 01:27:18', '2026-01-29 01:55:21', '2026-01-29 01:55:21'),
	(28, '2026-01-30', 'book_kendaraan_kantor', 'BOOKING KENDARAAN UNTUK JEMPUT TAMU', NULL, 30, 'personal', '30', 'department', '29,15', '2026-01-29 01:55:35', '2026-01-29 01:55:35', NULL),
	(29, '2026-01-27', 'book_kendaraan_kantor', 'BOOK', NULL, 30, 'personal', '30', 'department', '29,15', '2026-01-29 02:13:06', '2026-01-29 02:13:06', NULL),
	(30, '2026-01-28', 'book_kendaraan_kantor', 'BOOKING', NULL, 30, 'personal', '30', 'department', '29,15', '2026-01-29 02:16:05', '2026-01-29 02:16:05', NULL),
	(31, '2026-01-25', 'sto_audit', 'STO CYCLE COUNT WAREHOUSE', 'Semua wajib masuk kantor', 19, 'all', NULL, 'all', NULL, '2026-01-29 02:44:28', '2026-01-29 02:44:28', NULL),
	(32, '2026-01-26', 'meeting_internal', 'MEETING DENGAN CUSTOMER', NULL, 30, 'personal', '30', 'department', '15', '2026-01-29 02:46:06', '2026-01-29 02:46:06', NULL),
	(33, '2026-01-26', 'book_kendaraan_kantor', 'BOOKING UNTUK JEMPUT', 'JEMPUT CUSTOMER IAMI', 29, 'personal', NULL, 'department', '29,15', '2026-01-29 03:04:17', '2026-01-29 03:12:18', '2026-01-29 03:12:18'),
	(34, '2026-01-26', 'book_kendaraan_kantor', 'BOOKING MOBIL UNTUK JEMPUT', 'JEMPUT TAMU IAMI', 29, 'user', NULL, 'department', '29,15', '2026-01-29 03:13:09', '2026-01-29 03:25:08', '2026-01-29 03:25:08'),
	(35, '2026-01-26', 'book_kendaraan_kantor', 'PINJAM MOBIL', 'UNTUK JEMPUT TAMU', 29, 'user', NULL, 'department', '29,15', '2026-01-29 03:25:42', '2026-01-29 03:25:42', NULL),
	(36, '2026-01-27', 'book_kendaraan_kantor', 'book', NULL, 29, 'personal', '29', 'department', '29,15', '2026-01-29 03:37:08', '2026-01-29 03:37:08', NULL),
	(37, '2026-01-28', 'book_kendaraan_kantor', NULL, NULL, 29, 'user', '29', 'department', '29,15', '2026-01-29 03:37:40', '2026-01-29 03:37:40', NULL),
	(38, '2026-01-29', 'book_kendaraan_kantor', 'test', 'test', 29, 'department', '21', 'department', '29,15', '2026-01-29 03:55:33', '2026-01-29 04:04:51', '2026-01-29 04:04:51'),
	(39, '2026-01-29', 'book_kendaraan_kantor', 'test 2', 'mis test', 29, 'department', '17', 'department', '29,15', '2026-01-29 04:05:18', '2026-01-29 04:05:18', NULL),
	(40, '2026-01-29', 'book_kendaraan_kantor', NULL, NULL, 29, 'department', '17', 'department', '29,15', '2026-01-29 04:12:38', '2026-01-29 04:12:38', NULL),
	(41, '2026-01-30', 'book_kendaraan_kantor', 'coba', 'coba coba', 29, 'role', '10,18', 'department', '29,15', '2026-01-29 04:20:48', '2026-01-29 04:20:48', NULL),
	(42, '2026-01-31', 'replacement_workday', 'CUTI PENGGANTI HARI LIBUR JANUARI 2026', 'KHUSUS YANG NON OPERASIONAL', 32, 'all', NULL, 'all', NULL, '2026-01-29 04:23:19', '2026-01-29 04:23:19', NULL),
	(43, '2026-01-30', 'sosialisasi', 'Sosialisasi pemakaian coretax', NULL, 19, 'all', NULL, 'all', NULL, '2026-01-30 09:53:53', '2026-01-30 09:53:53', NULL),
	(44, '2026-02-07', 'book_kendaraan_kantor', 'booking mobil', NULL, 26, 'user', '26', 'department', '29,15', '2026-02-06 10:19:20', '2026-02-06 10:19:20', NULL);

-- Dumping structure for view e-connect_db.active_trucks
-- Removing temporary table and create final VIEW structure
DROP TABLE IF EXISTS `active_trucks`;
CREATE ALGORITHM=UNDEFINED SQL SECURITY DEFINER VIEW `active_trucks` AS select `t`.`id` AS `id`,`t`.`license_plate` AS `license_plate`,`t`.`driver_name` AS `driver_name`,`t`.`destination` AS `destination`,`t`.`status` AS `status`,`t`.`priority` AS `priority`,`t`.`scheduled_time` AS `scheduled_time`,`t`.`check_in_time` AS `check_in_time`,`t`.`dock_number` AS `dock_number`,`t`.`cargo_type` AS `cargo_type`,`t`.`cargo_weight` AS `cargo_weight`,(case when (`t`.`status` in ('checked_in','loading','loaded')) then timestampdiff(MINUTE,`t`.`check_in_time`,now()) when (`t`.`status` = 'checked_out') then `t`.`duration_minutes` else NULL end) AS `current_duration`,`t`.`notes` AS `notes`,`t`.`special_instructions` AS `special_instructions`,`u`.`full_name` AS `created_by_name` from (`trucks` `t` left join `users` `u` on((`t`.`created_by` = `u`.`id`))) where (`t`.`status` in ('scheduled','checked_in','loading','loaded')) order by (case `t`.`priority` when 'urgent' then 1 when 'high' then 2 when 'normal' then 3 when 'low' then 4 end),`t`.`scheduled_time`;

-- Dumping structure for view e-connect_db.dashboard_summary
-- Removing temporary table and create final VIEW structure
DROP TABLE IF EXISTS `dashboard_summary`;
CREATE ALGORITHM=UNDEFINED SQL SECURITY DEFINER VIEW `dashboard_summary` AS select count(0) AS `total_trucks`,sum((case when (`trucks`.`status` = 'scheduled') then 1 else 0 end)) AS `scheduled_count`,sum((case when (`trucks`.`status` = 'checked_in') then 1 else 0 end)) AS `checked_in_count`,sum((case when (`trucks`.`status` = 'loading') then 1 else 0 end)) AS `loading_count`,sum((case when (`trucks`.`status` = 'loaded') then 1 else 0 end)) AS `loaded_count`,sum((case when (`trucks`.`status` = 'checked_out') then 1 else 0 end)) AS `checked_out_count`,sum((case when (`trucks`.`status` = 'cancelled') then 1 else 0 end)) AS `cancelled_count`,round(avg(`trucks`.`duration_minutes`),2) AS `avg_duration_minutes`,sum((case when (cast(`trucks`.`scheduled_time` as date) = curdate()) then 1 else 0 end)) AS `today_trucks` from `trucks`;

-- Dumping structure for view e-connect_db.departments_view
-- Removing temporary table and create final VIEW structure
DROP TABLE IF EXISTS `departments_view`;
CREATE ALGORITHM=UNDEFINED SQL SECURITY DEFINER VIEW `departments_view` AS select `d`.`id` AS `department_id`,`d`.`branch_id` AS `branch_id`,`d`.`dept_name` AS `dept_name`,`d`.`dept_code` AS `dept_code`,`d`.`parent_id` AS `parent_id`,`d`.`location` AS `location`,`b`.`branch_name` AS `branch_name`,`b`.`branch_desc` AS `branch_desc`,`p`.`dept_name` AS `parent_name`,`l`.`office_name` AS `office_name`,`l`.`office_address` AS `office_address` from (((`departments` `d` left join `branches` `b` on((`d`.`branch_id` = `b`.`id`))) left join `departments` `p` on((`d`.`parent_id` = `p`.`id`))) left join `location` `l` on((`d`.`location` = `l`.`id`))) where (`d`.`deleted_at` is null);

-- Dumping structure for view e-connect_db.testing_view
-- Removing temporary table and create final VIEW structure
DROP TABLE IF EXISTS `testing_view`;
CREATE ALGORITHM=UNDEFINED SQL SECURITY DEFINER VIEW `testing_view` AS select `e`.`id` AS `id`,`e`.`user_id` AS `user_id`,`e`.`full_name` AS `full_name`,`e`.`picture` AS `picture`,`e`.`nik` AS `nik`,`e`.`barcode` AS `barcode`,`e`.`branch_id` AS `branch_id`,`e`.`department_id` AS `department_id`,`e`.`position_id` AS `position_id`,`e`.`location_id` AS `location_id`,`e`.`employee_shift_id` AS `employee_shift_id`,`e`.`title_id` AS `title_id`,`e`.`employee_status` AS `employee_status`,`e`.`contract_count` AS `contract_count`,`e`.`join_date` AS `join_date`,`e`.`effective_date` AS `effective_date`,`e`.`end_effective_date` AS `end_effective_date`,`e`.`resign_date_rehire` AS `resign_date_rehire`,`e`.`religion` AS `religion`,`e`.`gender` AS `gender`,`e`.`marital_status` AS `marital_status`,`e`.`place_of_birth` AS `place_of_birth`,`e`.`date_of_birth` AS `date_of_birth`,`e`.`address` AS `address`,`e`.`phone` AS `phone`,`e`.`office_email` AS `office_email`,`e`.`personal_email` AS `personal_email`,`e`.`npwp` AS `npwp`,`e`.`bpjs_tk` AS `bpjs_tk`,`e`.`bpjs_health` AS `bpjs_health`,`e`.`ktp_number` AS `ktp_number`,`e`.`rfid_number` AS `rfid_number`,`e`.`created_at` AS `created_at`,`e`.`updated_at` AS `updated_at`,`e`.`deleted_at` AS `deleted_at`,`e`.`is_deleted` AS `is_deleted`,`d`.`dept_name` AS `department_name`,`p`.`position_name` AS `position_name`,`t`.`title_name` AS `title_name`,`b`.`branch_name` AS `branch_name` from ((((`employees` `e` left join `departments` `d` on((`e`.`department_id` = `d`.`id`))) left join `positions` `p` on((`e`.`position_id` = `p`.`id`))) left join `titles` `t` on((`e`.`title_id` = `t`.`id`))) left join `branches` `b` on((`e`.`branch_id` = `b`.`id`))) where (`e`.`deleted_at` is null) order by `e`.`full_name`;

/*!40103 SET TIME_ZONE=IFNULL(@OLD_TIME_ZONE, 'system') */;
/*!40101 SET SQL_MODE=IFNULL(@OLD_SQL_MODE, '') */;
/*!40014 SET FOREIGN_KEY_CHECKS=IFNULL(@OLD_FOREIGN_KEY_CHECKS, 1) */;
/*!40101 SET CHARACTER_SET_CLIENT=@OLD_CHARACTER_SET_CLIENT */;
/*!40111 SET SQL_NOTES=IFNULL(@OLD_SQL_NOTES, 1) */;
